review_id,dataset,market,platform,category,group_id,rating,human_label,title,text
521446,amazon_tea,overseas,Amazon US,Tea,B007JFXWRC,5,,Wonderful fruity taste,"This fruity herbal tea, made by combining hibiscus flowers and rosehips with dried pieces of berries, has a naturally sweet, rich taste and an enticingly delicious smell. No sugar or honey is needed unless you prefer extra sweetness. Hot tea is perfect on a cold day, especially a tea like this with the smells of summer. It hadn't occurred to me to go to Lipton for herbal teas, but now that I've tried this flavor I'll be checking out the other varieties Lipton makes."
123112,amazon_tea,overseas,Amazon US,Tea,B000CQBZOW,5,,Really Great Tea,"A friend introduced me to Licorice Tea many years ago by asking for a cup at a restuarant. When the server stated that the restuarant did not have Licorice tea, she took a packette out of her handbag and asked for a cup of hot water. She had an extra packette for me to try. WOW, interesting taste, not bitter and no need for sweetner. Stash makes the most robust decafinated tea. Until a short while ago, I was able to puchase the 20 count box of Stash Premium Licorice Spice Herbal Tea at the local grocery, but Licorice Spice is no longer on the shelf. I placed my order for the Pack of 6 to save on shipping and should now have sufficient tea bags for several months. Individually, foil wrapped tea bags keeps the flavor fresh."
222442,amazon_tea,overseas,Amazon US,Tea,B004E4CCSQ,4,,"Tastes just like Crystal Light, but you get to control the strength of the flavor.","Plain water alone can be pretty boring, and if you're burned out on adding lemon or lime then an option like the Mio line of water enhancers is a solid choice for making your drink more exciting without switching to something less healthy like soda. The peach tea flavor tastes almost exactly like the ""Iced Tea with Peach"" Crystal Light variety, so if that particular sugar free drink floats your boat this one will equally tickle your fancy. What's great about Mio is that you can add as much or as little as you like to each individual glass of water, so you are in total control of the strength of the flavor. Unfortunately that can also be its main drawback, as it's easy to go through a bottle of Mio much more quickly than a package of Crystal Light or an equivalent powder-based drink. Even if it does go faster than other options, I still recommend giving it a try if you want a new sugar free drink and like a light peach taste."
222361,amazon_tea,overseas,Amazon US,Tea,B004E4CCSQ,3,,Mio Peach Tea - Nasty Aftertaste,"I love peach tea, my favorite is Snapple Peach. That is amazing stuff. I also drink Crystal Light Peach Tea, and it's okay. I like my drinks lightly flavored though, so the Crystal Light isn't good for traveling since I only use a little bit of powder and the rest is difficult to store. I saw Mio and thought it was an awesome idea. Easy to carry and I can flavor to taste. Unfortunately, for me, it taste like chemicals and has a horrible aftertaste. It's a peachy, oily, plasticky flavor. Hard to drink. As I'm typing this, my mouth feels like it's coated with chemicals. I initially gave it 2 stars, but lowered it to one. I could only make it through half a bottle of water. The idea is genius, but the peach tea misses the mark for me. I may try other flavors, but I would expect them to have a similar aftertaste. The concept is 5 star, but the peaches execution is a 1. Edit: I tried it again with more flavor and it's better. Still slightly chemical, but drinkable. Unfortunately, I like my drinks just slightly flavored and it's a little too sweet for me. Up to 3 stars."
222412,amazon_tea,overseas,Amazon US,Tea,B004E4CCSQ,2,,"Oh, me! Oh, my! MiO is not for me-oh!",Peach flavor is off: Either a squirt too little or one too much. Tea flavor is non-existent. Aftertaste is awful.
62071,amazon_tea,overseas,Amazon US,Tea,B000CQG8K8,3,,If you like cloves...,"First time I tried Stash Chai Spice Black Tea, I hated it. Something about the smell did not appeal to me. It inspired me to go to the local Indian grocer and purchase my own spices to make chai from scratch. That was very successful (with help from the Internet and advice from an Indian friend). I finally came back to try Stash's Chai again today and the first thing that hit me was the strong clove scent, which doesn't bother me as much after a few minutes. I think the chai tastes a bit better this time around than when I first tried it. Kinda grows on you, I guess. However, it's not GREAT chai by any means. It's okay for chai in a teabag. Convenient. But I'll stick to making it from scratch when I finally finish this box (waste not)."
136023,amazon_tea,overseas,Amazon US,Tea,B005SPQENY,1,,Aloe-infused drink,"I am a huge fan of healthy products for overall good nutrition. I was intrigued by the Chantea Aloe Vera Green Tea, passion fruit flavor. Made with cane sugar, water, green tea infusion, aloe vera, citric acid, and natural flavors, it doesn't have any artificial ingredients. With only 19g of sugar per serving, it is a much better choice than high sugary fruit juices or soda. On appearance, it looks peculiar with bits of aloe floating around in the bottle; however, I decided to give it a try. Surprisingly, it has a fresh taste. Unfortunately, the bits of aloe, while healthy, made me gag. Also, the particles of aloe were stuck in my teeth after swallowing the drink. I had to rinse my mouth out with water. For that, I do not recommend this drink."
441918,amazon_tea,overseas,Amazon US,Tea,B004E4HUMY,2,,Not well sealed,"By the time i opened the box containing this, the sweetener was already leaking from the seal. I believe products meant for consumption should be well packaged and made as airtight as possible. Since the Mio was already leaking out, i felt it was not safe to use it, cause who knows what had ""leaked in"". Makers of food items should take time to make sure the products are well sealed."
33977,amazon_tea,overseas,Amazon US,Tea,B00412W76S,5,,Wonderful Tea,"I use red clover tea a lot and so do my friends, it helps cure insomnia and is also known as a cleanser of the body organs. I feel rejuvenated, refreshed and cheerful after I use it, which is between once a week and once a month."
538370,amazon_tea,overseas,Amazon US,Tea,B0061IUIDY,3,,Not bad if you like a lighter Earl Grey,"This is pretty good Earl Grey that seems to not have much of a bitter after taste at all. It does lack a bit of the flavor I'm used to with other brands of Earl Grey tea however. I would say if you would like a lighter Earl Grey that tastes a bit watery, this is the tea for you."
61984,amazon_tea,overseas,Amazon US,Tea,B000CQG8K8,5,,Great Staple,"This is one of the teas that I drink on a daily basis. It has a good flavor, but is basic enough that its part of my daily routine. Love it!"
230114,amazon_tea,overseas,Amazon US,Tea,B000WB1YSE,3,,Taste great but be careful of expiration dates,I bought this and it taste good it's green tea it's obviously not sugar so for it being tea it's not half bad. My only complaint was that it's 100 packages and when I got mine delivered it literally expired in less than a month do they really expect me to drink 3 tea bags a day. So if you do buy this only buy one at a time don't buy more than one box at a time.
441911,amazon_tea,overseas,Amazon US,Tea,B004E4HUMY,4,,Mio sweet tea,i love the sweet tea. i would like to know if it has caffine in it if so how much since i can't have much. thanks minnie
123085,amazon_tea,overseas,Amazon US,Tea,B000CQBZOW,5,,Tasty Tea,I bought this for my mother who tasted the tea in a restaurant. This is now her favorite tea.
145505,amazon_tea,overseas,Amazon US,Tea,B003D4F1QS,3,,Not as Peachy as the Black Tea,"If you like peach teas, this is not the one for you. The peach flavor is lost and it tastes more like an Oolong tea. I would recommend the Peach Black Tea by Stash instead."
34040,amazon_tea,overseas,Amazon US,Tea,B00412W76S,4,,Red Clover Tea,"I purchased this tea because it is recommended for helping women's PMS symptoms and menopause symptoms. I've only had one cup of it, so I can't say if it has helped my symptoms or not. I have purchased other teas of this brand. I would recommend their teas. I wasn't crazy about the taste of the red clover, but that is just my personal opinion. It's a little bitter but bearable. Add some sugar and you're good to go."
229998,amazon_tea,overseas,Amazon US,Tea,B000WB1YSE,5,,Taste good.,I thought the pricing was great because your getting 100 tea bags for about $11 which is pretty damn good. At first I couldn't really taste the flavor but for some reason I started to taste it after 3 cups.
43910,amazon_tea,overseas,Amazon US,Tea,B001EQ5JLE,4,,Only 1 thing wrong,"First off, this is a remarkable tea. Very strong and worth the price. The only thing wrong with it is the wrapping. The cabinet I have the boxes of tea in are completely dirty now with tea grains. Somehow, bits and pieces fall through the box and the plastic wrapping. That's my only complaint."
222428,amazon_tea,overseas,Amazon US,Tea,B004E4CCSQ,4,,"Great Taste, but Artificial Sweeteners","I was leery of the concept of Mio, but decided to try them anyways. Have tried quite a few different flavors, and the peach tea is by far my favorite. It reminds me of the crystal light or lipton artificial peach tea. It may be slightly artificial tasting, but I have grown to like that specific flavor, and enjoy the Mio one as well. A couple of issues that I have with Mio. The first being it usually artificial sweetener, this allows the calories to be nothing, but ultimately could have other issues. The second is that this seems to trigger heartburn for me after drinking it, not so pleasant. The last is that if I get a glass with ice in it, if I put the Mio in first it gets trapped, if I put it in last I need to stir my drink, dirtying a spoon, and maybe spilling it all over the place. Not a huge issue, but can be annoying. Crystal Light, etc you make it once and then don't deal with it anymore."
145463,amazon_tea,overseas,Amazon US,Tea,B003D4F1QS,2,,Disappointed with STASH PREMIUM TEA,"STASH PREMIUM TEA has little to no taste, depending on the flavor used. The Lemon Ginger has the most flavor of all the flavors I've tried. If you don't mind a Lemon Ginger tea with a flowery taste you might want to try it. I purchased a 100 - count box. I will never buy it again."
521350,amazon_tea,overseas,Amazon US,Tea,B007JFXWRC,4,,"Good flavor, if potentially on the strong side","I admit to being a bit of a tea snob, but I'm willing to try new ones. This was a new one on me. I like Lipton's vanilla caramel tea, so I thought I might not mind this one. I was right. The vanilla flavor manages to come through even with the berry flavors being so present. I would not call this refreshing but rather bold. I tried it about an hour before bed and it did not keep me up at all, so it is caffeine free as advertised. I also like the pyramid bag as I feel it brews a lot faster. I admit to liking my tea strong, but I still had to pull this one out pretty quick because the flavors are so big. At any rate, it's pretty good if you like berry flavors with your herbal tea. The vanilla flavor balances the drink a bit but I find I have to be in the mood to drink this. I wouldn't say it is great as I'm still partial to other flavors and brands, but I was not disappointed by Lipton's Blackberry Vanilla tea."
521349,amazon_tea,overseas,Amazon US,Tea,B007JFXWRC,4,,"Strong Blackberry Flavor, More Subtle Vanilla","Upon first sip, the blackberry flavor is predominant. The vanilla notes are more subtle, and occur to me after I've tasted the strong blackberry. I don't mind the two-stage flavor effect, but if I could change anything about this tea, I'd want the vanilla flavor to be a little stronger."
521498,amazon_tea,overseas,Amazon US,Tea,B007JFXWRC,5,,Mellow and tasty,"Never thought I would taste-test a Lipton tea, but I am glad I did because their Blackberry Vanilla is delicious! With real pieces of blackberry, current, blueberry, raspberry and hibiscus in the bag it is just delightful and such a nice surprise. I'm assuming their ""natural flavor"" listed in the ingredients is vanilla because I do smell and taste it. Otherwise, everything is straight up, no chemicals, no artificial flavors, and a cool pyramid shaped teabag. Enjoy!"
33941,amazon_tea,overseas,Amazon US,Tea,B00412W76S,2,,Personal preference,I had hoped this tea would taste better but it just tastes to me like I steeped weeds from the backyard.
230047,amazon_tea,overseas,Amazon US,Tea,B000WB1YSE,1,,not that good,The quality and taste not as good as Chinese green tea. Price is ripped off
222284,amazon_tea,overseas,Amazon US,Tea,B004E4CCSQ,5,,Great for what it is,"I live in the heart of the peach district, in the second largest peach=producing state, most years. We make peach tea with real, fresh, tree-ripened peaches. This is not that. It is a tasty beverage--very useful when you are traveling to doctor water that is not the best-tasting, or just to make a refreshing diet beverage on the go--you can slip this in your purse or shirt pocket (well, my dad does, anyway), and you're good to go. The best thing, for me, is that I can easily control the strength of the drink--I usually dilute Crystal light to half strength because it's just too sweet for me--here I can add one drop instead of two and get just the right strength to flavor a bottle of water or large glass of water."
230016,amazon_tea,overseas,Amazon US,Tea,B000WB1YSE,2,,Too green,"I personally prefer gunpowder green tea over the green powder tea such as this. It's not just the color, but the taste is a little too 'leafy' for me. Gunpowder green tea has a much more mild flavor and isn't nearly as prone to taste bitter, even when steeping for more than 2 minutes. If you prefer green tea (literally-speaking) and don't mind a somewhat bitter 'spinach-y' taste, then try this."
229982,amazon_tea,overseas,Amazon US,Tea,B000WB1YSE,5,,great tea,I have had bought the tea in Alaska and thoroughly enjoyed it. I had not been able to find the tea where I am now and was pleased to find it online from Amazon.
33947,amazon_tea,overseas,Amazon US,Tea,B00412W76S,1,,Nasty stuff,"This stuff taste the worse, no sweetner helps and it stinks up the place...Stay away from this stuff, what a waste of money."
33916,amazon_tea,overseas,Amazon US,Tea,B00412W76S,5,,Great tea for pregnancy,I have used this tea for 2 of my 3 pregnancies. It's a little hard to 1st get used to the taste but now I love it. It helps strengthen the uterus. I started drinking it in my 3rd trimester and drank it for a few weeks postpartum as well.
135951,amazon_tea,overseas,Amazon US,Tea,B005SPQENY,2,,"Tasted the passion fruit, had the pulps, and had the refreshing effetc, but..","The taste does have a hint of passion fruit, but more sweet than fruit. If you like a `fruity' tea without the heavy doses of fruit flavor then this could work for you; unless you do not like pulps. You cant avoid the pulp texture in every gulp and what is a little interesting is the suspension of these pulps even when the bottle is rested for a while: real fruit related drinks you will find the heavier pulps separate and sits in the lower half of the container. For the conscious eater, I am unlikely to purchase this item as part of my healthier eating plan, but rated on the ability of the drink to provide a `refreshing' sensation, then it does the trick."
43864,amazon_tea,overseas,Amazon US,Tea,B001EQ5JLE,4,,Good Quality Tea,This is really smooth tea. I had been buying Trader Joe's brand Irish Tea but this tea is much smother and less expensive.
33944,amazon_tea,overseas,Amazon US,Tea,B00412W76S,5,,Nettle Leaf Tea,"If I can't find this at my local market or in a near by store, I order it from Amazon. I drink this tea after a night of drinking alcohol in order to help cleanse my liver."
136003,amazon_tea,overseas,Amazon US,Tea,B005SPQENY,2,,Chantea Aloe Vera Green Tea,"While it didn't taste too bad, it was really hard to get past trying to drink the chunks. My daughter usually loves green tea, but she couldn't drink it either because the chunks just grossed her out too much. Sorry...."
538433,amazon_tea,overseas,Amazon US,Tea,B0061IUIDY,5,,A Great Breakfast Tea,"I just recently started drinking tea as a substitute for coffee in the morning and soda in the afternoon. I have fallen in love with Red Rose tea for the afternoon but I find it is a bit light for mornings. I have tried a couple of the breakfast teas in the grocery store with mixed result. When I saw this tea up for review on the Amazon Vine, I figured what the heck, let's try it. The first thing I noticed is that each tea bag is wrapped in foil packets. They were also easy to tear open without tearing up the tea bag. I noticed that there was a nice smell to the tea. I brewed up a quick iced tea, one cup of hot water and two tea bags. Then I pour that over ice and add a little sugar. I noticed that the flavor is a little stronger than Red Rose tea, which is what I'm looking for in a breakfast tea. But in the end, it is still a mild flavor without the bitter taste I tend to find with other breakfast teas. This is a great, mild breakfast tea for those that like tea without the strong bitter taste. Shawn Kovacich Author and Creator of numerous books and DVD's."
458496,amazon_tea,overseas,Amazon US,Tea,B000FFIL92,4,,Smaller than it appears in the picture but beautiful!,"I purchased this product for a friend's birthday. I thought this teapot would be one that she could use to entertain and would hold several cups of tea. However, the teapot is considerably smaller than it appears in the picture. Regardless of size, the teapot and the flowering tea are beautiful and my friend loved it!"
222520,amazon_tea,overseas,Amazon US,Tea,B004E4CCSQ,3,,"Great Concept, Handy and Portable but Very Sweet","To be frank, I love the concept of the MIO Liquid flavors (I tried the Peach Tea), and really wanted to be able to give it 5 stars and recommend it to everyone, but it fell a bit short of that wish. The bottles are small and will fit in your purse or coat pocket really nicely (love this). For me, a very small amount was more than enough for a strong glass of Peach Tea... the problem came when I drank the Peach Tea. At first I loved the taste, but then the artificial sweet flavor took over and I ended up pouring it out. Wanting to give the MIO Peach Tea Flavoring another chance, I even tried adding it to Club Soda as I love flavored seltzer waters. I had the same problem - the sweet is still too artificial and really takes over. I think MIO is on the right track, but maybe instead of being 0 calories and using artificial sweeteners they could use REAL sugar and have a concentrated flavor without the sickeningly sweet fake/chemically taste. In short: - Handy, compact size - You choose how much to use, so you can vary the strength of your drink - A little goes a long way - Good alternative to plain drinks for some dietary concerns - Initial taste is great, but then the artificial sweetness takes over"
222269,amazon_tea,overseas,Amazon US,Tea,B004E4CCSQ,4,,We Like It - Recommended,"MIO ""Peach Tea"" has good sweetness and good flavor, being one of the better tasting ones of this brand. MIO is intended to be added to water and can be mixed ""to taste"", I like four short squirts into a 12oz water bottle. The snap lock lid is secure enough to carry the container in a shirt pocket and does not need to be refrigerated after opening. Recommended! CFH"
521471,amazon_tea,overseas,Amazon US,Tea,B007JFXWRC,5,,Delicious!,"This tea is sweet enough to not need sugar, but not so sweet as to be overpowering. The vanilla and blackberry flavors blend well and taste delicious hot or cold. The pyramid tea bags are delightful. I would definitely try other blends by Lipton."
145836,amazon_tea,overseas,Amazon US,Tea,B003D4F1QS,2,,Not for fans of English Breakfast Tea,"This product seemed like an excellent value for decaf English Breakfast tea. Unfortunately it bears no relationship to any English Breakfast tea I have had in the past 40 years. I will be returning to paying much more for Twinings. This Stash product is considerably more like standard black tea than like English Breakfast tea, and if you want decaf black tea that is stronger than Lipton decaf, this is a good choice. But if you were looking for a smooth, premium-quality English Breakfast tea, this is not it."
123190,amazon_tea,overseas,Amazon US,Tea,B000CQBZOW,5,,maintained the highest expectations,I knew what I was ordering and I knew what I recieved. It's the best at a fraction of the cost
222328,amazon_tea,overseas,Amazon US,Tea,B004E4CCSQ,4,,"I prefer other flavors, but great idea","Mio Peach Teach Water Flavoring comes in a handy small package that lets you instantly add sugar-free, calorie-free flavor to any water. You can use it at work, at the gym, on the road, you name it. The small plastic container - about the size of a deck of cards - has a snap-tight lid and holds 24 servings of flavoring. To add flavor to water you simply open up the lid, squirt in the flavoring, and stir or shake the water. The liquid quickly dissolves /spreads throughout the water and gives it a flavor. The peach tea flavor is a bit odd to me. I really liked the mango peach flavor, but here it tastes more artificial. It tastes almost cloyingly sweet, even at a light level. However, I'm sure some people like that kind of flavor. Also, since you are the one mixing it up, you can make the flavor as strong or light as you wish. This is one of the unit's weaknesses, though. You have in essence a squeeze-toy and are squeezing it manually with your hand to get liquid to come out. This is far from an exact science. There's no fine line between a teaspoon and a tablespoon. You need to squirt less and then add a little more if you need to. There's no way, of course, to unsquirt the flavoring once it's in the water. The most you could do is add more water. Still, I have to say I think this is fairly brilliant. In the past there were powder options to carry with you that were messy and hard to use. You'd spill the powder. You'd have trouble getting the powder to really mix into the liquid. With this liquid flavoring option, it's so much simpler. The unit squirts without dripping. The liquid blends into the water pretty much instantly. It carries easily in your purse and with its 24-serving ability it means if a friend or two want some as well you can share. For nutrition, there's no calories, no fat, no sodium, no carbs, no protein, no nothing. It adds flavor to your water and nothing else. This is a great way to get you to drink more water, which is important for your health! The sweeteners used here are sucralose and acesulfame potassium. The amounts are so tiny (under 2%) that I really wouldn't worry about that and, again, if you're currently not drinking enough water and this will help you do that, then I'm all in favor of that. Well recommended!"
123152,amazon_tea,overseas,Amazon US,Tea,B000CQBZOW,2,,Disappointed,I thought for sure I was going to love this tea. I love licorice and I like my teas sweet. I was so disappointed in the flavor of this product! It has very little licorice taste and an almost sickening after taste and smell. I added sugar to it as I did not find it very sweet. I ordered the 6 box pack of this so I guess I have 5 boxes of it to give away
62028,amazon_tea,overseas,Amazon US,Tea,B000CQG8K8,3,,"still practicing, can not return.","the smell of spices from this tea is awesome, but the tea itself is weak, if you try to let it soak in the cup for extra seconds it will leave bitter taste,I tried to add a packet of lipton tea but the taste still bitter, so I'm still practicing with it, it also didn't work with half&half, not much with coffee mate. nothing like the original or made from scratch. MY RECOMMENDATIONS: since it is huge quantity that you can't return, try one package from the store first and see if it works for you."
136070,amazon_tea,overseas,Amazon US,Tea,B005SPQENY,5,,Great flavor with a little texture!,"This Tea was great, it wasn't too sweet and it tasted natural and fresh. It also has little bits and pieces of either passion fruit or Aloe Vera that make it fun to drink as the tasty bits are a burst of flavor. I shared a little with my family and all 3 of us where fighting for this one!! Great Tea!!!! Buy it you won't be disappointed."
458755,amazon_tea,overseas,Amazon US,Tea,B000FFIL92,4,,Good little set,"Got this for my wife for X-Mas, she loves it. She started making tea as soon as all the presents were done and she used up all the pods pretty fast. She hasn't ordered anymore yet but she says she is going to. The case it comes in is pretty sturdy as well. We use it for other things to store in. The glass pitcher sits on our kitchen counter and we use it for various things as well. I highly recommend."
458653,amazon_tea,overseas,Amazon US,Tea,B000FFIL92,2,,Disappointed!,"The presentation was good, but I gave this as gifts last year and my sister who got one of the boxes said the tea is beautiful but tastes ""weedy"" rather than like real tea. I tried some and agree. Not sure if it was just a bad batch, or if we have discriminatory tastes. I usually drink Stash teas and my sister drinks Bigelow & CS teas."
458697,amazon_tea,overseas,Amazon US,Tea,B000FFIL92,3,,Good tea; poor tea pot,"I gave this as a gift to my mother; when she poured hot water into the little glass pot that comes with the set it cracked from the temperature shock. The water wasn't even boiling. We used a clear Pyrex measuring cup; not as aesthetic, but it can take the heat. The tea tastes very good, so it still has that going for it. The flavors are not the usual ones you see in the grocery store, but they have some very interesting and subtle things going on in them. It might be best to buy just the tea on it's own, and find some other clear pot."
441938,amazon_tea,overseas,Amazon US,Tea,B004E4HUMY,5,,MUCH Better Than Anticipated,"I didn't review this for quite some time, quite honestly because I thought I wouldn't like it. I was so wrong! I'm not a huge fan of additives to water that make them super sweet. This is my gripe with Crystal Light and the ilk (you are probably familiar with the little tube-shaped sleeves of powder?) and I only use half a packet when I do use them. With this I can put in as much or as little as I like without having a partially used packet of powder to deal with. The taste is natural and not overly sweet. I'm definitely going to check out some of the other flavors!"
37191,amazon_tea,overseas,Amazon US,Tea,B003CK2BQG,5,,The best,"Great taste,nice smell,great value. If you mix it with fresh ment you will get fantastic experience. I will buy it again."
43782,amazon_tea,overseas,Amazon US,Tea,B001EQ5JLE,5,,"Strong flavourful, but not with a bitter aftertaste","OK, I admit I'm a bit particular about my tea (""Friends don't let friends drink Salada"") and this tea hits the spot. What makes it stand out from other good teas with good flavour is its rounded after taste -never bitter. Definitely recommended. The 2x 240 count boxes really makes it an excellent deal."
181936,amazon_tea,overseas,Amazon US,Tea,B0009F3POY,3,,"SO far, not working for me","Hey guys! So I finally tried this tea after reading these positive reviews, I was so excited and knew that finally something would work for me and my little one. My son has a milk protein allergy, so there is no decent formula out there that is safe for him and plus I wanted to nurse him, obvious reasons, breast milk is the best nutrition compared to any formulas out there. So, ever since I went back to work FULL time after 3 months off for maternity leave, my milk dropped significantly. It is sooooo frustrating. I finished all my frozen stash and it is the worst feeling ever. So then I started supplementing with some prescription Formula, which taste like crap. Anyhow, so finally I got this tea in mail, and it is day 3 already, made no difference to my milk production. I am so UNHAPPY! Seriously, Like how long do I have to wait for it to work, I am drinking 4-5 tea cups a day. Are there any other alternatives ladies?"
521483,amazon_tea,overseas,Amazon US,Tea,B007JFXWRC,3,,Falls Short of Wonderful,"First the good points: Nice idea - berry and vanilla are nice flavors. Pyramid silk tea bags are very impressive and cool. Box is easy to open. The negatives: Doesn't taste much like berry or vanilla, but more like artificial flavors. List of ingredients is a bit frigtening. Also, for anyone concerned enough about pesticides in food to buy organics or buy from a known local souce: You have no idea where this tea is grown and what chemicals it may contain. Something to think about."
33912,amazon_tea,overseas,Amazon US,Tea,B00412W76S,5,,tea,Worked great. A Good must have for breastfeeding mothers. Helped in restoring my breastmilk supply and only took two to three days. Will buy again!
181814,amazon_tea,overseas,Amazon US,Tea,B0009F3POY,3,,"Sometimes it worked, sometimes it didn't.","I think that the only reason why this works for some people is because they are adding more liquid to their diet when they add this tea. I was already a seriously lengthy water drinker and this made no difference to my milk production. I am convinced that my epidural screwed my chances of breastfeeding easily. I used pumps, which obviously work better than baby... but, even then my milk wasn't what it should have been. My mother, grandmother, and aunts were all pretty surprised at the lack of milk I was producing, considering my healthy organic lifestyle and my large water and liquid intake. Oh well. I tried this stuff for 3 months to no avail."
43797,amazon_tea,overseas,Amazon US,Tea,B001EQ5JLE,5,,My favorite tea,"I discovered PG Tips by accident (via an Amazon promotion) and after trying it, it became my favorite black tea. It's a bit strong, so it goes really well with milk."
145614,amazon_tea,overseas,Amazon US,Tea,B003D4F1QS,4,,Really great tea!,"I recently quit caffiene, and for over a year have quit sugar and all grains from my diet. This tea is my go to tea when I want something dessertish. A hot cup of this tea at night while watching TV is all I need to make me feel like I am having something to soothe me. I would give it 5 stars if it were organic. I try not to eat things with pesticides and fake flavors, but this tea is truly the most comforting delicious tea. I guess we can't be perfect 100% of the time. The fact that its decaf is awesome. Quitting caffiene has really helped with my ovarian cysts. They are much milder now than they have been in years. I even send in a zip lock bag to one of my son's teachers when I get it on auto delivery. This tea really takes me to my happy place at a great price."
222462,amazon_tea,overseas,Amazon US,Tea,B004E4CCSQ,2,,Bad aftertaste and just tastes like chemical water.,"Well the product comes with no instruction on how much to add to your water. It just says ""flip it, tip it sip it"" Huh? So ok I do that thinking it is drop by drop to add to water bottle. WRONG it came out in a stream and sprayed all over my favorite top. The shadow of the stain did not come out. So hold it directly over the bottle. As for the taste, it ruined a perfectly good bottle of water. It tastes like medicine or chemicals. I love a good glass of peach tea but this is not it. Well if you look at the ingredients there is no mention of tea or peaches, just ""less than 2% of natural flavors. Sorry but this doesn't do it for me."
458702,amazon_tea,overseas,Amazon US,Tea,B000FFIL92,5,,Lovely Gift Idea,"This is a very unique (and inexpensive thru Amazon) item. I bought it for a Christmas gift so I can't comment on the tea flavors, but the teapot and teas look vety nice in the box. It was well packaged and will make it easy for me to resend using the same box and cushioning. I am very pleased with this item."
37245,amazon_tea,overseas,Amazon US,Tea,B003CK2BQG,5,,My favorite iced tea!,"I've never had an iced tea that I like better, and I LOVE iced tea. I make it in an iced tea maker using a little less ice/water than the markings on the carafe, and I use 6 tea bags which produces just slightly less than 2 quarts. When it is done brewing, pour it over ice and be sure to squeeze in a little lemon which rounds out the flavors - it makes it the perfect beverage. The fact that it is healthy is just a bonus!! (If you don't have an iced tea maker, it's a really worthwhile, inexpensive investment if you drink a lot of tea)"
43821,amazon_tea,overseas,Amazon US,Tea,B001EQ5JLE,3,,All good but the packaging,"Like the tea, its pretty strong is quite good. But the issue i have with is the packaging, the 2 packs i received both had tea spilled outside the boxes."
181851,amazon_tea,overseas,Amazon US,Tea,B0009F3POY,4,,Yeahy More Milk!,A friend of mine recommended this item my first month and thank goodness for getting good recommendations. First it works within a hour or so you got more milk production. I normally drink a cup towards the evening hours when I fall short. Also helps when you go through a milk clog and the production slows down it helps a lot to get you back to where you need to be for your baby. The milk tea as my husband describes it smells like liqurious candy and it kind a does. As a devoted tea drinker it was also nice to have something to drink besides camomile tea. So the Subscription deal comes pretty handy.
222311,amazon_tea,overseas,Amazon US,Tea,B004E4CCSQ,2,,Too sweet and unrefreshing,"My first impression is that this product is just another way to sell artificial sweetener. I tried 2 flavors and the overwhelming characteristic is sweetness. Some may like this, but I do not. The main drawback, though, is the flavoring is not very complex. What I mean is that there is a narrow range of flavor receptors working on your tongue when you drink it. Cast in this mixture of sweetness is a single flavor, it seems. It is not complex; you clearly taste just 2 things: sweetness and a specific flavor. If you enjoy drinking something that is refreshing and/or interesting, this isn't it. For example, if you add a freshly squeezed lemon and some sugar to your water, your whole mouth seems to pick up a range of flavors and sensations that leaves a slight, but satisfying aftertaste. The MiO, on the other hand, hits your tongue with a strong blast of sweetness and flavor, disappears, then leaves an aftertaste lingering on the back of your tongue of that vague, yet strangely familiar taste all artificial sweeteners seem to have. There are better ways to flavor water, I'm afraid, than this."
145794,amazon_tea,overseas,Amazon US,Tea,B003D4F1QS,2,,Tea advertised it had caffeine,"I purchased this tea on the recommendation from a friend, and because I wanted a flavorful pick me up in the afternoon - I ordred the 100 bags and when it came in - it said caffiene free - and it says it is a product you cannot return - so something to keep in mind if you are looking for a pick me up"
62134,amazon_tea,overseas,Amazon US,Tea,B000CQG8K8,5,,YUMMMMMMMMM!!!!,"I am completely addicted to my Chai- and I've gotten 2 friends at work hooked, as well. We split the box I bought here, and it was less expensive ($2.21/box of 20) than when we get it by the single box in the grocery store ($2.59/box). Definitely worth it, especially if you can get the free shipping! Who needs coffee??!?"
222388,amazon_tea,overseas,Amazon US,Tea,B004E4CCSQ,1,,"""Peachy, but...""","I added MIO Liquid Enhancer to a 16.9 ounce of bottled water and took a sip, my first impression. Smelled like peach. Tasted like peach. Instructions on bottle say each squeeze adds more flavor, one squeeze for each 8 ounces. So what is a squeeze? Each person's squeeze is different. I thought it might be a measured squeeze, so I squeezed it. Well I guess that was too much, it definitely was too sweet with over powering peachiness and left an unpleasant aftertaste that stayed in my mouth for a short time. I gave MIO Liquid a second try with a 16.9 ounce bottle of water and two small squeezes of MIO. I sipped it. This time there was not enough peach flavor and there still was an aftertaste that stayed in my mouth. This product leaves a lot up to a person's personal taste and squeeze. Each time I used it the results were different because each time a slightly different amount was added to the bottled water. And even then it is still not a perfect flavor or taste. Perhaps if it was premeasured, a chamber at the top that would fill when turned upside down with a measured amount would allow each drink to be more consistent. Even so, this would not improve the aftertaste, Lipton and Crystal Light taste much better. I will not be purchasing this product and can only give it one star."
458518,amazon_tea,overseas,Amazon US,Tea,B000FFIL92,5,,Perfect gift for mom!,"I purchased this as a last minute spur the moment gift for my mom and she loved it! the tea is delicious and the teapot is nice and small. the individual tea blossoms are pre packaged in a single box inside the bamboo, and the teapot is a nice small size enough for a cup or two of tea. i could use a strainer to keep the bits of the flower from floating around the tea but its not a huger deal. i highly suggest getting this tea set as a gift or just for yourself."
135976,amazon_tea,overseas,Amazon US,Tea,B005SPQENY,5,,Much Better Than I Thought It Would Be,"I usually find bottled teas to either have very little flavor or leave a bad aftertaste. The Chantea Aloe Vera Green - Passion Fruit was both delicious and left no after taste. Warning on your first drink - there is pulp of the passion fruit in the tea, and it took me by surprise in my first mouthful. I enjoyed it so much, I will be purchasing more."
33940,amazon_tea,overseas,Amazon US,Tea,B00412W76S,4,,loyal customer,It is good and soothing to drink. I have not tried it too many times yet. I am sharing with my sister.
70136,amazon_tea,overseas,Amazon US,Tea,B007I7Z3Z0,1,,Total Horse Piss!,"Ok, so I don't normally use strong language but after receiving a free sample of Lipton Mango Pineapple Iced Green Tea Mix I couldn't spit far enough. Sweetened with honey? Right. Read the fine print. This is a cocktail of artificial and ""natural flavor"", stuff that should never be in a fine brew. It leaves an after taste that just won't go away and to put it nicely, well . . I can't put it nicely. Awful awful stuff! This one doesn't deserve a rating."
458736,amazon_tea,overseas,Amazon US,Tea,B000FFIL92,5,,Great,I ordered one for my daughter & one for my mother-in-law. Both of them really liked it.
62151,amazon_tea,overseas,Amazon US,Tea,B000CQG8K8,4,,Better than Twinings,"Stash has spoiled me for Twinings English Breakfast, which now seems bland by comparison. Stash E.B. has a heartier, more interesting taste."
441877,amazon_tea,overseas,Amazon US,Tea,B004E4HUMY,2,,SWEET tea,"I don't normally drink diet but I wanted a portable way to carry sweet tea. The problem with this is the water tastes sweet but I can't taste tea. I just taste like sweet water. I think I may try the fruit punch, it may be better but I won't be buying the Sweet Tea again."
538191,amazon_tea,overseas,Amazon US,Tea,B0061IUIDY,5,,Yes!,"I have tried other teas from Higgins & Burke including Green Tea , Earl Grey , and Peppermint . They were quite good with good flavor. Now I have tried the English Breakfast Tea, which, like the Earl Grey has a good amount of caffeine. The caffeine rush that I got after a few minutes of drinking this tea was impressive. I am not surprised that the English call it breakfast tea. Each tea bag comes in an individual packet, which preserves its freshness. The ingredients consist of only black tea leaves. The tea brews quickly into a nice color. The tea has a pleasant aroma. The taste is that of black tea. This tea is as good as others that I have tried. It will go well for occasions when caffeine is desired, in the morning or afternoon, for instance. I definitely recommend it."
441797,amazon_tea,overseas,Amazon US,Tea,B004E4HUMY,4,,My go-to drink flavoring,"Tasty concentrate that you can carry anywhere so you can hydrate more enjoyably on the go. No calories, plenty of taste, ultra convenient. The only downside is the cost, which is a little higher than powders, the cost of convenience. The sweet tea is my favorite. Two or three squirts in a 20 oz. water bottle."
123140,amazon_tea,overseas,Amazon US,Tea,B000CQBZOW,3,,decent tea,"I gave up drinking coffee because I always added creamer and sugar, thus I have been trying lots of different teas. This is a decent flavored tea, though not on the top of my list. Wish you could mix and match a case."
43788,amazon_tea,overseas,Amazon US,Tea,B001EQ5JLE,5,,P G TIPS TEA,"Very good tasting, one tea bag makes 2 strong or 3 medium cups of tea if infused properly."
181924,amazon_tea,overseas,Amazon US,Tea,B0009F3POY,1,,doesnt work for me,"i bought about 4 boxes of these and they didnt really work. i didnt mind the taste, so i guess i will have tea to drink later. it might work for other people."
222482,amazon_tea,overseas,Amazon US,Tea,B004E4CCSQ,3,,Didn't jump out at me,I was looking for a more portable cost effective alternative to my Sobe life waters and Vitamin water zeros. This is great cause you can carry the small bottle in your gym bag and then turn any water into your sports drink. The taste is not bad but not exciting enough to make me drop my Sobe Macintosh Apple Cherry. It is a little too artificial to me. It could be that I need to try a different flavor other than peach and I intend too. I do keep this in my gym bag though for times when I plow through my water or other drink and still want something else.
37295,amazon_tea,overseas,Amazon US,Tea,B003CK2BQG,3,,Interesting,"This is certainly an interesting tea. It does not have a light flavor, like green or white tea. Personally, I taste notes of green olives (yes, green olives) in this tea, which I don't care for. But that taste is only subtle."
136089,amazon_tea,overseas,Amazon US,Tea,B005SPQENY,5,,Refreshing and delicious,"Honestly, this product sat in my fridge for a couple of weeks before I tried it. I was afraid that the taste would be either too sweet or too bizarre and that I would get a reflux flair up. What a pleasant surprise! I love it. The tea is just sweet enough without being cloying, and there was no acidic aftertaste. I really enjoyed the aloe bits - what a cool texture surprise. I will definitely buy this product on a regular basis. I hope Amazon adds it to their subscribe and save program."
145536,amazon_tea,overseas,Amazon US,Tea,B003D4F1QS,3,,"Not full bodied as Twining Irish, Won't buy again",Stash has good green tea's but personally i wasn't impressed with Irish Black Tea. It is weak compared to other's i have tried like Yorkshire or Twinings. This one is not acidic or bad tasting as Lipton but just not full bodied or flavor.
538331,amazon_tea,overseas,Amazon US,Tea,B0061IUIDY,3,,Not bad. A touch bitter; better with sugar.,"Amazon sent me some for free to review. If you took away the bergamot (""Earl Grey flavor"") leaving only the black tea, I would say I was disappointed with the weak yet slightly bitter flavor. Combined with the bergamot, the bitter begins to make sense. With a touch of sugar the whole thing wakes up and the flavors work pretty well. I would willingly drink this tea again, but it will not be my preferred brand of Earl Grey tea. I think others have a nicer balance and less bitterness."
441884,amazon_tea,overseas,Amazon US,Tea,B004E4HUMY,1,,Blegh...,"It was rather disgusting. If I tried a single squirt or 3 big squirts, it tasted horrible. Don't buy Sweet Tea, try their Fruit Punch first."
61966,amazon_tea,overseas,Amazon US,Tea,B000CQG8K8,5,,Symphony of Flavor!,"This is some awesome tea and I fear complete addiction is coming my way. I just tried it for the first time today and am here on amazon ordering some, so I might keep plenty on hand for my Chai drinking needs. This is a very smooth tea and will never produce a bitter taste. It is like liquid pumpkin pie with real whipped cream. A major part to my mouth and serenity to my senses. I HIGHLY recommend."
145681,amazon_tea,overseas,Amazon US,Tea,B003D4F1QS,3,,Herbal tea,"This flavor was okay. I purchased some black peach tea from this company that I liked much better. I also purchased the acai herbal tea which is okay, but not as good as the peach. It is a good product. I liked that the tea bags came individually wrapped, although the bags were loose in the box."
43900,amazon_tea,overseas,Amazon US,Tea,B001EQ5JLE,5,,nothing better,"I learned to drink strong tea with milk/cream from a dear old English friend. After trying different brands, I finally asked for the brand used in the English tea room in which I was being served. Of course it was PG Tips. This tea is nonpareil. I couldn't always find PG Tips. After finding it at Amazon and having a subscription, I have a constant supply at a very good price."
37202,amazon_tea,overseas,Amazon US,Tea,B003CK2BQG,5,,Best I have found,"I have tried many types of tea - from ""the scoop your own, tea-shoppe, imports"" to the ""waiter swears this is the greatest one ever"" - and never did I expect to find my favorite, bar none, in this simple unassuming little box. I drink this every single day at work, often using 4-5 packs a day. Fair warning: this 6-pack may not be that great of a deal, depending on where you live. I can get it at the supermarket for about $2.48 a box. To have this 6-pack work out to be a better bargain than buying local it would have to be 14 bucks per, or less. BUT, that has nothing to do with the quality of this product. The tea itself is great."
441771,amazon_tea,overseas,Amazon US,Tea,B004E4HUMY,4,,Mio Tea-O,"I've been curious about these MiO Liquid ""Water Enhancers"" so I tried the Mango Peach flavor it was good so now I've tried Sweet Tea. It comes in a cool little bottle with a flip lid and non drip type nozzle. So, if you were so inclined, you could easily carry one around in your pocket. About two quick squirts into a bottle or cup of water (I prefer a bottle so I can shake it) is enough to flavor your water. And it is a decent flavor. Not too sweet but surprisingly it does taste a lot like real sweet tea. My wife tried it too and was surprised at the tea flavor. One item of note is that these are not health products. They do not have vitamins. They only flavor water. I just wanted to mention that because I was not sure myself before I tried one. So it's a cool little product and if you drink a lot of water and want some flavor in it you could do worse. And it is portable and lasts a pretty long while. I think this particular one is probably my favorite flavor."
37351,amazon_tea,overseas,Amazon US,Tea,B003CK2BQG,5,,too good to be heathy,This Green Chai Tea is very good--how can it be healthy and seem like a treat at the same time?
521477,amazon_tea,overseas,Amazon US,Tea,B007JFXWRC,3,,some like it cold,"This tea was absolutely disgusting as a hot beverage (kind of like pink cough syrup) but it is delicious as iced tea, especially with a few berries tossed in. But why the tea is packaged in hard plastic bags rather than something biodegradeable, I can't imagine."
538324,amazon_tea,overseas,Amazon US,Tea,B0061IUIDY,5,,"I Love This Tea, I Have for a Long Time","I have long loved Earl Grey Tea and I've long loved Higgins & Burke's Earl Grey, so it is with pleasure that I type these few words. If you like Earl Grey, you'll love this tea. I don't know any other way to say it."
538314,amazon_tea,overseas,Amazon US,Tea,B0061IUIDY,3,,Citrus fights the strong black tea flavor,"I usually like Earl Gray teas for my morning brew, but this one has more of that bergamot oily/orange flavor than I'm used to. It's not the bright orange rind taste of Constant Comment, more of a lemon/orange oil taste. It's not awful, but it's not the straight and strong Earl Gray I like best. I'd recommend buying this in a smaller quantity first and trying it out before you buy in bulk. I think this is a flavor you'll either love or hate."
230115,amazon_tea,overseas,Amazon US,Tea,B000WB1YSE,5,,great tea!,I am really picky with tea. I rarely drink from a tea bag..But this green tea actually make me wanting to get a box of 100 tea bags!! Amazing!
136042,amazon_tea,overseas,Amazon US,Tea,B005SPQENY,5,,Yum!,"I love green tea, hot or cold. So I thought I'd give this tea a try. It was surprising from the first sip. There are pieces of fruit and aloe vera in this drink. Yum! I really enjoyed it. Plus, it is all natural, made with green tea, sugar, and fruit. That's it. This is a really good green tea drink that I also feel good about drinking."
222485,amazon_tea,overseas,Amazon US,Tea,B004E4CCSQ,1,,I'll stick with Arizona,"I was not such a big fan of the taste of this tea, but I have to admit that the convenience provided in the concentrated little bottle is a big plus. You can take it and flavor your water wherever you go and it fits easily into a purse or pocket. I do prefer the taste of Arizona iced tea powders, though--but those require making larger batches of tea at a time. The biggest drawback of the MIO tea is the ingredient list--it's got propylene glycol (anti-freeze) and artificial colors --which I try to avoid. The ingredient list is as follows: water, malice acid, propylene glycol, citric acid, and less than 2% of natural flavor, sucralose and acesulfame potassium, potassium citrate, red 40, yellow 5, blue 1, potassium sorbate. And despite it saying ""natural flavor with other natural flavor"" on the front--you'll have to note that on the back it says 0% juice."
222344,amazon_tea,overseas,Amazon US,Tea,B004E4CCSQ,5,,"Skeptical at first, really glad I tried it","MiO uses sucralose (600 times sweeter than sugar) as the primary sweetener. I was skeptical, worried in fact that this would be way too artificial for me, but it was pleasantly surprising. And then it became obsessively addictive! The peach tea flavor is awesome. It's about 5 times better than the diet Snapple one - and the cost works out to about 75% cheaper - depending on how concentrated you like it. Before you use for the first time - be aware - there is a membrane top under the cover. Best bet - hold VERY low to your water - or it will hit the ice cubes and go all the place! Next, when you achieve the perfect level of taste for YOU - and that is the whole purpose - to customize your water perfectly - memorize the shade. That way you can easily duplicate the taste and you too, will soon become addicted. Plain ice water is absolutely great with me, but I will admit that I am drinking an additional 2-3 large (3 cup size) glasses of ice water more than I usually do. Give it a try. I plan on adding a few flavors."
70044,amazon_tea,overseas,Amazon US,Tea,B007I7Z3Z0,4,,Decent powdered ice tea,"I don't like most powdered teas, either because of their articial flavor, the bad aftertaste, their use of certain artificial sweeteners, or some combination of the above. However I did enjoy the Lipton Honey Mango Pineapple Ice Tea, albeit with a few caveats. I enjoyed the flavor, and didn't find it too ""chemically"" or with a significant aftertaste. It is sweet, but not overpoweringly so (depending on how you mix it). However, I found that following the mixing instructions of the box made the tea far too strong and sweet. I'd recomend starting with half the listed amount, and adding from there to taste. Although some people have stated that this is ""all natural"", do be aware that it contains sucralose, an artificial sweetener. Overall I enjoyed the tea, but I would like it much more if it were a bit less sweet, and really were all natural."
521506,amazon_tea,overseas,Amazon US,Tea,B007JFXWRC,2,,not my cup of tea,"I was raised a tea girl up north (my grandmother, mother and her sister were all tea drinkers) but this tea was not for me. The flavor was too subtle even after adding sugar. I added milk to my second attempt today and the color was funky so it's going to be passed along to my 17 yr old daughter."
458566,amazon_tea,overseas,Amazon US,Tea,B000FFIL92,5,,gift,I bought this to give as a gift and I was very happy with everything about it. I might even get one for myself... It also arrived before expected.
37364,amazon_tea,overseas,Amazon US,Tea,B003CK2BQG,5,,A New Favorite,"I'm always seeing everywhere how good green tea is for you and how we should all be drinking it (not too exciting though, I know). I stumbled across this Stash tea variation that combined my favorite (Chai) WITH green tea. Now I can get some daily green tea down as recommended along with my daily chai fix -truly a perfect union. I had no idea such a combination even existed -how could I go wrong?! Needless to say, it has quickly become a new favorite. :)"""
441958,amazon_tea,overseas,Amazon US,Tea,B004E4HUMY,4,,Tastes Good!,"I have tried many of the flavors and I found that I liked a little extra MIO Sweet Tea than the other flavors- I felt like it wasnt as strong as a flavor of the other flavors- I just tried the Peach Tea flavor and I didnt need as much MIO as I did for the Sweet Tea to taste as good. Very small bottle that you can carry in your pocket, purse, desk drawer- whatever and all you need is a bottle or glass of water. This one is not one of my favorites but it is still good and I love MIO"
521371,amazon_tea,overseas,Amazon US,Tea,B007JFXWRC,3,,"Very blackberry, no vanilla","I always enjoy how a flavored coffee or tea smells. I've usually found that the taste is never as good as the smell. In the case of Lipton Blackberry Vanilla Herbal Pyramid Tea Bags, this has been my experience. The bag is an eye-catching design that entices because of the texture of the tea and infusions. The smell is amazing! I would make this into an air freshener in a heartbeat! The flavor wasn't bad, but it was overpoweringly blackberry. I couldn't even taste the vanilla. This would be an outstanding blackberry tea, but this product doesn't live up to the description on the carton."
135953,amazon_tea,overseas,Amazon US,Tea,B005SPQENY,2,,So It Turns Out I Do Not Like Chunks of Aloe In My Drink,"I drink green tea every day, and I love any fruit flavor, so I figured this would be a good fit-- plus I was curious what it would be like to have pieces of aloe vera in a drink. Here is the play-by-play of how it went: Hey! My drink is here. This looks interesting. I'm going to drink it right now. Down the hatch! First sip: What the...? These chunks are in my way. They're, like, blocking the entrance of my drink. Fine, fine, maybe I shouldn't have shaken it up so hard. Maybe if I wait for the chunks to settle to the bottom, it won't be so weird. Five minutes later These chunks don't settle. They're in suspended animation. There are a million of them and they aren't going anywhere, so I guess I should just take another sip and see if I get used to it. Second sip: Nnnnnope, still gross. I hate these chunks. I don't mind pulp in my orange juice, but this is just bizarre and wrong. Also, it has a nasty aftertaste. Man, I have to review this. I can't review two sips. I'm going to have to force myself to keep going, in the name of science. Third sip: Why, God, why? Make this drink stop! Fourth: This is horrifying. Maybe I can foist this upon my unsuspecting 5-year-old. Maybe she'll like it and then I can report that 5-year-olds like it better than 36-year-olds. Daughter's first sip: ""WHY DID SOMEONE MAKE THIS DRINK?"" That about sums it up. Together, we managed to get through half the bottle before I gave up and flushed it. Two stars for creativity."
222389,amazon_tea,overseas,Amazon US,Tea,B004E4CCSQ,1,,Ingredients,"Just look at the ingredients. If the ingredients are words that you can't pronounce or have never heard of, there's a good chance that they are not good. I do love tea, especially peach tea, but after looking at the ingredients, I don't think I can drink this tea. Also, I have read some bad remarks on this product, so it doesn't sound like it is all that good, anyway. I am pretty sensitive to chemicals, and I don't know if these ingredients are chemicals or not, but I do like to stick to natural, simple ingredients that I do know about. So that it doesn't go to waste, I will try to find somebody who is not sensitive to chemicals and big words. I know lots of people who can eat/drink anything and it doesn't bother them."
145755,amazon_tea,overseas,Amazon US,Tea,B003D4F1QS,4,,Wonderful tea,"This is my favorite evening tea; especially with a little stevia. Just be aware when buying the 100 count that you will get 100 tea bags randomly shoved in a shipping box. It doesn't effect the tea at all, but there is definitely no ordered packaging"
145801,amazon_tea,overseas,Amazon US,Tea,B003D4F1QS,3,,"Tea Bags are all thrown into a box and get crushed, otherwise a good deal.","This is a good deal moneywise, but the bags do come all thrown in a box. I thought there would be more protection for them or they would be stacjed in some way they don't move around. I had to take all the bags out and flattened them. So if you are buying them for food service and are presenting the bag in some way, you may just want to buy the boxes. I thought I could be more green buying just the bags and putting them in boxes I already had, but now I would buy the six box version of this instead, because I don't like tea bags that are all creased up when I bought them new. The teas I bought this way are good, they get a 3 for how they were just thrown into the box though. Couldn't they have used a smaller box and lined the bags up in a way they didn't move around? They ended up with some tea bags fine, others almost in a little ball in the middle! The tea is refreshing though, not high on the mint, but it's great for a summer's day!"
521444,amazon_tea,overseas,Amazon US,Tea,B007JFXWRC,3,,"Different, but Ho-hum","I really enjoy trying different types of tea, so this blackberry vanilla combination sounded very interesting. Well, it's okay. I can taste the blackberry, but I don't smell or taste any hint of vanilla. I do like the purple color of the tea, though! It's been cold here on the Oregon Coast, so making iced tea hasn't sounded like a good idea. I do like a cup of herbal tea late in the afternoon to warm me up and recharge a little, but I find that I don't look forward to a cup of this tea as much as I do some others. The pyramid-shaped tea bags are novel and look rather expensive since they appear to be fabric, but the tea itself doesn't excite me at all."
145691,amazon_tea,overseas,Amazon US,Tea,B003D4F1QS,4,,Stash makes good tea,"I really enjoy tea and drink two or three 16 ounce cups a day, especially when it's cold outside. I used to drink mostly Twinings and Bigelow because hey, that's what they had at the supermarket. But I tried Stash a few years ago and have slowly switched to drinking it almost exclusively. They make wonderful flavours and have very reasonable prices. I particularly appreciate being able to buy 100 sealed bags at a time from Amazon, because that really lowers the price. And as long as you can set aside the minimal storage space, it isn't as though sealed tea bags go bad! Chai Spice Black is my preferred morning tea blend. It has more caffeine and more flavour than the other teas I drink later in the day. It's tasty and smells good, and the tea is consistent from bag to bag (to bag to bag to bag! I've been drinking this stuff for a few years now. :)"
62022,amazon_tea,overseas,Amazon US,Tea,B000CQG8K8,3,,Not fond of smell or taste,"I purchased 3 different flavors of Stash tea when it was on sale at Sprouts after seeing the great reviews on Amazon. I must say, Stash makes mediocre tea. There's something about the aroma and taste of their teas that does not agree with my senses. Maybe it's the cloying smell of the bergamot in their Earl Grey. I prefer Twinings, especially their Lady Grey tea over Stash. Of all the teas I've tried so far, Ahmad's fruit-flavored teas are my favorite (especially the Peach & Passion Fruit Black Tea, but the mango is good as wel). Aroma and taste is amazingly refreshing."
222528,amazon_tea,overseas,Amazon US,Tea,B004E4CCSQ,2,,Didn't Enjoy This,"I don't drink calories, so am always on the lookout for tasty no-calorie (or very low calorie) drink options. While I drink about 100 oz of plain water daily, I enjoy drinking liquids that have some flavor. Diet Coke (yum! though I've almost quit drinking it) and Crystal Light are my two go-to beverages. I thought this MIO seemed promising, since I could add it to my regular water at work. I also liked the idea of being able to add as much as I wanted, so I wouldn't be stuck with something too strong. Unfortunately, I really don't like the flavor of it. While I am used to the artificial sweetener taste, and it usually doesn't bother me, it was noticeable in this liquid. I don't think there is any actual ""peach"" or ""tea"" in the tiny bottle. I notice that there are lots of other flavors of MIO, and some of them have rave reviews. After trying this one, however, I'm not sure I'll be buying any of the others."
123149,amazon_tea,overseas,Amazon US,Tea,B000CQBZOW,4,,there are affordable teabags and there are affordable teabags,"nothing comes realatively cheap these days and still get the satisfaction. I love stash tea, as it presents both good value (via amazon) and offers a little luxury amongst its peers. There are more expensive brands, but as a brand, this one cuts about the rest. I love the chamomile version and it is a sure winner in the taste section too. Highly recommend and thanks amazon for making it so affordable."
441822,amazon_tea,overseas,Amazon US,Tea,B004E4HUMY,3,,A little bit too sweet for my taste but tastes exactly like it says,"I love the idea of being able to enhance my water with this simple solution. Sure, I can brew my own tea and put some sugar in it, but this seems like the easier solution. You just squirt it into your water and drink it. If you are just using this for one glass of water, only one squirt is all you really need to make it taste like sweet tea. It also dissolves very easily and did not require too much stirring on my part before it was blended in. The color does actually look like tea. Upon tasting it, while I enjoyed it as it does taste like sweet tea, it was just overloaded with sugar. I am actually quite a sugar junkie so this may be a bit too much on your taste bud if you're not into too much sugar. In fact, the sugary taste of it overpowers the tea flavor so I was a bit disappointed with that because I love tea. This is definitely easy to use. Just be sure you are OK with a lot of sugar."
538351,amazon_tea,overseas,Amazon US,Tea,B0061IUIDY,4,,Delicious Tea,The Higgins & Burke Earl Grey tea is delightful. The box is really easy to open as are the tea bags themselves. I think the scent of Earl Grey tea should be evident as soon as you open the wrapper for the tea bag and that distinct aroma is present but not overpowering. Earl Grey tea should have a specific flavor and Higgins & Burke has used the perfect blend of bergamot and black tea. I love that these are the only two ingredients as well. Higgins & Burke Earl Grey tea is the perfect way to start your morning or for enjoying during afternoon tea.
70308,amazon_tea,overseas,Amazon US,Tea,B007I7Z3Z0,2,,It's not as natural as Lipton advertises,"I think that this Liptons To Go Green Tea Mix tastes OK, but I prefer real tea. My wife likes this Lipton's Decaf Iced Green Tea Mix. She likes the mild strawberry flavor. But it is not as natural as Lipton advertises. Lipton's product info states, ""Lipton Tea & Honey ... is a low calorie iced tea mix you can feel good about simply because it's made with real ingredients ... blended with honey and strawberry and acai flavors ... Sweetened with honey, made from real tea leaves and real fruit flavors ... flavor with other natural flavor ... and no aspartame."" So what's there to not like about that? Well it's not all real ingredients and sweetened with just honey. The fine print discloses that it includes Sucralose (sweetener). Shane Ellison calls himself ""The People's Chemist"" and is the author of Over the Counter Natural Cures: Take Charge of Your Health in 30 Days with 10 Lifesaving Supplements for under $10 . Shane was a big pharma chemist who quit when he discovered that the drugs that he was creating for the big pharma companies were nothing more than toxins and the real cures were natural and didn't require a prescription. Shane says that artificial sweeteners like Sucralose (Splenda) have serious problems. Studies show that they lead to weight gain and even pre-diabetes. Artificial sweeteners ""disrupt the body's natural calorie counter"" and ""put the users at much higher risk for being obese and insulin resistant."" Shane says that Sucralose, 1,6-Dichloro-1,6-dideoxy-'-D-fructofuranosyl-4-chloro-4-deoxy-'-D-galactopyranoside, contains a historically deadly, nasty form of chlorine (RNFOC), which yields poisons such as insecticides, pesticides, and herbicides. ""An RNFOC can invade every nook and cranny of the body ... and may result in weakened immune function, irregular heartbeat, agitation, shortness of breath, skin rashes, headaches, liver and kidney damage, birth defects, and cancer. Hiding its origin, sucralose pushers assert that it is 'made from sugar'. Sucralose is as close to sugar as glass cleaner is to purified water. France recently banned such false advertising statements. The deceit has been ignored within the United States."" Why does the FDA allow this? Shane says science was sold out for profit. ""Just like chemists manipulate the properties of matter, Big Pharma manipulates studies using 'checkbook science.' This allows them to pay for the design and interpretation of clinical trials. Checkbook science isn't illegal by FDA standards. It's been going on for over 20 years. Known as the Bayh-Dole Act, US law was amended in 1980 to permit flagrant conflicts of interest, ones that allow the industry to design drug trials and hire experts to conjure up favorable results at will."" So if you want something natural, look for Shane Ellison's book and skip this Lipton's tea mix."
222302,amazon_tea,overseas,Amazon US,Tea,B004E4CCSQ,5,,"So tasty! Easy to use, neat, no caffeine additive for the office","I'd never seen this product before; I was intrigued by the prospect of something really easy to use at work. 2 squirts of this MIO peach tea gave me a full tumbler of great tasting peach tea with no caffeine. No powdery flyaway, no mess. I found the product did exceptionally well at consistency....my drink was the same day after day. I got a month of work beverages out of this tiny container. I'm now on board enough to try this in other flavors. Very refreshing, very good taste with no afterburn."
62115,amazon_tea,overseas,Amazon US,Tea,B000CQG8K8,5,,Awesome tea bursting with flavor,"Sometimes more is NOT better. In this instance, however, double the bergamot IS FAR superior to regular Earl Grey tea. Stash found a good balance and actually improved on what a basically good thing (Earl Grey tea). If you have not tried this I highly recommend it. You will never look at tea the same again."
70125,amazon_tea,overseas,Amazon US,Tea,B007I7Z3Z0,2,,real sugar AND fake sugar - the worst of both worlds,"Blackberry and pomegranate, green tea, and honey sounds like a lovely combination. Unfortunately, none of those flavors come through in this product. Despite a honey and sugar combination being the first ingredient, the artificial sweetener dominates the flavor of this drink. A berry-fruity-acidic flavor is the next most prominent, but if i'd tried this drink blind i don't think i ever would have guessed it was supposed to be blackberry and pomegranate. I couldn't catch the faintest whiff of green tea flavor or honey, no matter how hard i tried. When i made my first glass of this, i probably mixed it too strong. A single packet (two servings) is supposed to go in a 16.9 ounce bottle of water, but i just mixed mine into a glass. It took a fair bit of stirring to get it to dissolve. My first sip was of an overwhelmingly cloying mixture. It was like being punched in the mouth with fake sugar. I poured half the glass out, and refilled with water. Same experience, but more of a slap than a punch. I continued pouring some out and refilling with water, hoping that at some point it would taste less like fake sugar and more like any of the components advertized on the front. Unfortunately, as i diluted it more and more, the acidic generic fruit flavor faded out, while the artificial sweetener stayed strong. Never did green tea or honey visit my tongue. I suppose for a person totally habituated to artificial sweeteners, this product will taste entirely different. However, if you assume based on the fact that 'honey' is featured prominently on the front of the box that this product is naturally sweetened, you're in for a nasty surprise."
70137,amazon_tea,overseas,Amazon US,Tea,B007I7Z3Z0,2,,Horribly sweet,"I really don't know why they made the tea ridiculously sweet. With that much sugar in the tea, they will make obesity worse in the US. If you care about your health, stay away from such product."
136014,amazon_tea,overseas,Amazon US,Tea,B005SPQENY,1,,Bleccccch,"Oh, I guess it is tolerable, but just about any normal drink would be more pleasing and certainly many, just as nutritious, like orange juice, especially fresh-squeezed orange juice. The only good use for this drink is maybe for a diet-conscious person since, at least for me, reduced my desire for anything to eat or drink."
37223,amazon_tea,overseas,Amazon US,Tea,B003CK2BQG,5,,Delightfully healthy!,"This tea is just so so so so so so so goooddddd!!! Can't have enough of it. Bought it last evening and had a cup of it and was raving all through the entire cup. Today, I had two cups and I felt like I wanted to have more. This tea has no sugar (read up its nutritional info on net). I am a mint lover and I love mint in everything. But here, the mint is not overpowering (as other reviewers say) but it has been given a good balance. I add half a tsp of Natural 'Sugar in the Raw' (it has only 2g of sugar) to give a lil' more sweetness to this tea, and its OUTSTANDING!!!!! Highly recommended. I am going to order the 6-pack version from Amazon soon after my current box empties itself."
123154,amazon_tea,overseas,Amazon US,Tea,B000CQBZOW,5,,Delicious and soothing,I first tried this tea 4 years ago when a friend introduced it to me at work. I was able to buy it at Trader Joes but they discontinued stocking it in my local store about a year ago. I then found this online directly from Stash and bought boxes at a time. I am a person who finds it hard to drink water but this herb tea helps me drink up to 10 huge mugs of it a day. Lemon and ginger combination is perfect to satisfy the need for sweet with a little bite at the end with the ginger. It has also helped me stop drinking caffeine drinks which lets me now sleep at night. I will continue to buy this and recommend it highly.
230013,amazon_tea,overseas,Amazon US,Tea,B000WB1YSE,5,,My favorite green tea,"Kirkland has an excellent, balanced flavor that is hard to find in other green teas. Highly recommended."
222374,amazon_tea,overseas,Amazon US,Tea,B004E4CCSQ,2,,"I wasn't expecting to like this at all...(and upon reflection, I don't)","I was weary about even trying this product. I've seen them advertised for a while now, but the whole idea of a water flavorer just seemed odd to me, and I had this feeling that it was going to either be cloyingly sweet or so muted `flavor-wise' that it would resemble those bottles of cheap `flavored water' you get at Walmart. While it can verge on too sweet at times, depending on how hard you squeeze that bottle (thus the amount of syrup you get out of a single `serving'), this really does taste pretty darn good. It's a nice way to add some flavor to a sodaless diet (something I've been trying hard to eliminate). I wouldn't recommend drinking this all the time (LOL at all the facts pointing to it not being good for you, and the fact that it can clean your counters), and it's odd that the aftertaste (which clings to the back of your throat) doesn't really hit you until a few minutes after you're done drinking it, but it is pretty tasty and is a nice change of pace for a day, week, month that consists of water, water and more water. EDIT: Wow, so as this day wore on that aftertaste clung to the back of my throat in the grossest of ways. Seriously, it is still there and I can't get it to go away. It rests in the back of your mouth, and basically coats everything you eat or drink from there on out. So, my original grade of 4 is now demoted to a 2 because the sickening aftertaste is enough to keep me from ever drinking this again."
70041,amazon_tea,overseas,Amazon US,Tea,B007I7Z3Z0,4,,Tastes good but some ingredients questionable,"This product does taste good, and it only contains 5 calories from 1 gram of sugar. It takes 2 or 3 minutes to completely dissolve, but that's not a problem. What is confusing/questionable are some of the ingredients. Among others listed are ""sucralose (sweetner), Maltodextrin (corn), ... isomalt"". What are these things? Two of them appear to be malt products and the other an artificial sweetner. Is this Maltodextrin (corn) similar to high fructose corn syrup? Also, at the very bottom of the ""Nutrition Facts"", apart from the ingredients list, 10 mg of caffeine per 8 fl oz serving (2 servings/packet"" is also mentioned. When only 1/2 packet (one serving per the package) is added to 8 fluid ounces of water, the taste is definitely watered down."
33901,amazon_tea,overseas,Amazon US,Tea,B00412W76S,1,,This is the foulest Tea ever,These reviews are wrong.It may work but I could not swallow this disgusting swill. I have many Teas. Let me describe this one. Get compost from a gardening store and brew that in a french press. The burnt leaf taste is pungent. Take the pills and buy some earl grey.
33926,amazon_tea,overseas,Amazon US,Tea,B00412W76S,5,,Fast Shipment,"I ordered Valerian Root tea. The price was a great deal, and shipment was really fast! I would recommend this seller to anyone, and I would definitely do business with them again."
441818,amazon_tea,overseas,Amazon US,Tea,B004E4HUMY,4,,A good flavor in a nice compact package,"I really like this product. A long time user of powder products like Crystal Light I really like the ease of getting this mix dispense and mix up in water. I also liked that you can add it to the intensity of your liking. The sweet tea is a rich tea flavor with a sweet, but not too sweet, taste. I loved that the package is a size that I can toss in a plastic baggie for travel, as it meets the 3 oz or less rule. As a frequent traveller this was quite a bonus for me. Can't wait to try additional flavors."
34014,amazon_tea,overseas,Amazon US,Tea,B00412W76S,5,,great product for insomnia,"This is a great product to help with insomnia. Really great. Some do not like the smell or taste, but I actually love it. Maybe it is an acquired test. A+++ for this product, it is excellent."
222297,amazon_tea,overseas,Amazon US,Tea,B004E4CCSQ,4,,Pleasant enough peachy taste,"I tried this drink this past week, just putting one squeeze into 8 ounces of water at first. The colored liquid didn't seem to be dissipating, so I stirred with a straw. When I took a drink, it was a very light, subtle peach flavor. Pleasant. After I drank about half the glass, I had to try another squeeze to see what it would do. Better. I appreciated the seal at the top of the bottle, which when you tear it, twirls around the bottle until you reach the perforation. Regarding the instructions, though: Wasn't sure what ""Flip It"" meant at first -- was I supposed to shake the bottle? (I did.) But it means flip the lid of the bottle. Of course, from a marketing perspective, I understand the need to be catchy / pithy! The ""click it twice to lock tight"" instruction on the label is also interesting -- normally, the user would just close the lid, which is what you do here, and perhaps not notice that there are two clicks. If you do just one click, it's obvious it's not closed all the way. I appreciate that it's sugar-free with no calories, along with caffeine-free. For sweetening, it uses Splenda (sucralose) rather than Nutrasweet (aspartame), which I also appreciate."
33958,amazon_tea,overseas,Amazon US,Tea,B00412W76S,2,,"Don't pay for ""expedited"" delivery","I paid over $13.00 for ""expedited"" delivery and the product still took FIVE days to arrive. Would not buy from them again."
145461,amazon_tea,overseas,Amazon US,Tea,B003D4F1QS,3,,Packaging leaves much to be desired.,"This order reached me quickly. I opened up the box to see two packages of the box in the same package. In hindsight, knowing that the seller had the same facility in my state, I shouldn't have bothered to get it delivered overnight. Onto the tea... they were simply thrown into the box as mentioned by someone else. I should've taken this as a warning not to purchase it, as it was not well packaged much like other teabags delivered to me. After I tried the tea, I found the taste to be weak, and the contents of the teabag often coming out of the teabags themselves even though they were not torn either way. Leads me to think that the QA on this isn't very good. Again, in hindsight, I shouldn't have gotten a 100-count box. Ah well. I don't think I'll purchase this particular product again, and I'll more than likely give the second tea box away to someone else."
135995,amazon_tea,overseas,Amazon US,Tea,B005SPQENY,5,,"Wow, what a tea.","I was pleasantly surprised by this tea. To fully disclose, I am not a big green tea fan. When I got this and saw bits and pieces floating, I was even less enthused. I forced myself to try and WOW I was impressed. Really good flavor. The bits of aloe were a plus to the product. I admit the product converted me."
230053,amazon_tea,overseas,Amazon US,Tea,B000WB1YSE,5,,Much Cheaper at Costco,"I've been ordering this tea from Amazon and think it tastes fantastic - and I hope it is doing good things for my insides. If you have a Costco membership, you can get it for just under $13 in the store. I was there yesterday and decided to check - and couldn't believe the price difference! I thought maybe it wasn't the identical item but I confirmed it when I got home. Now I feel like a fool for paying so much on Amazon. Oh well, live and learn."
181852,amazon_tea,overseas,Amazon US,Tea,B0009F3POY,4,,So far so good,"I've been back at work now for almost 4 months and in the past couple of weeks I've noticed my production going way down. I used to get about 9-10 oz while at work but suddenly it dropped to 5-6 oz. I can't rate the effectiveness of this tea quite yet as I only started taking it and so far haven't had the recommended 2-3 cups per day. I've also started taking fenugreek capsules and trying to ramp up my pumping sessions. I have noticed a difference though and I am hoping to at least get back to my normal production if not increase it a bit as my 8 month old has been drinking more and more at daycare (now up to 15oz/day). I definitely think this tea can only be helping. Even if it is only a placebo effect anything that helps boost production is worth it. Also, I think it tastes great! Sort of a mild fennel/herbal taste. I usually make a cup, let it steep for at least 10 mins and then pour it over ice. It makes a great iced tea and I don't find it needs any sugar."
145641,amazon_tea,overseas,Amazon US,Tea,B003D4F1QS,5,,best herbal tea!,I don't really know what else to say about it. It is truly the best herbal tea i have found. My husband isn't even a tea drinker and now he's started drinking it too. It's not just for Christmas time!
222490,amazon_tea,overseas,Amazon US,Tea,B004E4CCSQ,1,,H2-Oh No,"The bottle tells you to dispense one squeeze to flavor 8 fl oz of water. Exactly how much is ""one squeeze"" supposed to be? One family member's squeeze colored his whole glass of water orange and gave his water a sticky sweet aftertaste, like several dozen Sweet Tarts had melted into it. My one squeeze left a few peachy tendrils floating in mostly clear water and made it taste like someone who ate Sweet Tarts an hour ago had backwashed into my glass. Neither was pleasant. If there were supplements in the drink and I was getting enough vitamins in the sugary sweet mess to, say, eat another In-N-Out Double Double and not feel as guilty, I'd choke it down. As it is just basically food coloring with flavor, I would not drink this on purpose again."
458728,amazon_tea,overseas,Amazon US,Tea,B000FFIL92,4,,Makes a high class gift,"This is a very nice gift, the tea is great, you will want to seek out your local tea shops to get more great flowering teas."
37369,amazon_tea,overseas,Amazon US,Tea,B003CK2BQG,5,,Nice tea,"The lemon grass gives the tea a little richer flavor, and the mint isn't too strong. This is one of our favorite green teas, and the automatic delivery means I dont have to hunt for it, or for a sale!"
538350,amazon_tea,overseas,Amazon US,Tea,B0061IUIDY,4,,Very Mild,"Earl Grey tea is a favorite variety of mine and although the Higgins & Burke tea is delicious, it is a bit too mild for my taste. In hopes of deepening the brew and depth of flavor I let the tea steep for twenty minutes but it was still very weak. It is quite smooth without a hint of bitterness, but also rather bland. This tea would be perfect for someone who dislikes strong tea and/or has a habit of forgetting the tea bag in the cup or pot because this tea never reaches an undrinkable state."
521424,amazon_tea,overseas,Amazon US,Tea,B007JFXWRC,4,,Rates more of a 3.5 Star ~~ But enjoyable.,"I drank a cup of this tea one evening to wind down (as it is caffeine free), and although I enjoyed the fruity flavor, I found the vanilla part of the taste to be a bit too potent. I think this flavor is more of a ""daytime"" tea and better ""iced"" than hot. The teabags are made of an interesting and very durable mesh that held the contents wonderfully and distributed the flavors well."
538187,amazon_tea,overseas,Amazon US,Tea,B0061IUIDY,2,,Very weak English Breakfast flavor!,This is the second Higgins & Burke tea that I have tried and I am not impressed. I find the flavor rather flat and weak even if I steep the teabag for a long time. I have tasted some really great teas in all the years I've drank teas but this is not one of them. From the written description I really thought this tea would be great but it's not. It isn't bitter or acidic tasting but it is blahhhhhh. I'll use up my remaining tea bags since I like to drink plain hot water but I will not be buying any more of this brand.
230102,amazon_tea,overseas,Amazon US,Tea,B000WB1YSE,5,,Kirkland tea,I have ordered this type of tea from other vendors. The order arrived ahead of schedule without any packing problems. Good customer service.
538309,amazon_tea,overseas,Amazon US,Tea,B0061IUIDY,5,,Great Earl Grey Tea,"this tea has a very nice flavor, true to the Earl Grey blend. I highly recommend it as a good value."
181890,amazon_tea,overseas,Amazon US,Tea,B0009F3POY,5,,great product,"I found this a great product for mother's milk production, i started with 1 oz per each time i pumped and now i can get 3 oz or more every time i pump.... my baby enjoys that now mom has more milk... i started takin 4 teas per day, now i just have to take 1 per day to keep my milk production.. great product..."
123206,amazon_tea,overseas,Amazon US,Tea,B000CQBZOW,5,,Wonderful flavors,Fantastic tea and flavoring. It's got a zing to it and is great either hot or cold. Another great STASH brand!
43753,amazon_tea,overseas,Amazon US,Tea,B001EQ5JLE,5,,The Best!,"PG Tips has been a favourite for families in England for decades. I was delighted to find a service on line(Amazon.com)where I could continue to purchase the only black tea that I will drink. It's flavour is consistent - a full bodied delicious tea to start every day with bounce! In addition, we resort to the comforting brew frequently throughout the day. It is a refreshing break-time drink, as well as a comfort during times of stress. A good 'cuppa' will calm anxiety, especially when shared with a friend. So boil that kettle of water frequently and savour this delicious tea. It's so easy to buy this on line at a very reasonable price. Amazon makes everything simple. I have a standing order for a supply of PG Tips every other month. It is always delivered according to my schedule, and shows up on my doorstep. No more reordering, no more shopping, and the ability to cancel an order if I am going away. Should I wish to have my tea sent to a different location it is no problem either. Just get on line and advise the distributor of your need, and all will be taken care of. The service is first class. Go ahead. Enjoy for yourself the 'real' English tea!"
136090,amazon_tea,overseas,Amazon US,Tea,B005SPQENY,4,,A different kind of experience.,"This was a nice sweet tea. Kind of pulpy but still nice. There is an obvious fruity flavor to it which kind off adds rather then overpowers the tea. If you like straight tea, you will not like this. If you don't like pulp, you will not like this. I don't know if I am a fan but I would drink it again if given the chance."
458540,amazon_tea,overseas,Amazon US,Tea,B000FFIL92,5,,Great gift,"I sent this tea set to my Mother as a gift, she gave it rave reviews. She told me the flowering tea is beautiful and she wanted to try and save it after she was done. It was an unexpected gift that was very well recieved!"
441951,amazon_tea,overseas,Amazon US,Tea,B004E4HUMY,2,,Sweet but concerned about drinking a glass of chemicals,"While Mio certainly is sweet, has zero calories, and is convenient to use and carry around, my concern is about what's in here. The primary ingredients are water, propylene glycol, artificial flavors, dyes (red 40, yellow 5, blue 1), and preservatives (potassium sorbate). You're basically drinking a glassful of chemicals with each use. There's no actual tea extract and it must be used diluted. The artificial sweeteners, sucralose and acesulfame-K, in particular raise eyebrows among those concerned with food safety. The taste is OK. It tastes like other diet iced teas on the market. About the packaging: it's durable grey plastic, but type 7, which cannot be recycled in many municipalities. Kraft could've used type 1 or 2 plastic instead. The egg does not have an inner foil seal around the nozzle. Mine arrived covered with dried residue on the outside, likely from leaking during rough transit or handling. The liquid is staining, as you can see at the end of my video. My fingers got dyed a brown/orange color from touching the residue. Real iced tea is simple enough to make and cheap. I do not recommend this artificial concoction."
123225,amazon_tea,overseas,Amazon US,Tea,B000CQBZOW,1,,Danger for anyone with HIGH Blood Pressure,"The Licorice spice tea is fragrant and delicious. I was given some to try, and was so excited about this tea. I added it to my amazon.com subscriptions. Several days later I mentioned this tea to my Doctor. He gave me a strict warning against ANY kind od black Licorice. This tea and all black licorice products need clearly posted warnings. Not for consumption by anyone with high Blood pressure, or on blood pressure medicines. The package had not yet arrived, I contacted amazon for return instructions and was told it is not return or refundable! Very unhappy :( Stash Premium Licorice Spice Herbal Tea, Tea Bags, 20-Count Boxes (Pack of 6)"
34018,amazon_tea,overseas,Amazon US,Tea,B00412W76S,4,,Senna Leaf tea,"A friend suggested this as I have been taking pain medication which tends to bind the bowels. He told me that this would help keep me regular. He was so right. A cu p of Senna Tea with my dinner has been better then metamucel for regularity. It tastes good, and I recommend it to anyone who has constipation problems due to medications. If you eat out, you can take the tea bag with you and ask for a cup of hot water to steep your tea in, and you do not have to worry about missing a dose."
37279,amazon_tea,overseas,Amazon US,Tea,B003CK2BQG,2,,Not as good as I had hoped,"I've been hooked on NOW's spearmint tea for awhile, and when that was unavailable for a time, I found this. I'd been wanting the benefits of green tea again anyway, and this seemed the ideal mix of the two, with the added bonus of peppermint and lemongrass. The glowing reviews here sealed my decision...but alas, I sadly haven't found this to be as wonderful as they did. I find this tea to be pretty bland no matter how little or long I steep it, and there's barely a trace of either mint to be detected. Now anything like this is going to be a matter of personal taste, obviously. I do recommend trying a single box if you can before committing to the case of 6."
230061,amazon_tea,overseas,Amazon US,Tea,B000WB1YSE,5,,Excellent Tea.,"I've always preferred coffee to tea, but I'm aware of the many claimed health benefits of green tea. My wife is Russian and prefers tea, but she drinks Earl Gray and types like that and doesn't care for green tea. Well, we were strolling through our local Costco Warehouse store and a lady offered us a small cup of green tea. We both took one. I thought it was quite good. My wife said it was the best green tea she had tasted. We walked away from the little display with a packet of Kirkland Signature Green Tea (100 bags). Now, what are we ever going to do with all this tea? Well, we use it bit by bit and the supply is gradually lowering. Guests take it and it seems to please them all. I'm trying to drink it now and then for increasing my anti-oxidents. Hmmmm. Maybe I'll eventually be a tea lover. In any case, this is an excellent green tea. Gary Peterson"
181849,amazon_tea,overseas,Amazon US,Tea,B0009F3POY,4,,It helps during breastfeeding,"Helped my wife during breastfeeding time.This product along with better dietary habits , helped her especially when her milk was going down."
230063,amazon_tea,overseas,Amazon US,Tea,B000WB1YSE,5,,Great Health Benefits,"This tea is great for the price, health benefits, and ease of making. I have been searching for a green tea that tastes great for the anti-oxidant content. This is it. A couple of bonuses.... Health Benefits - This tea contains matcha. Matcha is a powder that has a higher anti-oxidant concentration than other green tea that is not called matcha. Ease of making - let the tea bag steep in the water for 20-30 seconds. shake it three times and throw away the tea bag. Do not squeeze the water out of the tea bag. You've already gotten all the flavor and antioxidants from the tea. Then take the pouch the tea bag came in and turn upside down on top of your cup and flick a couple of times to add the powder that was left in the pouch to your tea. You now have the best green tea for the price. Make sure to drink the powder that is left in the bottom of the cup. That is where some of the anti-oxidants are."
521382,amazon_tea,overseas,Amazon US,Tea,B007JFXWRC,5,,delicious,"Hopefully Lipton will make more Pyramid Tea flavors, in addition to the Blackberry Vanilla herbal tea, because this is delicious! Raspberry, Blueberry, etc. would be a welcome addition. The pyramid design is unique and seems to work well. The Blackberry Vanilla is smooth, fresh and not too sweet. I drink a pot of tea once to twice a day and this is a new favorite."
70327,amazon_tea,overseas,Amazon US,Tea,B007I7Z3Z0,3,,Tastes like a melted popsicle :),"There seem to be several new products on the market lately that are designed to enhance the flavor of water. Personally, I think water tastes just fine the way it is, but since I'm also a tea drinker (in mass quantity) I thought I'd try this. It's OK, it's fine, I have no complaints about the taste, though it's a bit on the too sweet side. The taste is kind of familiar and I'm not really sure what it reminds me of, but it tastes a bit like a melted popsicle or like Jello. In fact, it tastes a lot like licking jello powder off of your fingers, come to think of it--which is to say that it's not a bad taste by any means, and kids will probably like it. Also, if like me you drink too much sugar, you might want to give this a try mixed with club soda or seltzer--I imagine it would be good that way. One packet only has five calories. Would I go out of my way to buy it? Probably not, but you never know :) I'm going to try making ice cubes from it next :)"
458703,amazon_tea,overseas,Amazon US,Tea,B000FFIL92,1,,smelled musty and teapot tooo tiny,i love the flower teas i purchase them often from may diffeernt sources these seemed stale not a rich flavor the box seemed like it had gotten wet and was musty very disapointed in the whole purchase the tea pot was a very small cup of tea for only one
145473,amazon_tea,overseas,Amazon US,Tea,B003D4F1QS,4,,A mild and pleasant flavor.,"I had expected this tea to have a stronger fragrance and flavor however, it is more like a hint of cinnamon and a hint of vanilla. The subtle flavor makes it a tea I can drink more frequently than I actually was expecting. As with all Stash teas the individual bags are easy to transport and the tea stays fresh. On the whole, it is a great product, even if it's not what I expected."
222454,amazon_tea,overseas,Amazon US,Tea,B004E4CCSQ,5,,Great!!!!!!!!!!,"This liquid is great! You control the amount of flavor you add to your water. It is so compact, I keep a bottle in my purse. When I go to a restaurant, I order a glass of ice water, which is free, and add my own flavoring without any extra calories. I use it everywhere. One of the waitresses at a casino thought it was a great idea when she saw me adding it to my little bottle of water. It is hard to find in the stores these days........guess because it is so popular. Be sure to get all the flavors. My spouse loves the sweet tea.........no calories and excellent taste!"
458675,amazon_tea,overseas,Amazon US,Tea,B000FFIL92,1,,Cheap Chinese tea,"Only buy this if you like the taste of chinese tea. Actually, if you like chinese tea, you can buy it a lot cheaper than this. Way overpriced for what you get. It does not taste like American tea, if that is what you are seeking, choose another brand. The ""flowering"" effect is not that dramatic or pretty. And to taste llike full brewed tea, you can only use each one once."
135933,amazon_tea,overseas,Amazon US,Tea,B005SPQENY,2,,"Ok, taste, but too many calories and too expensive","In the past I've enjoyed drinks with Aloe Vera. And I love green tea, so I had high hopes for this drink. The taste is ok, though the bits of passion fruit make give it a texture that is rather slimy. That combined with the fact a one cup serving has 80 calories, makes this a drink I would have to pass up. This might not be a problem for green tea drinkers that are not worried about calories, but they might be turned off by the bits of passion fruit floating around in the drink. Also the price is a bit prohibitive. It works out to $2.08 per bottle, which seems a bit much for an 11.5 oz drink."
230027,amazon_tea,overseas,Amazon US,Tea,B000WB1YSE,2,,Arrived with less than 1 month to expiration,Item arrived with 24 days till expiration. I can't use 100 bags of tea in less than a month. Watch out for stale tea. I'll just go to costco with a friend next time.
70053,amazon_tea,overseas,Amazon US,Tea,B007I7Z3Z0,3,,"Decent (if very sweet overpowering) flavor, assume it is expensive","This sounded intriguing, so I selected it from Amazon Vine. I guess this is a convenient and decent tasting product (though a whole packet in one cup seemed a little too much). You can pick up a huge container of instant SF iced tea for $3 that will way outlast the 10 packets here that probably cost about the same for a fraction of the uses. All in all, ok, if convenience is critical."
70068,amazon_tea,overseas,Amazon US,Tea,B007I7Z3Z0,3,,"Yes from me, No from my husband",Have to give it 3 stars as I thought it wasn't bad but my husband hated the after taste. It does have a little bit of an after taste but I didn't think it was too bad. My husband disagreed. So if you want something different than plain water or soda give this a try.
230049,amazon_tea,overseas,Amazon US,Tea,B000WB1YSE,5,,I agree: The real deal,"I lived in Japan years ago. This is Japanese green tea. It might say ""Kirkland"" on the box, but it is really Ito En tea (which is printed on each pack), as well-known Japanese tea company. The best thing about this tea is that it does not get bitter after a long steep -- unlike just about any other Japanese tea. In fact, I have left the bag in my tea holder all afternoon on occasion, and the tea still tastes great. Buy this if you want the real Japanese green tea taste."
136054,amazon_tea,overseas,Amazon US,Tea,B005SPQENY,4,,A change in energy drinks,"Chan-Tea is a break from the generally bland green tea drinks I have tried. Full of small chunks of passionfruit, it is a refreshing, fruity, sweet drink. It does seem to have an energyzing kick as well; at least I felt more lively after drinking it. It makes no claims on the bottle, and in fact I had to have the little bit about it translated (""refreshing and lovely"" is what it seems to boil down to), and the calorie count is 80. It was something of a surprise to me in a good way. I would not hesitate to buy it again."
37198,amazon_tea,overseas,Amazon US,Tea,B003CK2BQG,4,,"Great Tea, don't buy online","I far prefer this brand of green tea over Lipton and some others I've found available at the grocery store. Good quality tea, good flavor. However, the price they are offering you to buy in bulk online is higher than buying 6 single boxes at the store. I've found this tea is always between $2 and $2.50 per box of 20. Multiply $2.50 by 6 and you get $15.00. They are asking $16.50 before shipping for the same amount. I think I'll keep buying it at the store."
458652,amazon_tea,overseas,Amazon US,Tea,B000FFIL92,2,,Not worth it,"I was interested to see this product since the reviews seemed a bit varied. The box isn't worth keeping, the tea is not particularly tasty and it doesn't really ""flower"" - at least not very impressively. I don't think it's worth the money."
538196,amazon_tea,overseas,Amazon US,Tea,B0061IUIDY,4,,A good spot of chai...,"This chai is both fragrant and flavorful. Each teabag is wrapped within its own sealed package to ensure freshness up until you actually decide ""it's time for chai."" Unsealing the teabags produces and aroma that is reminiscent of Christmas for me - and why wouldn't it with Cinnamon, Ginger, and Cloves making up half the ingredients on the tea? The flavor is robust and sweet, leaving a little dryness behind as it slips beyond my uvula and into my belly (honestly, the back of my mouth ""tastes"" dry after I drink this, and I rather like that). Higgins and Burke chai leaves a pleasant aftertaste as well - always a plus."
135928,amazon_tea,overseas,Amazon US,Tea,B005SPQENY,4,,Great Taste Cold Had Gel Bits Though,"Firstly, the taste of this product is outstanding. I was refreshed and did not feel like I needed much in the way of a beverage later in my work day. The bottle I got as a sample had gel from the aloe, not sure if that is the way it should be, however, it was okay and did not upset my system or anything. I did try in the last part of the bottle to mix it with some sparkling water, it changed the taste to a more sour/tart flavor, that was so much less refreshing. I would like to try this over ice as well some time. The taste is really outstanding, and it did give me nice boost of energy with a little calming effected for added enjoyment. Enjoy."
181958,amazon_tea,overseas,Amazon US,Tea,B0009F3POY,4,,Helped initiallly,"In my initial two months struggle to get to exclusively nurse I started using this product and I definitely noticed the difference in supply. I have to say though that now, several months later, that my supply has been established I don't see much of a difference anymore between using the product and not using it."
441782,amazon_tea,overseas,Amazon US,Tea,B004E4HUMY,5,,Great taste no calories,"When I first saw a commercial for this product I was a bit skeptical whether or not it would live up to expectations. Personally I found that the product lived up to, and maybe surpassed some of my expectations. If you are like me, constantly looking for ways to spice up your drink without the extra sugar and calories, this is a great product for you. Mio allows you to add as much extra flavor as you want, you can add a drop, or pour the entire bottle into your drink, the result is a sugar free drink that is specifically designed by you. I personally really enjoyed this product because it has no calories, and no sugar in it. Drinking 8 glasses of water a day is a struggle, but this is one way to get your water intake and enjoy a flavored drink without any extra calories. If you are looking to cut back on your sugary drink intake, this is a great product to pick up, because it will allow you to enjoy a flavored drink without the sugar."
70036,amazon_tea,overseas,Amazon US,Tea,B007I7Z3Z0,4,,Pretty good,"I liked this product a bit. It was a refreshing change of monotony from the Crystal Light that I've been drinking. It tasted just as good as Crystal Light and kept me refreshed. I would recommend this to anyone, ESPECIALLY those who are looking to give Crystal Light and the other drink mixes a break."
538283,amazon_tea,overseas,Amazon US,Tea,B0061IUIDY,4,,Enjoyable!,"This Chai black tea is quite delicious. It has the flavor of chai with a trace of halloween, pumpkin like spice added to it. And it must not have too much caffeine since I did not get the usual energy boost that black tea normally gives me. That is why I savor this tea for mid day to early evening. Since I do not use milk or sugar, I get the true taste of the tea with each cup because I let it steep to get that full bodied experience from each tea bag. It is dark and rich! It is truly quite enjoyable and I will be purchasing this again. I recommend it to who ever would like a little spicy flavor in their cup of tea."
521364,amazon_tea,overseas,Amazon US,Tea,B007JFXWRC,5,,"'Nother Cup, Please!","This is a great tasting tea--but has no nutritional value. No matter--it is palatable without sweetners and a treat with sugar. Hot, cold, half-strength or double, a variety of flavor experiences in the same box. The mesh pryamid-shaped bags make it brew up fast, too. Just add hot water. I have drank other Lipton products, including some of their other herbal teas. It is a break from the run of the mill routine coffee, and caffine-free, too. The vanilla adds something to the blackberry base, and the rose hips flavor it somewhat--but I wouldn't know hibiscus if it bit me! I didn't recognize the black current and raspberry flavors--I am no gourmet. All I can tell you is that I like this brew. The remainder of this box will be very welcome on cold graveyard shifts! I plan to add this tea to my shopping list the next time I'm in the supermarket."
43845,amazon_tea,overseas,Amazon US,Tea,B001EQ5JLE,5,,Ah the best tea in the world!,"This is a great service, ordering is simple great value for money and very fresh product. Just like at home."
222443,amazon_tea,overseas,Amazon US,Tea,B004E4CCSQ,2,,Too expensive,This version of the water flavor enhancer has too little flavor for too much money. My husband took half of the bottle to work with him to use during his breaks. He said he used the entire half bottle in one regular bottle of aquafina water. It gave it so little flavor it just made it undrinkable. I would buy other flavors of the MIO but not this one!
123235,amazon_tea,overseas,Amazon US,Tea,B000CQBZOW,5,,I'm Wild for this Wild Raspberry Tea,"Stash Premium Wild Raspberry Hibiscus tea makes great-tasting, refreshing iced tea at a fraction of the price, and a fraction of the footprint, of bottled beverages. Portland-based Stash Tea Company says that this tea is 100% natural. The ingredients are hibiscus flowers, orange peel, lemongrass, rosehips, raspberry flavor, licorice powder and citric acid. For some reason, the ingredients also list soy. The taste is crisp and refreshing, even iced and without any sweetener. A small amount of sugar, stevia (such as Stevita Supreme - 50pkts - 1.8 oz / Packet ) or other sweetener is all you need to satisfy a sweet craving. To make great iced tea, bring water (filtered according to your preferences) to a boil, then let cool until bubbles are no longer forming. Slowly pour the water into a heat-tolerant pitcher (I recommend Luminarc Quadro 2-Liter Glass Pitcher with Lid -- get two, one for the fridge and one for the next batch!) and steep 4 teabags for 3 to 5 minutes, then let cool and place in the refrigerator. One box of 20 bags will make 10 liters of iced tea -- that's a huge savings compared to bottled beverages, which are about 10 times the cost. The bags and the box can go in the compost, making this option superior to bottled beverages (really just another form of bottled water). Bottled beverages also require much more fossil fuel use to transport from the bottler to the store. I do wish that Stash would market a licorice-free version. A recent study showed that 1 daily serving of hibiscus tea can lower systolic blood pressure (the top number) by 7 mm of mercury. This may be helpful for those with hypertension. Licorice, on the other hand, is a potent raiser of blood pressure. With your Amazon Prime membership, and Amazon's convenient subscription plan, Stash Premium Wild Raspberry Hibiscus tea can be shipped at customizable intervals to you for further savings."
538405,amazon_tea,overseas,Amazon US,Tea,B0061IUIDY,4,,Solidly enjoyable ...,"Nice flavor, mild and spicy. Heavy on the cloves and aromatic. This tea is so robust I would only steep it for two and half to three minutes, no longer. This is quite the eye opener and is a good rood to head down for anyone trying to break away from coffee or just cut down. Two or three cups of this and might find yourself ""quite animated"" which isn't really a bad thing. I'm a huge fan of creamed honey as it has better flavor than any sweetener or real sugar and blends well in the tea giving it a more natural taste. Very nice."
181971,amazon_tea,overseas,Amazon US,Tea,B0009F3POY,5,,Mother's Milk - Mother's Miracle!,After my son was born prematurely it was too stressful for him and for me to nurse. I have opted to pump my breastmilk and he takes it by bottle. This tea has been a life saver. It has been 2 months and I am still able to keep my supply up! There are times when my supply has been lacking (mostly early evening); as long as I make sure to drink plenty of Mother's Milk tea throughout the day (4 mugs with honey is what I drink) and the evening hours are not as much of a problem.
538208,amazon_tea,overseas,Amazon US,Tea,B0061IUIDY,3,,"A nice cuppa, but it's not Chai!","While these tea bags make a decent cup of tea, I wouldn't call it chai. It does not taste very spicy, nor does it have a very fragrant aroma. The only spices listed as ingredients are cinnamon, cardamom, ginger and cloves. Celestial Seasons India Spice Chai tea bags list those four spices, plus nutmeg, black pepper, Chinese star anise, chicory and vanilla bean, for a much better cup of chai."
145625,amazon_tea,overseas,Amazon US,Tea,B003D4F1QS,4,,Great quick morning tea,"This is my favorite morning tea. There are better loose leafs out there by a large margin (H&S Tokyo) but for ease of use (I can get hot water from the Keurig & drop these in) it is a solid product. If I were so rich I didn't have to work I would make loose leaf tea each morning... But I reality when I'm rushed I can drop this In a travel mug full of hit water & be super happy. Quality to price ratio is solid, I would recommend."
123181,amazon_tea,overseas,Amazon US,Tea,B000CQBZOW,5,,Great Tasting Tea,"I like the light Peppermint flavor. I usually use it with a regular Black Tea bag and it really taste Good. Makes a great after breakfast tea, too get the day started..:)"
62074,amazon_tea,overseas,Amazon US,Tea,B000CQG8K8,1,,"It's not Earl Grey, it's garbage!","Doesn't smell or taste like the real traditional Earl Gray. Horrible taste! I guess people who loves it never had the real thing, the way you can get it in England. I personally find that all tea from this company is bad, but than again, I'm not an American and I do have different taste."
37241,amazon_tea,overseas,Amazon US,Tea,B003CK2BQG,5,,"The best tea, delicious!",This is the best tea. I like it as well as coffee. Highly recommend it!
458536,amazon_tea,overseas,Amazon US,Tea,B000FFIL92,3,,Flowers are kind of flimsy,"I got this as a gift for a coworker, and according to her, the flower was beautiful, but very flimsy. It fell off from the tea leaves as soon as they tried to pour tea out of the pot..."
135960,amazon_tea,overseas,Amazon US,Tea,B005SPQENY,2,,There are solids in the tea,"I really love hot tea, though I've not yet found a commercial iced tea that is to my liking. Chantea has won awards, so I gave it a shot. This beverage is basically a mix of green tea, sugar, a bit of passion fruit flavoring, and hunks of aloe vera. Seriously, there are large and slimy solids in this tea. I was expecting something more along the lines of pulp in orange juice. Live and learn. Aside from the chunks, I think many people will enjoy the flavor of this tea. The balance of passion fruit flavoring is just right- not too overpowering, not too fake. I am not a fan of sweetened tea, but many people are, and I did appreciate that this was sweetened with real sugar instead of some fake sweetener. What really gets me is the aloe vera chunks. They seem like a gimmick. If I want to enjoy the health benefits of tea I'll brew my own without processing, bottling, and without sweeteners."
123156,amazon_tea,overseas,Amazon US,Tea,B000CQBZOW,3,,Good tea except for one thing...,"It is a pretty good tea except they have licorice in it -- even in small amounts it is not appealing to me. Raises some people's blood pressure, too, so it would be good to know this before purchasing. I liked it except for the licorice flavor."
181925,amazon_tea,overseas,Amazon US,Tea,B0009F3POY,1,,Did not work for me,"Too bad, they didn't work for me; I used them 3 to 4 times/day for about 2 weeks with no results. In fact, they seemed to dry me up more. So I stopped using them and I gave them away. I tried drinking more water and nursing more, that seemed to help better. The taste is not bad. Reminds me of chamomile."
62009,amazon_tea,overseas,Amazon US,Tea,B000CQG8K8,5,,The Best Earl Grey Tea Ever,"I have been a long time drinker of Earl Grey Tea. No, not just because Captain Picard drank it (ok maybe a little) but because I drank coffee for years. Anyway, Earl Grey lovers will really like this tea... the citrus ""bergamot"" flavor is doubled - as the label states. This tea is strong enough (black tea) to wake you up in the morning yet a perfect tea for the evening if you so want. Not recommended for those of you who like a weaker tasting tea. Earl Grey fans - don't wait, get this now!"
123222,amazon_tea,overseas,Amazon US,Tea,B000CQBZOW,1,,Not even a hint of passionfruit,There is not even a hint of passion fruit nor mango in this tea. One can only taste an overpowering amount of rose hips and citrus peel.
123138,amazon_tea,overseas,Amazon US,Tea,B000CQBZOW,3,,SOY??? WHY?,"Maybe I didn't read the ingredient list thoroughly, because I was not expecting to find SOY in my tea!! What a disappointment! I called Stash to find out if the soy was GMO, and...the woman in customer service guarenteed me the suppliers sell them non-GMO soy. If this is the case, they really should label it as such. I like the flavor though, it's very soothing and gentle on the tummy (hence the three stars). The only way I will order again is if they start labeling the soy as non-GMO, i can't trust the product without a label! PS: after reading ingredient list again, I found NO mention of soy..."
37315,amazon_tea,overseas,Amazon US,Tea,B003CK2BQG,4,,Very good for what it is,"We've been ""product testing"" a variety of green teas in our office. So far the Stash green has been the most favorably received, just ahead of the Yamamoto-yama ""Sushi Bar"" tea. Stash won out due to the fact that it's got a distinctive green tea ""taste"" and seems resistant to bitterness from oversteeping. ""Sushi Bar""-like some others-tended to be a little weak. Other rejected greens veered to the other end of the spectrum were overly bitter if you so much as looked at them wrong. As described, it is slightly sweet and nutty. The description also states that this green tea is imported from Brazil. That might be a bit off-putting at first. However, it's idiot-proof and, like the title alludes to, this is teabag tea and for that, the Stash is very good stuff."
70086,amazon_tea,overseas,Amazon US,Tea,B007I7Z3Z0,3,,READ the directions AND the ingredients!!,"I like both blackberry tea and pomegranate juice, so I thought this would be an easy ""A+"". Not the case. First of all, drink mix packets are everywhere these days. Most of them are designed for a 16 oz bottle and plainly say so. For some reason, Lipton has decided to print directions that say to add 1/2 packet to 8 oz of water. Why? How many people actually buy 8 oz bottles? And, if they felt their product was aimed at those who would seek out 8 oz bottles, why not make the packet with just enough for that? Just odd. 'Tea and Honey"" is proudly proclaimed several places on the package. Classic combination. Clearly stating ' NO asperatame!"". ""Sweetened with honey, Real tea leaves, real fruit flavors"". But there was a funny, artificial taste. Reading the ingredient list reveals: sucralose and maltodextrin. YUCK! Besides the artificial taste, or maybe because of it, instead of tea, this really tastes like Kool-Aid. If you're ok with that, then this is an ok drink. Me? I'll pass."
37360,amazon_tea,overseas,Amazon US,Tea,B003CK2BQG,4,,A good choice,"I was taking a break from my regular coffee, and took one of my wife's Stash Green Chai Tea packs. Very pleasantly surprised. Would recommend without hesitation, and have since added it to my rotation of hot drinks."
538359,amazon_tea,overseas,Amazon US,Tea,B0061IUIDY,3,,"I like my tea how I like my women: intelligent, interesting, with a good sense of humor, liberal politics, and non-smoking","This is okay tea. I think of English Breakfast as being a big, bold, full-bodied tea, and on that measure this stuff falls short. With one teabag to a mug, it's pretty mild. The flavor and aroma are there, but you have to go looking for them; they don't jump up out of the cup and grab you by the lapels and give you a shake. I have to use two bags to a cup when I want a real English Breakfast experience, and that feels profligate."
441848,amazon_tea,overseas,Amazon US,Tea,B004E4HUMY,5,,Easy to use & sweet tasting,"So easy to use! You just get a glass of water, or a bottle of water if you're on the go, squirt in your desired amount of MIO and your water is transformed into sweet tea! That easy! You can adjust the amount of flavor you want by adding more MIO to your water for a stronger flavor, I have found that I need one squirt and about ½ of another squirt for my tall Coke glasses that I have at home. If you're like me water can be a very boring drink to drink but you really don't want to drink high fructose corn syrup so for me MIO is a great way to make water more enjoyable. This is the second type of MIO that I have tried, Peach Mango was the first type, and if I adjust the taste to what I enjoy I find it to be just as great as any sweet tea I could have made from scratch at home. For example Lipton sweet tea is one of my favorites, but prices are a little high for me and it takes time to make a batch. Plus who has time to wait for your tea to get super cold without diluting it down with a ton of ice cubes? I don't! MIO comes in handy just when I need, on the go, when I'm in hurry, and when I just want something that is not water. I don't find the taste to overpowering in lemon flavor or too sweet since I can adjust to what I like. The amount of times I can use 1 container (about 25-28 depends on how many squirts you use) makes MIO an affordable substitution to some other brands. I am very thrilled with MIO and would recommend giving it a try. Plus now that I have tried two flavors , that I have both enjoyed, it just makes we want to try more so that every time I drink water I can have a different type of MIO."
222498,amazon_tea,overseas,Amazon US,Tea,B004E4CCSQ,4,,Big taste in a little bottle,"I must say I was somewhat skeptical about the MIO liquid peach tea at first. But, after trying it out for over two weeks, I actually really like the way it makes water tasty to drink. First off its very concentrated and a little really does go a long way. You really just need a few drops and one bottle will last a long time. The tea is best prepared on the watery side with just a faint hint of peach but whatever your preference is, you can attain after you get a sense of how powerful the a little amount really is. I think other reviewers here are frequently mentioning a chemical like taste because they are drinking way too strong. Its not Snapple folks.. I aslo like how small the bottle is as you can take it just about any where."
37298,amazon_tea,overseas,Amazon US,Tea,B003CK2BQG,1,,Not if you like Salada Green Chai Tea,"I'd never tried this before, but because I like Salada's version so much, and the reviews were so good, I figured I'd try it. Well, it's just not MY cup of tea - really intesely sweet spices - back to Salada for me!"
43936,amazon_tea,overseas,Amazon US,Tea,B001EQ5JLE,5,,Excelent,"I took a chance not knowing about the exp date, but got mine with exp date, Fall 2013. Can't beat amazon price!!"
222305,amazon_tea,overseas,Amazon US,Tea,B004E4CCSQ,3,,Unpleasant After Taste,"The idea of having a liquid concentrated peach tea is great since there's no need to mess with powders. It's simply squirt in the amount you want, stir or shake, and it's ready to drink. I've tried the other MIO flavors, like Mango, and it is much more tastier than this peach tea. This one leaves a chemical after taste, like really strong artificial sugar. I tried using less liquid peach tea and more water and even when it's diluted, the nasty after taste is there. Great idea, but avoid the peach tea flavor. Perhaps try the mango peach tea one."
222276,amazon_tea,overseas,Amazon US,Tea,B004E4CCSQ,2,,Artificial tasting chemical concotion from Kraft,"If you're looking for all-natural refreshment, please move along. This product is not made with real tea or peach juice, despite having ""peach tea"" in the name. The front of the item says ""natural flavor with other natural flavor."" Natural what? I really don't know. Whatever natural flavor is in here is less than 2% and is not specified. The rest is dyes, artificial sweeteners, and preservatives: propylene glycol, potassium sorbate, red 40, blue 1, yellow 5, acesulfame potassium, and sucralose. It has zero calories, but is having all that junk inside your body worth the trade-off? It doesn't even taste good. The undiluted liquid smells somewhat like paint (from the proplyene glycol, a form of alcohol). The egg-shaped bottle is cute and convenient to carry, but I'm concerned about all the additives. The bottle is type-7 plastic, which is non-recyclable in many municipalities (only 1 and 2 are recyclable in my city). Not recommended. Seek healthier alternatives, or just drink plain water instead."
521386,amazon_tea,overseas,Amazon US,Tea,B007JFXWRC,5,,An Excellent Fruit Flavored Tea,"This herbal caffeine free tea is pleasing to the taste and refreshing. It has a distinct blackberry aroma and flavor. The box states that the tea contains real pieces of blackberry and they are visible in the pyramid shaped tea bags. The vanilla flavor is muted, but compliments the stronger fruit flavor very well. If you are a fan of fruit flavored teas, this product should not disappoint you."
37189,amazon_tea,overseas,Amazon US,Tea,B003CK2BQG,4,,Great chai,I was trying to drink more green tea but found most to be rather tasteless. Then I tried the green chai tea and I love it. It has a richer taste with all the various spices it has blended with the green tea.
70118,amazon_tea,overseas,Amazon US,Tea,B007I7Z3Z0,1,,lipton green tea and honey,"very little of either, green tea or honey. It's mostly sweetner, real and artificial, with a touch of tea power. I was really disappointed."
43793,amazon_tea,overseas,Amazon US,Tea,B001EQ5JLE,5,,Wow!!!,"I have long been in search of the ""perfect"" cuppa and have just hit the jackpot!! PG Tips is terrific. It holds up beautifully to milk and sugar, but is equally delightful black or iced. I usually give my teas a quick rinse to release some of the caffeine (per Alton Brown's recommendation), then steep about a minute and a half. Mmm. Delicious!"
458649,amazon_tea,overseas,Amazon US,Tea,B000FFIL92,2,,"Pretty Flowers, Horrid Flavor.","The flowers were great. They know how to deliver there. The pot is very small though. I was only able to pour one cup of tea from it. And the tea? That was a joke. Mine tasted ABOSOLUTELY horrible! I couldn't drink it. Maybe some people who like bitter, overly herbal tastes will like this but I like my tea lighter. (The teapot also burned my hand a little as the glass is so thin- please be careful!)"
61958,amazon_tea,overseas,Amazon US,Tea,B000CQG8K8,2,,not a strong enough flavor,"I didn't think the flavor was strong or distinctive enough. A pretty inoffensive tea, but after being spoiled by Tazo's Teas, it's hard to look at a tea like this the same way."
145464,amazon_tea,overseas,Amazon US,Tea,B003D4F1QS,3,,I anxiously awaited it..and then it was just not quite 'it'..,"I had this tea in my cart for awhile and then it became unavailable, so I waited for it to come back in stock as this sounded like a nice tea. I have been enjoyed the Celestial Seasonings White Tea with Pear that I got on Amazon and so I anxioulsy anticipated this new tea. However, in drinking it, I'm not all that crazy about it. To me, it tastes like a black tea; I hardly taste the ginger at all, and it's not as pepperminty as I thought it would be. I realize tastes are just so personal, but that's how I view it anyway. Oh, you should know that it comes in a regular box (as pictured) and not in a tea box at all. So, you will want a cannister, tea tin, or something to put it in. In the meantime, I do like the White Tea with Pear.."
521421,amazon_tea,overseas,Amazon US,Tea,B007JFXWRC,5,,Blackberry!!!,"I love tea, and I love herbal tea. This tea is blackberry vanilla. It has a wonderful flavor. It is strong depending on how many teabags you use. It has an intense flavor, also depending on how many teabags you use. The flavor is really good. I prefer it cold. I drink my tea unsweet, but I'm thinking that if this tea were sweetened it would be really good. The tea comes in little see-through pyramid tea bags. Really good flavor. Really good tea. This tea is so good, I've been drinking it since the day it came in. And tonight I made some cornbread to go with it. (Cornbread and iced tea are two things that just go together.) If you love herbal tea, then yes, I do recommend this tea."
441764,amazon_tea,overseas,Amazon US,Tea,B004E4HUMY,1,,Bad packaging,"When i received this product it had leaked out all over the place. Very bad packaging. I wasn't able to try it. So, I don't know if it tastes good or not."
230022,amazon_tea,overseas,Amazon US,Tea,B000WB1YSE,3,,Taste not so great,"Hi. I wanted a green tea that should taste good. This tea just taste bland, I use two packs simultaneously to make it taste better."
538197,amazon_tea,overseas,Amazon US,Tea,B0061IUIDY,3,,Subtle Earl Grey,Higgins and Burke Earl Grey tea is a pleasant cup of quality black tea. It has a nice floral aroma and a mild tea blend taste. There is very little bergamot flavor and aroma. And that is what some Earl Grey drinkers want-a nice mild black tea and a hint of bergamot. This is a blend that probably works well in a restaurant or office situation since it makes no strong tea statement. A middle of the road choice for occasional tea drinkers.
458674,amazon_tea,overseas,Amazon US,Tea,B000FFIL92,1,,LIES AND DECEIPT,"I ordered this item well before Xmas as a gift for a secret santa gift. They told me it wouldnt be shipped till the 26 but would arrive before Jan, 1st. This was after Amazon said if items ordered will get to their destination before Xmas. First LIE. Then on Dec 30, I receive a email saying they are out of stock and would NOT be able to ship this item at all. One day before it was to arrive. This leaves me without a gift and no possibility for replacement in time. This is just too much sloppy handling of accounts. I am VERY UNHAPPY and you should be very very careful with this company. It is from TAYLOR'S MARKET and should be passed up."
33939,amazon_tea,overseas,Amazon US,Tea,B00412W76S,5,,Horsetail grass tea bags,"Have purchased these tea bas before. I bought them in hope of having stronger . No real success, but will keep trying. Received package in timely manner."
222521,amazon_tea,overseas,Amazon US,Tea,B004E4CCSQ,3,,Make your own flavored water,"Putting flavor on regular water really depends on one's preference. I am curious and very intrigued with this new product that I tried the following three flavors: Peach-mango, sweet tea and peach tea. Out of the three, I prefer sweet tea the best as it tastes closer to the real kind than peach tea and peach-mango. Although I prefer water in its plain form, the taste is not far from ready-to-drink flavored water available commercially. If you like those, it might worth to try as you more control in what flavor and much flavor you want to put in your water. Mio is very concentrated ""water enhancer"" - I never heard of those words until now. A small bottle can be used 24 times. The plastic bottle has a unique way of dispensing, it will not leak unless you squeeze the bottle for a squirt - one squirt, one serving, and one squirt is enough for a 6- to 8-ounce glass of water. Of course you can squirt more it depends how squirt happy you are. The amazing thing is that even if I don't stir it, just letting it stands for 20 seconds and the flavor spreads. It uses the artificial sweetener called Sucralose, whose scientific name is Splenda (OK, I probably have mixed them up). Anyway, it is 600 times sweeter than sugar and has 0 calorie. Mio is also gluten-free."
123137,amazon_tea,overseas,Amazon US,Tea,B000CQBZOW,2,,"Weak, as usual for this brand","I bought this recently, not paying attention to brand. When I got it home, I realized it was Stash, and thought, oh, no, here comes the weak tea! Indeed, as with other of their teas, it is weak. I used up almost the entire box of tea bags to make a pitcher full of iced tea, and it was still pretty weak in flavor. When I've made hot tea with it, I need two tea bags. The flavor is ok--I love the tartness of hibiscus and the raspberry--but it's really just too weak overall. Will not purchase again."
70224,amazon_tea,overseas,Amazon US,Tea,B007I7Z3Z0,2,,They forgot to mention the Sucralose,"They keep saying ""naturally sweetened with honey"", but it is like sweetener overkill with sucralose. Way too sweet, overwhelms any berry flavor that is there, and no green tea flavor is discernable. Diluting it makes the oversweetened taste become obvious as the berry flavor recedes in the distance, with still too much sweetener. (Though if you like things extra sweet, you may enjoy this). Too bad. Try the True Lemon family of unsweetened dehydrated citrus juice packets instead."
33954,amazon_tea,overseas,Amazon US,Tea,B00412W76S,1,,Add honey?,Are you supposed to avoid sugars if you have a urinary tract infection?
37331,amazon_tea,overseas,Amazon US,Tea,B003CK2BQG,5,,Delicious,My local grocery store stopped carrying this brand - but it turns out a better deal through Amazon anyway. This is my AM beverage of choice!
441882,amazon_tea,overseas,Amazon US,Tea,B004E4HUMY,1,,Ingredients,"After reading the ingredients, I can't drink this tea. I do love tea, but these ingredients sound a bit too harsh for me. Also, I read some bad things about this tea when reading the reviews. I refuse to drink this tea. I am a bit on the sensitive side, and I get reactions from most things that I cannot pronounce or have never heard of. I will stick with the natural tea that I've been drinking. I am a tea-drinker, but not this tea. Also, I couldn't drink this tea anyway, even if I wanted to, because the product was all over the outside of the bottle when I took it out of the mailer. The packaging of this product must not be very good; it seems to have leaked through."
182019,amazon_tea,overseas,Amazon US,Tea,B0009F3POY,4,,It does work!,With twins this time around I thought I would give this tea a try when I found I was not able to produce enough to keep them both satisfied. I love the taste of this tea and have found myself going through 5 or 6 cups a day and yes it does work!
538403,amazon_tea,overseas,Amazon US,Tea,B0061IUIDY,5,,Delicious Chai tea at home!,Love this tea! I have been looking for a good Chai that I can make here at home and this is it. I really enjoy the exotic flavors. I only need to add sweetener and I am set. Thanks for offering such a great product.
222275,amazon_tea,overseas,Amazon US,Tea,B004E4CCSQ,2,,Smells like shampoo,"The first thing I noticed about this product is that it smells like shampoo. I did not like the flavor of this drink at all. I would have said it tastes like shampoo too, but in all honesty, I have never tasted shampoo. The only reason I gave it 2 stars instead of 1 is that my son tried it and he said it was okay, but he probably wouldn't drink it again. I don't know if all the MIO flavors have this strong of an artificial taste to them, but after trying this one I would be very hesitant to try any others."
145783,amazon_tea,overseas,Amazon US,Tea,B003D4F1QS,2,,Not the flavor I expected..,"The only reason for my low rating of this item is the flavor. I was expecting a light berry flavor, but I would compare the flavor of this tea to the taste of FIG-- and it is a very strong fig flavor & scent. I have always loved Stash brand teas, and the quality and value of their products are exceptional. However, if you are not a big fan of fig, or are looking for a tea that has a berry/acai flavor, I would not recommend this one. Instead, I suggest you try Stash Premium Pomegranate Raspberry Green Tea, Tea Bags, 100-Count Box It has much more of the flavor I was expecting when I ordered this. Overall, I always recommend Stash brand teas, but be sure you know what each flavor tastes like before you order the 100-count box, as it cannot be returned."
145600,amazon_tea,overseas,Amazon US,Tea,B003D4F1QS,2,,No Discernable Chocolate Flavor,"I ordered this with high hopes, given all the good reviews. But unfortunately I have to agree with A Consumer that this product doesn't seem to have any chocolate flavor at all. I had received a sample of another brand that was delicious but expensive, and I bought this hoping for a cheaper alternative but I guess it's true. You get what you pay for."
34041,amazon_tea,overseas,Amazon US,Tea,B00412W76S,5,,Wonderful company!,I didn't realize it but my tea wasn't arriving as promptly as suggested. The company also noticed and sent a box out immediately! WOW! I was very impressed!
123107,amazon_tea,overseas,Amazon US,Tea,B000CQBZOW,5,,My Favorite Tea Licorice Spice!,"Those of you who love black licorice or anise flavor - this is it! This tea is so flavorful and aromatic, it's intense. In my opinion, the addition of sweetener is not necessary! Good for your daily diet but remember this is not a wimpy tea, it's full bodied. And great for your digestive system. Love, Love, Love this tea :)"
136114,amazon_tea,overseas,Amazon US,Tea,B005SPQENY,5,,very tasty,i received this a few weeks ago but did not try it until yesterday. I can definitely say the passion fruit flavor is very tasty and will be looking for this in the stores. Get it. You will enjoy the taste.
222282,amazon_tea,overseas,Amazon US,Tea,B004E4CCSQ,5,,"My spouse and son use this almost daily, compact and very portable","If the price of this product leaves you gasping, it shouldn't. It is highly concentrated and my spouse uses it to create flavored water when plain water isn't appealing. It goes a long way. With so many Mio flavor choices, even if you don't like the peach you ought to find others you enjoy. But the peach MIO is one of our favorites. I do think it is important to note that reviewers tend to either love or hate this product so you might want to check out a number of reviews. But for the record, we love it, have purchased more after getting a free sample, and keep a regular supply on hand. Mostly we use this as an alternative to soft drinks and it fits nicely into our diet plan, making it easier to avoid weight gain, although we also exercise and eat a balanced diet (most of the time) . Sometimes we add this to Kefir, especially when flavored Kefir is unavailable. Even if you can find flavored Kefirs, they often contains plenty of sugar so the Mio is an excellent way to add taste without boosting sugar levels. If you have limited space, each container takes up very little room in your cabinets. This also makes it highly portable, adding minimal weight. The container can even be put in a backpack or purse....and no, the top doesn't open easily. We also keep a few of these in our desks while at work. At his university, our student son uses it to flavor fizzy water. You can even get more than the 24 servings noted on the container, depending on your taste. We do use enough to have a strong taste so it doesn't last as long but sometimes we can stretch it a bit. It really depends on what food or drink you flavor and how much satisfies your taste buds. About that taste....the peach Mio has a nice, fruity tang, very full-bodied. For those reviewers who complain about the after taste, we get around that issue by using just enough to avoid that problem. It is really that simple.Tweak the amount you use and see if that doesn't prevent any unpleasant after taste. If you keep in mind how much space the average bottle of water of water or soda needs, this is a far better choice. For small apartments, dorm rooms, and tiny office cubicles, you can't beat this for convenience and a tiny footprint. Even when added to tap water instead of bottled or fizzy water, there is a noticeable improvement if you want some variety in the beverages you drink."
441905,amazon_tea,overseas,Amazon US,Tea,B004E4HUMY,3,,Not bad...even though it doesn't taste like sweet tea,"I now have tasted about a half a dozen of these ""flavor enhancers"" by MIO and for the most part I have been very, very impressed. This low to no calorie drink is a great way to give water an extra boost of flavor. However, this ""sweet tea"" flavor befuddles me a bit. The reason being is it doesn't really taste like sweet tea. I sort of taste the tea aspect and I sort of taste a sweeten aspect, yet they don't seem to blend together to create ""sweet tea"". I tried MIO's peach tea flavor enhancer and that tasted just like peach tea. So again, I am a bit befuddled. I will say that the flavor is pleasant and it is nice to drink, but I don't see any conduit between the taste and the flavor proclaimed on the bottle."
521429,amazon_tea,overseas,Amazon US,Tea,B007JFXWRC,3,,Pleasant blackberry flavor,"This tea is a vast improvement over other 'fruit flavored' teas I have tried. The flow-easy poly teabags literally gush flavor into the hot water and the tea does indeed taste as if it is infused with blackberries. The name cites vanilla as an additional flavor, and I suppose I would have to taste it without the vanilla to tell, but if there is vanilla in it, it seems to exist only on the back end of the sip of tea - meaning after you've swallowed it, if you exhale you can smell a hint of vanilla. The tea is fairly astringent, made smoother with a bit of sweetening - I like plain old sugar, (sorry, you honey-purists) but that gave it a hint of cough-medicine taste. One major gripe - or I would have given it four stars - is the ingredient named 'NATURAL FLAVOR' which is usually food-industry-speak for MSG. I'm not saying there is MSG in this tea, just that there is some mystery substance probably created in a lab somewhere. Honestly, I'd rather not consume the chemistry experiment. Still, for a berry tea, it isn't bad. I'll keep it as an option to black or green and herbal teas to guests who are not as persnickety about ingredients as I, but I prefer teas to have identifiable ingredients."
136036,amazon_tea,overseas,Amazon US,Tea,B005SPQENY,4,,I liked it!,"I really like green tea and actually am a fan of Asian drinks with pulp inside so I thought Chantea Aloe Vera Green Tea with Passion Fruit would be a great fit for me and it was. I thought the green tea flavor was just right mixed with the passion fruit and the pulp/chunks was not slimy but just the right texture. What did have me a little confused was that I was expecting the pulp/chunks to be Aloe Vera but instead it really seems to taste like passion fruit every time I break one in my mouth. Don't get me wrong, for I don't dislike that I was just a little confused and was not expecting that taste. Would recommended to those who enjoy tea drinks with pulp/chunks on the bottom, especially those who like green tea and passion fruit. It did remind me of young cocoanut juice with pulp, so if you are familiar and enjoyed the pulp sensation on the bottom this drink might just be right for you."
135969,amazon_tea,overseas,Amazon US,Tea,B005SPQENY,3,,Beware of First Swallow And Then Enjoy a Tasty Cold Green Tea Drink,"Some people will be turned off by ChanTea Green Tea & Aloe Vera with passion fruit flavor because of the particles that will enter their mouth when taking their first swig. In fact, without any warning, the first-time user might spit out the first drink not knowing what was entering their mouth. The particles, which have the texture of small, damp pieces of rice, actually are Aloe Vera pulp. I was not troubled by these rice-like particles entering my mouth but some will be. This Chantea Passion Fruit product is a ready-to-drink chilled green team beverage with Aloe Vera and all-natural ingredients. The passion fruit, native to South America, has a tart flavor that sweetens as the fruit ripens. The passion fruit combined with Taiwanese provides a tasty duo which is pleasant when chilled. My knowledge of Aloe Vera is that it might offer protection from the sun and/or help sunburn heal - either or both. Some believe Aloe Vera is a beauty enhancer. What I learned though is that Aloe Vera is a natural ingredient that contains helpful vitamins and minerals. Aloe Vera is said to detoxify the body and cleanse the colon, and specifically might help with digestive problems. Aloe Vera juice acts as an antibacterial, antiviral and antifungal agent. And so the combination of Aloe Vera and passion fruit aims to provide a healthy yet tasty refreshing drink. I hesitate to affirm any of the health benefits but will recommend it as a tasty beverage for those, like myself, who enjoy green tea and cold beverages."
123150,amazon_tea,overseas,Amazon US,Tea,B000CQBZOW,1,,Locorice is hidden ingredient in Stash Teas,"Locorice even in small amounts raises my blood pressure to dangerous levels. My doctor began to have problems regulating my high blood pressure soon after beginning to drink Stash teas, which (almost all) I discovered contain licorice. I recommend either that Stash remove licorice from their teas or they carry a warning label for persons with high blood pressure be aware."
33883,amazon_tea,overseas,Amazon US,Tea,B00412W76S,4,,Actually works.,"I was surprised to see that this product actually works, but they don't warn you about the god-awful smell. It's horrid, truly."
34027,amazon_tea,overseas,Amazon US,Tea,B00412W76S,4,,Good,"I bought this because I heard about the benefits of Sage tea. I got used to the taste pretty quickly and love to pour it in a glass of ice to enjoy during the summer days. I took a star off because I've been drinking it for several weeks and I'm not seeing the work of benefits that is claimed of Sage tea (but then, I've always believed that you lose some benefits when the teas are in bags as opposed to still being in leaf form?)."
229987,amazon_tea,overseas,Amazon US,Tea,B000WB1YSE,4,,"Tea tastes great, but strange stuff happens","Bought two packs of this tea. It tastes incredibly wonderful. However, after using a single cup for this tea for the past week, I noticed small, strange green gel on my cup. It's sticky and has a strange odor to it. It would appear after a few minutes while the tea bag is still in the cup. I'm worried about it and haven't found anything online about what it may be."
43806,amazon_tea,overseas,Amazon US,Tea,B001EQ5JLE,5,,don't live without it,Ahh! PG tips. The taste of home and I can't buy it around it here. Love it!
136056,amazon_tea,overseas,Amazon US,Tea,B005SPQENY,5,,Too good to glug!,"Remember when you were a kid and it was impossible to sip that cold glass of chocolate milk...it was so good, you just had to glug it all down at once. Well, Chantea Aloe Vera Green Tea Passion Fruit is that good. I was not expecting much, since most of flavored tea drinks are too sweet...what a delightful surprise it turned out to be. The passionfruit flavor is exotic and absolutely delicious, and there are big pieces of aloe vera pulp floating around, which give it a nice texture. The mixture is sweet, but not cloying and very refreshing. I could easily become addicted to this stuff. I wanted to guzzle the entire bottle but made myself savor it. As soon as it was gone, I ordered more. This is a lovely beverage on its own. I poured it over ice and added just a tiny squirt of lime. It was very good that way, but straight out of the bottle was better. What I especially loved was the passionfruit aftertaste. It stays with you for quite a while and gives the breath a delicious fragrance. Just breathing out is a delight. Other reviewers had a problem with the pulp, and one felt it was weirdly flavored sugar water. Certainly the passionfruit is not your usual soft drink flavor, but I really liked it...it's a nice, grown up alternative to those frooty tooty strawberry/peach flavors. Another complained that water was the first ingredient listed on the label. What was she expecting? If you are not afraid of discovering a new taste and don't want the same old same old, if you are not a fan of Kool-Ade and such, I think this will definitely appeal to you. I have to say, this is one of the best soft drinks I've ever tasted, and I'm not a fan of the genre. This is the perfect beverage for sipping on a hot day."
62027,amazon_tea,overseas,Amazon US,Tea,B000CQG8K8,3,,not great,This tea has a good price/bag but for some reason doesn't have a great or even very strong flavor.
145535,amazon_tea,overseas,Amazon US,Tea,B003D4F1QS,5,,Essential Everyday Luxury,"I love Stash Premium Green Tea. I drink it every day. The foil packaging ensures that it always brews up a fresh and flavorful ""cuppa"". Buying the 100 count box makes it even more affordable to drink the best."
181904,amazon_tea,overseas,Amazon US,Tea,B0009F3POY,4,,"excellent tea, recommended to take a fenugreek supplement as well","This tea is really really good! It's worth drinking for the taste alone! I started drinking this tea when my baby was only eight weeks old and my milk supply already started to dry up. I also recommend taking fenugreek and milk thistle with this product ( Fenugreek (610mg) 100 Capsules + FREE Milk Thistle Powder 25 Grams ). I drank the tea by itself for the first week but then panicked when my milk supply only slightly increased. I don't think there is quite enough fenugreek in this tea because I added the fenugreek and milk thistle after it being recommended to me and literally the next day my milk supply was back in full force. Did I say the tea tastes great, always a plus!"
181930,amazon_tea,overseas,Amazon US,Tea,B0009F3POY,1,,Warning!,I was trying to keep up with my little one so I tried numerous things before ordering the tea. I tried pumping more and drinking more water. I tried the fenugreek supplements too before my obgyn suggested this tea. It was a waste of money. It didn't work at all and my baby suffered. She had horrible tummy aches and diarrhea. I wish I had read the negative reviews first but I was so hopeful this would work.
123143,amazon_tea,overseas,Amazon US,Tea,B000CQBZOW,3,,Makes a refresing iced tea,"This isn't one of my favorite Stash blends; I feel the hot tea it makes is a little weak. It does make a delicious iced tea, though, with a fairly pronounced mango taste. It won't be a regular tea for me, but I'll buy a box now and then to brew a batch."
521440,amazon_tea,overseas,Amazon US,Tea,B007JFXWRC,4,,Highly recommended.,Often times I find herbal teas either too weak or too overpowering. This tea is a perfect blend.... Not too sweet or too tarte.
521353,amazon_tea,overseas,Amazon US,Tea,B007JFXWRC,5,,"Rich, Tart and Balanced Herbal Tea +++","This fine herbal tea features rich blackberry balanced well with other tart herbs and mellow vanilla for a very tasty result -- that is offered in pyramid fine net bags for ease of brewing. I have tried it in aumber of ways -- including hot and icy by itself, hot and icy with black tea and with a black currant black tea -- icy in a vacuum thermos for hiking. I have enjoyed this tea in all those modes of usage -- most especially via that last mode -- being some of the most refreshing drink I've had during [and after] fairly hard hiking. For that last black tea, black currant, black berry vanilla iced tea, I used one bag of this herbal blackberry vanilla tea for every two bags of the other black currant black tea with ice added later -- for about three combo bags for every 12 ounces of iced tea. For those concerned with freshness -- keep the little [18 count] boxes of the review tea in your freezer -- bet they will go fast anyway +++"
43855,amazon_tea,overseas,Amazon US,Tea,B001EQ5JLE,1,,Very disappointed - broken package poor flavor,"I drink tea every day. When my regular English Breakfast stock ran out, I ordered this item based on Amazon user reviews, which have always been reliable. How disappointed I was! The package I bought is sold by ""MarJam LLC"", the larger outside box came in perfect shape. However when I opened it, the two tea boxes inside looked crushed and broken in corners. It was clear they were already broken before being put into the delivery box, it's hard to believe somebody will knowingly ship crushed boxes to customers. As I tried to clean up the tapes and wrapping, dark tea power made a complete mess in the kitchen. At that point I was still hopeful, after all it's the tea not the packaging we buy. Unfortunately the first taste didn't do much for me, it was nothing special, less flavorful than a lot of regular brands. There were two things that should serve as indicators: 1) I looked at the expiry date it's in 2011, no manufacturing date shown; 2) Each large thin paper box holds 240 loose bags, compared to some other brands that have much better packaging to preserve the flavor. The regular 48 bag box I buy has two foil packs inside. To summarize, I got two big crushed boxes for a total of 480 loose tea bags, some of them are in power form no longer contained in bags. They lack flavor as of now. Unless I drink them in a few months, they will expire in 2011. I couldn't have been more disappointed."
136099,amazon_tea,overseas,Amazon US,Tea,B005SPQENY,4,,A Drink with Taste and Texture,"I'm a big fan of green tea and passion fruit, so I was anxious to try Chantea. What was unique and unexpected about this beverage is that it has texture...that is it has chunks of what I think is passion fruit floating in it. I love the fact that it is not overly sweet, is very refreshing and has the delightful taste of passion fruit. This is a not your average health drink and I like it's uniqueness, however it is incredibly expensive, and for that reason I gave it four stars."
538214,amazon_tea,overseas,Amazon US,Tea,B0061IUIDY,2,,Too Weak For Me...,"Traditional Chai is made by heating milk with black tea and spices. When ordering a Chai at a Coffee or Tea House it is usually made with frothed hot milk and a liquid concentrate of tea and spices, so it is somewhat similar to the traditional method. Chai from a teabag is a bit dodgy, but worth try to see how well it is executed. Black tea is my favorite type of tea, and I usually enjoy it with milk. Since Higgins & Burke's Chai tea consists of Black Tea, it should also be enjoyed with milk, As with all black tea the water should be near or at boiling when pouring it over the leaves or bag. The directions on the box indicate that the tea should steep for at least five minutes. I doubled that and let it steep for ten minutes before getting ready to enjoy what I hope would be an invigorating cup. When I poured just a little bit of milk into my cup, it immediately lightened the tea to a point beyond where I would normally lighten it to. It was at that point that I realized what I hopefully would be a cup of relaxation would be disappointing. I didn't initially think that the pre-milk color of the Chai was too light, but I was obviously mistaken. My first sip of Higgins & Burke Chai Tea had a clove taste to it, with undertones of some other spices, nothing really discernible. I could not distinguish the black tea at all, the flavor was a rather murky blend of spice and water, with a little bit of milk. I wish I could say something better about this tea, maybe I can. So, I steeped another cup, this time for only five minutes, took a sip without adding anything, just drinking the tea straight up, but it was too weak. I let it steep for another five minutes. I tasted it again, once again without any milk, I liked it even less. The weak spicy, thin liquid just had no zip. Sorry Higgins & Burke, maybe some of your other teas are better, but I will pass on your Chai Black Tea."
123231,amazon_tea,overseas,Amazon US,Tea,B000CQBZOW,3,,Something strange,"I love the taste of this herbal tea, but twice now I noticed I have a rasping (breathing discomfort) that may or may not be triggered by it. I bought 4 boxes after trying a sampler but now I'm starting to think I may have a food sensitivity to one of the licorice spice ingredients. Damn shame, but I wanted to put it out there in case I wasn't the only one."
43828,amazon_tea,overseas,Amazon US,Tea,B001EQ5JLE,4,,A fine and sturdy everyday tea,"This is a very drinkable blend of Assam, Ceylon, and Kenyan black teas from PG Tips, one of the UK's most popular brands. Although some California grocery stores stock this tea, I had not tried it until reading helpful reviews on Amazon. Each PG Tips bag weighs 38 percent more than the Lipton bag (that is available in the USA). As expected, PG Tips makes a stronger brew. Each PG Tips bag has so much tea that I can easily make a 12 ounce mug with a single bag. PG Tips is a sturdy, straight-ahead blend with more strength than Lipton's. It is a caffeine-rich tea - in part because each bag has more tea than other brands. PG Tips uses a pyramid shaped bag that allows more room for tea leaves to expand while steeping. Does it make better tea? I don't know, but it is a point of differentiation. HINT: PG Tips also makes a Special Blend black tea that is only slightly more expensive in stores. I much prefer the Special Blend to their regular black tea. The PG Tips Special Blend is a very hardy and rich breakfast tea. The Special Blend is more sensitive to longer steeping times (I usually steep mine less than 3 minutes), but I find the taste more complex and satisfying. Many prefer loose tea because tea bags contain the less expensive ""fannings"" or ""dust,"" remains from processing loose leaf tea. And with some others brands of tea (not PG Tips), some people can taste the paper used in the bag. If you (like I) sometimes appreciate the convenience of bags, I recommend trying PG Tips as a sturdy everyday tea. And, I more strongly recommend their Special Blend as a hardy and rich breakfast tea."
136021,amazon_tea,overseas,Amazon US,Tea,B005SPQENY,3,,28.5 grams of Sugar per Bottle,"Let me first start off expressing my likes and then move onto my dislikes. Pros: This reminds me of a few fountain drinks I had in Europe. The taste is nice, not overly sweet. I like the little bits aloe pulp flowing in the tea. It gives off an interesting texture. Cons: What really bothers me is the sugar content in this Green Tea. It contains 19 grams of sugar per serving x 1.5 servings you are drinking 28.5 grams of sugar, a can of soda has an average of 28 grams of sugar. I dislike products such as this Aloe Vera Green Tea that is made to be disguised as a naturally good beverage to drink yet spike up your insulin levels and suppress your immunity (because we all know that excessive sugar intake does that). Don't be fulled into thinking your acquiring any real health benefit from drinking this. A better alternative would be 100% green tea with a tad of raw honey added and optional lemon slice or juice."
37266,amazon_tea,overseas,Amazon US,Tea,B003CK2BQG,5,,Best tasting Mint tea for the price,"I go thru a lot of this brand, and hope I can find some more cases on amazon."
458484,amazon_tea,overseas,Amazon US,Tea,B000FFIL92,3,,"Bad smell for first ""flower""","I got this gift box of Nami flowering tea leaves for Christmas. Sat down to my first cup this morning. No labels on the ""flowers"" so I decided to choose the darkest leaves as it might be the best morning tea. After pouring water over it a horrible smell came off of it. I had to pour it down the sink. I give 3 stars for a great bamboo box,but so far the tea is not drinkable. Also without labels you don't know if you pour hot water on delicate green tea leaves or boiling water on the black leaves. I wouldn't buy it again."
181989,amazon_tea,overseas,Amazon US,Tea,B0009F3POY,5,,it works,"it worked for me. the flavor is just so so not bad. i used it when ever it seemed like i had less then she wanted, because of growing and on days that i was not working. spent about five days a way from baby(i pumped) but the amount deminished day by day. i drank this for a while after i came back. seems like it is delayed a little over 24 hour you get more milk on wensday after drinking on monday afternoon."
37276,amazon_tea,overseas,Amazon US,Tea,B003CK2BQG,2,,"Astringent, weak tea","I didn't really care for this tea that much. I've been trying out teas to find which ones I like, I've tried about 30 so far. I like Celestial seasoning's Mandarin Orchard green tea and Salada green tea better than this. I find most Stash brands to be astringent tasting, leaving my mouth feeling dry. If I really watch how hot the water is and steep for only a short time, then the taste is bearable but very weak. My husband also doesn't like any of the stash teas that we've tried."
521392,amazon_tea,overseas,Amazon US,Tea,B007JFXWRC,2,,"Good, but not great","I am a tea lover, particularly herbal teas, and the blackberry taste in this one is good. I could probably get used to the vanilla, but I'd rather drink something else. One thing with these tea bags I found odd was the very short string. Unless I used a very small tea cup, it always fell into the tea. Overall, okay, but nothing special."
521344,amazon_tea,overseas,Amazon US,Tea,B007JFXWRC,4,,Nice tart herbal tea,"This was my first experience with a ""pyramid"" tea bag, and I quite liked it. I'm not sure what it is made of; but allows you to see quite well what your tea looks like and allows for water to flow through without soaking much up. Opening the overwrap of the box there wasn't a lot of aroma & I was a bit worried. However, I have had teas that smelled great in the box and fell flat in the cup. As soon as the water (cold) hit the bag, it started coloring. That was a little worrying too...I've had herbal teas that were a lot of dye and no taste. Once this came out of the microwave, it smelled great. I have to say i didn't get a lot of vanilla, but there was a tartness that was quite pleasant. We had blackberries often this summer & while I am sure there were blackberries in the mix, I didn't get a lot of blackberry flavor either...but the ""other natural flavors"" (hibiscus etc) were enjoyable. And at 2.70 a box...I think this well worth the price. We are looking forward to trying a few other flavors."
538397,amazon_tea,overseas,Amazon US,Tea,B0061IUIDY,4,,"Nice tea, not as strong as the stuff from the U.K.","I love all sorts of teas. My friends know this, so when they travel they often bring me teas from overseas to try. Years ago, a friend gave me some English Breakfast Tea from her trip to Britain. What a full-bodied tea that was! When I had the opportunity to try this I jumped at it, assuming it would be identical. Although close, this is not quite as strong as the tea my friend bought in London. I do like the blend of Ceylon and Assam. It has that nice zing that cuts through a hearty breakfast, like the traditional English fry-up, but still tastes delicious with milk and sugar or honey. Be careful not to oversteep, though, or it can get quite bitter."
181862,amazon_tea,overseas,Amazon US,Tea,B0009F3POY,5,,Great tea,This tea is great for increasing your milk supply. It only takes one cup of tea for me and the next day I have an increase in milk. The taste is not bad I like it plain some people say to add sugar or honey . If you don't like licorice then this may not be for you it has a licorice smell to it but I think it tastes great.
37346,amazon_tea,overseas,Amazon US,Tea,B003CK2BQG,3,,the flavor was not what I expected,"Had this been labeled ""green tea with a touch of pomegranate and raspberry essence"" I might have rated this higher. However, the name is pomegranate raspberry and I therefore expected those vary flavors. The overall taste is mild and muddled. I except a greater sweetness. The tea's second ingredient, chamomile, has a distinctive presence. While I didn't find the flavor to be unpleasant, there is nothing about it that would make me reach for it over one of my other teas."
230055,amazon_tea,overseas,Amazon US,Tea,B000WB1YSE,4,,Costco green tea is my favorite cheap tea,"My family buys one of these boxes at Costco every month or two. Kirkland is the Costco house brand, so people selling it here are just buying it at Costco and reselling the boxes at profit. Costco charges $12 per box. This tea has a much stronger flavor that cheap green tea like Lipton. I really like it, but I guess flavor is a personal thing (else no one would buy limp Lipton). Flavor doesn't compare to what you get at a good Japanese restaurant or tea house, but you can only expect so much from 12 cent tea bags. ""Matcha blend"" means you get a small amount of matcha powder in each tea bag. Make sure you pour that into your cup. Don't throw it out! I'm only giving this 4 stars out of 5 because the price here is so much more expensive than Costco."
521340,amazon_tea,overseas,Amazon US,Tea,B007JFXWRC,3,,fruity berry fragrance and flavor,"Lipton Herbal Pyramid Tea Bags, Blackberry Vanilla, has bits of blackberry, but also other berry flavors and black currant. To me, the black currant fragrance almost dominates, but if you like a fruity tea, this is a good one. The rich dark-fruit accents and the blackberries catch your attention before you even open the box. The color of the tea is an appealing dark red-violet, and it is good hot or iced. I would sweeten it a bit and consider a splash of lemon."
181905,amazon_tea,overseas,Amazon US,Tea,B0009F3POY,5,,This herbal tea really does work!!!,"This is my third child andd I have been concerned about milk production since about day one, due to him not seeming satisfied for very long after a nursing session. I was pumping about 2-3 ounces at a time, but if he took a bottle of expressed milk, he would end up eating 4-5 ounces. After the first day of drinking this tea 3 times, I was able to pump at least 5 ounces, if not 6. I am returning to work in a month and will continue to drink this in order to assure my supply is adequate when we are separated. And I am not one to rely upon herbal remedies, or even really think they work in most cases, but this really did!"
538243,amazon_tea,overseas,Amazon US,Tea,B0061IUIDY,4,,a very nice tea,"I'm not a chai tea expert. I drank this tea, straight. No milk, cream, sugar, etc. It tasted nice & refreshing & spicy. I loved the aroma. It's suggested to let it steep for 3-5 minutes. I let it steep for 5 or 6 minutes & it was a nice strong tea, which is what I prefer. It was a bonus to read that Higgins & Burke belongs to the Ethical Tea Partnership, which works for a responsible tea industry."
136078,amazon_tea,overseas,Amazon US,Tea,B005SPQENY,1,,"Ew, Gross, Nasty!","I know, mature title. Couldn't help it, those are the nicest words I can use to describe this stuff! I could only take one taste, couldn't bring myself to put more than that in my mouth. The Aloe Vera feels like little gel balls. I gave it to my husband to try. He had the same opinion and that's rare, we never agree on anything! I would never buy this, I will never put this in my mouth again and wouldn't wish it on anyone else! Enough said!"
62006,amazon_tea,overseas,Amazon US,Tea,B000CQG8K8,5,,Awesome Tea,"I am so glad that Amazon sells this tea as it is very difficult to find. This is the best Earl Grey because of the double Bergamot and we prefer it over any other Earl Grey. This is a full bodied, very flavorful tea and some dishwater blend. I hope Amazon will continue to carry it."
458488,amazon_tea,overseas,Amazon US,Tea,B000FFIL92,4,,Flowering tea was a hit at the tea party !!!,I had a tea party theme for a baby shower for my son and his wife. I purchased the Numi's Bouquest Bamboo Gift Set with clear tea pot and flowering teas. I described the flowering teas before putting them in the teapot and conversation was great as the flowers opened up to make tea. It was part of the event that I know our guests talked about the next day.
145800,amazon_tea,overseas,Amazon US,Tea,B003D4F1QS,3,,Passable but not fantastic,"My wife will tell you that I am a tea snob. This is an okay breakfast tea, but I'm not in love with it. It's also not terribly expensive. It is convenient. I usually take it with some milk. It tastes good with milk. The tea is slightly bitter, not very flavorful, nor memorable. I have tasted English Breakfast tea by Strand, Adagio, and a couple others. Adagio's is my favorite. This is good if you it's the only thing handy. It's not bad, but it's not good, either. I noticed a few people thought this review unhelpful. Sorry about that. I can't recommend this tea. Maybe you will like it. If you do, don't go tasting other tea because you might realize how truly mediocre this one is."
458681,amazon_tea,overseas,Amazon US,Tea,B000FFIL92,5,,Numi: Dinner Delight,"What a fun way to finish a dinner ~ with or without guests. My set arrived just hours before I had guests scheduled for dinner ~ we had a delightful tasting-time following dessert with tiny demi-tasse cups and spoons coming out of seclusion for the event. The package arrived well-cushioned to avoid breakage, and the little teapot is charming ~ one could not buy cups of tea at a restaurant for much less than this whole set cost (at the half-price proffered by Amazon), and it can be used for multiple meals as well. Delightful choice!"
230078,amazon_tea,overseas,Amazon US,Tea,B000WB1YSE,4,,Why the confusion?,"People seemed to be confused about the Matcha labeling. It's actually called Matcha blend, the tea in the bag is Sencha tea and the remaining powder in the bag after the tea bag is removed is the Matcha. According to the label, you sprinkle the Matcha powder on your tea after it is done steeping. I'm no tea expert but it tastes pretty good to me and the price is right, as long as you buy it from Costco where it retails for around 12 dollars."
62026,amazon_tea,overseas,Amazon US,Tea,B000CQG8K8,1,,NOT organic,"I bought this because I thought it actually had organic ingredients- as the description stated. It does not. It's quite good Chai tea, but I'd rather drink organic Allegro chai tea (available at Whole Foods for close to this price) than buy this stuff. The good news is that unlike some teas on Amazon, this one is very fresh and has a good sell-by date. I ordered it only a few weeks ago, and it is good until 11/2012. So if you don't care about organic tea, and you want a nice chai with strong cinnamon overtones, this is a pretty good one. I really like Allegro chai- it tastes more balanced to me, and I was hoping the Stash would be like that, but it's not."
33938,amazon_tea,overseas,Amazon US,Tea,B00412W76S,1,,Tasteless!,"I used to get ""Juniper Ridge Juniper Ridge White Sage & Wild Mint Tea"" and LOVE it with a hint of raw honey and I wanted to give this tea a try. Very disappointed- the tea was tasteless and not what i had expected."
230117,amazon_tea,overseas,Amazon US,Tea,B000WB1YSE,1,,Do Not Buy,This stuff tastes like pond water. Really it does. Learned my lesson. Do not buy. Not sure why the reviews are so far off base.
33987,amazon_tea,overseas,Amazon US,Tea,B00412W76S,5,,UMMMM!!!!!!,"I usually dont like black herbal tea, but this one i was able to sip on the whole cup without making a face. It is full of aroma and tastes much better than the usual herbal teas that i have tasted in the past. The Rose flavour is the best. How much it really calms u, god only knows, but the pleasure is unbeatable."
458685,amazon_tea,overseas,Amazon US,Tea,B000FFIL92,1,,EXTREMELY DISAPPOINTED,"Based on the mostly positive reviews, I purchased it. Well, believe the negative reviews. The cheap (think dollar store) glass teapot WITHOUT strainer holds 18 ounces. Since I just received this yesterday, I only used one flower which failed to bloom and the tea flavor was not impressive. The concept is unique, but way too pricey for what you get. As for the bamboo box, it is pretty but not really sufficiently sturdy to store anything except very light weight items."
123223,amazon_tea,overseas,Amazon US,Tea,B000CQBZOW,4,,For when I'm going decaf,I like the flavor of this tea. It is not subtle in any way. The lemon coupled with ginger provides a very drinkable and somewhat stomach soothing combination. My little kids think the ginger is a little bit spicy but they will also drink it.
521403,amazon_tea,overseas,Amazon US,Tea,B007JFXWRC,5,,Well balanced- complex-unique,"I've bought these Lipton pyramid tea bag blends before, so I already knew to expect quality. But LIPTON BLACKBERRY VANILLA tea, exceeded my expectations. The aroma has strong vanilla notes, with the Blackberry aroma present as a citrus tang overtone. After it was prepared, and sweetened, I tasted it. Incredible. Who knew that this balance between the sweetness of all natural vanilla, with the tangyness of blackberries, would create such a delicious tea? I've never tasted ANY herbal tea, with a complexity like this. I've tried to add a little pomegranate juice (as one would add lemon to their tea), and the taste was ruined. If i added more vanilla, the taste was ruined. Lipton's Blackberry Vanilla is just right, and my new favorite herbal tea flavor."
123216,amazon_tea,overseas,Amazon US,Tea,B000CQBZOW,5,,Stashed Premium Chamomile Herbash,"After a lengthy trek in the Himalayan Range, the Himalayas, or Himalayalabalyakamonkatonka for short, in Tibetan, (a mountain range in Asia, separating the Indian subcontinent from the Tibetan Plateau), I was in bad shape. First of all, my scrotum shrunk from the extended lack of healthy oxygen. Secondly, I had all sorts of intestinal problems due to my diet of yak meat only. Thirdly, I had plenty of holes in my socks and underpants. I eventually made it to a small town in China where I visited the local Apothecary. A man, if I recall correctly, by the name of Ying Yang Ping Pong Luke, recommended Chamomile Herbal Tea. I had often heard of the healing properties of it in old and ancient Zulu scripts (pictographic and ideographic) but had never tried it since I despised teas. Well, after a few months on a Chamomile Herbal Tea only diet plus brown rice, I was fixed up. Chamomiles are medicinal plants. They are emmenagogues, stomachics, carminatives, diaphoretics, antispasmodics, and sedatives. In my case, Chamomile Herbal Tea fought intestinal gas and stimulated my gastric juices and encouraged my appetite. Stash Premium Chamomile Herbal Tea is very weak so some won't like it. I do because you can drink a nice hot cup before bed and it helps you. It has no flavor aside from a bitter taste of weed but again, I think of it more as a comfort Tea than something pleasurable. Neti Pot Starter Kit with 1.5 Oz Aromatic Salt Original Neti Pot Salt Adagio Teas PersonaliTea 21-Ounce Ceramic Teapot with Infuser Basket Nature's Way - Chamomile Flowers, 350 mg, 100 capsules"
33945,amazon_tea,overseas,Amazon US,Tea,B00412W76S,1,,Not what they said it is,I purchased this tea because I was told that it helps with excess gas but this tea has made worsen my gas problem. I am very disappointed with the purchase
441812,amazon_tea,overseas,Amazon US,Tea,B004E4HUMY,3,,"The packaging is ingenious, the concept is great... but this flavor was not a hit in this house","I got the MIO Sweet Tea for my husband, who is a constant tea drinker. This sounded like something that would be awesome for him to have at work. He was certainly game to try it out. The report I got back from him was mixed. He experimented with different concentrations to find one that worked for him, but he still thought it had just a funny aftertaste. He loved the package, and the ability to have it pretty much anywhere he has access to water and a glass or bottle. And while he did ask me not to purchase this again, he also asked me what other flavors are available and expressed a strong interest in trying some of those. So, overall, the packaging is ingenious, the concept is great... but this flavor was not a hit in this house."
538402,amazon_tea,overseas,Amazon US,Tea,B0061IUIDY,5,,Classic flavor,"My daughter was told that Earl Grey tea is the blend most favored by the British. So she had to try it. Success! Excellent aroma and flavor, easy to prepare, a real classic."
43937,amazon_tea,overseas,Amazon US,Tea,B001EQ5JLE,5,,TEA BAGS & FLAVOR,"Primarily a hot tea drinker. PG Tips is a full bodied drink, also make ice tea. PG Tips can be compared to Yorkshire Tea bags, which makes a stronger brew. I am very happy I have found a source."
70310,amazon_tea,overseas,Amazon US,Tea,B007I7Z3Z0,2,,Yuck,So we gave this the old college try but it failed with my entire family. It has too many flavors going on and a bit of a after taste. We use these type of mixes all the time but this one will stay until the next natural disaster. Not worth the money or ruining a bottle of water.
33887,amazon_tea,overseas,Amazon US,Tea,B00412W76S,4,,Great flavored tea,"This rosehip tea is surprisingly good, reminds me slightly of rhubarb with a subtle regular black tea undertone. The package did take 9 days to arrive & it was all crushed up inside the jiffy-bag so it's a good job it wasn't ordered as a gift. I also think the price is a bit steep for teabags. I just couldn't find this flavor in supermarkets, so I had to get it online."
145761,amazon_tea,overseas,Amazon US,Tea,B003D4F1QS,3,,"Decaf. White Tea w/ Raspberry: Simple, Unsophisticated","I ordered this because I enjoy white teas, and decaffeinated white teas are hard to find, which is what I prefer iin the evening. The taste is simple and clean, which is the goal of a white tea, but is not very exciting. I would have preferred a slightly more complex, developed taste, but will play with the brewing and see if it improves. The raspberry is almost non-existent, which is a positive in my mind. Whenever trying a new tea with fruit flavors, I am nervous that the fruit will be overwhelming, which isn't the case here. While not necessarily a function of the tea itself, I was disappointing that it arrived in a plain cardboard box, with the tea bags just dumped in it. This is clearly a wholesale lot, divided up for smaller orders on Amazon. A shoebox full of tea bags everywhere is not very conducive to storage, and I suspect that I am not the only tea drinker that would have appreciated a slight bit of order in the packaging."
230093,amazon_tea,overseas,Amazon US,Tea,B000WB1YSE,5,,Green tea tastes great!,"I bought this on amazon because I lack the Costco membership and time to drive to the nearest costco store in my area. I read the reviews and decided to try out this green tea. The green tea came out perfect when I followed the simple instructions on the back of each tea packet. The smell is very light and pleasant. The taste, in my opinion, was not too bitter and the tea came out just right after steeping for 30 seconds in hot water. Overall I am happy with my purchase and if you can I would recommend buying this at the store because it may be cheaper (make sure to take into account the tax as well). Cheers!"
181843,amazon_tea,overseas,Amazon US,Tea,B0009F3POY,5,,the best tea for milk,"I start drinking this tea two weeks after I started breastfeeding my baby. I didn't have enough milk, but after only few days drinking this tea I started pomping almost 6 oz from one breast. It's worth every dollar and it also taste delicious. Overall great product. I would recommend it to every mother who is breastfeeding."
521433,amazon_tea,overseas,Amazon US,Tea,B007JFXWRC,2,,Astringent and Sour,"I have been drinking Lipton's tea since I was a child but as an adult I have expanded my horizons and have been drinking many other brands. I'm not sure if this fact has influenced my palate or not but I found this tea unpalatable. First of all I love the idea of the Pyramid. Teas that have this shape of tea bag always release their essence much faster and more fully. So, I really enjoy the shape because of this function and the shape is also esthetically pleasing. The color of the tea in the cup is beautiful. It is a rich purple color and the aroma of the tea is quite nice. You can smell the fruit and that hint of vanilla. However, I had about 3 or 4 swallows and that was enough for me. I found the tea harsh, astringent, and really on the sour side. If you have ever gotten berries that are sour (just not ripe enough), that is the taste of this tea. For that reason I just could not drink it. It is a great idea but when I have tea I am looking for something mellow and smooth. While I do love my full caffeine teas (I often drink Tazo Chi), I do like a nice caffeine free herbal especially at night. One of my favorites is Twinnings Honeybush, Mandarin, and Orange. Now that is one smooth and flavorful herbal tea. I really like the idea of mixing blackberry with vanilla but this tea just do not sit well on my palate."
70366,amazon_tea,overseas,Amazon US,Tea,B007I7Z3Z0,4,,Can't find the Tea,"This doesn't taste bad, but it doesn't taste like tea, either. This tastes like Kool-Aid, the sugar free kind. The immediate smell when I first opened the package brought me back to sitting on the counter as a kid while my filled that huge green pitcher, right before we dumped that magical powder turning water into the sweet taste of my childhood. It may very well be sweetened with honey, but it still has a very slight saccharine taste. An odd thing about this drink mix is the variation in flavor depending on how much water you add to the mix. You have to go pretty light on the water if you want it to taste at all like tea, but that makes the saccharine taste a little too strong. Heavier on the water makes it taste like Kool-Aid. That's fine with me, because I like Kool-Aid. This may, however, be an expensive way to go about a glass."
33963,amazon_tea,overseas,Amazon US,Tea,B00412W76S,5,,Really works for hayfever (allergies)...,Was told by a friend to try Nettle tea for allergies. Brought it & it works great & quickly. Long time allergy suffer who loves Nettle tea. I'm able to use it & stopped all the other medications....
441762,amazon_tea,overseas,Amazon US,Tea,B004E4HUMY,2,,More Bitter than Sweet,"Please note this review only covers the MIO Sweet Tea flavor. Flavor - An approximation of ""Sweet Tea,"" but not close to the real thing. (If you give McDonald's version a 10, this ranks about a 1 in similarity and quality.) It has a very distinct chemical flavor that lets you know that you're drinking something artificial but if you're used to diet drinks and try not to think of it as sweet tea but something ""in the tea family"" it'll get you by. Convenience - Very convenient and useful assuming you find a flavor you enjoy. (Keep a bottle with you and you can make your own drinks at restaurants and save yourself a lot of money.) Value - Assuming the price remains at $19.99 for 4 bottles that each make 24 servings you're paying about 21 cents for each 8 ounce glass which is reasonable. Even considering you'll most likely only get about 12-15 servings depending on how sweet you make each one and how large your glass is, a cost of about 33-42 cents a glass is comparable to a can of soda from the grocery store. (Much cheaper than something from a vending machine or convenience store.) Overall I would recommend they change the name of this flavor to something less misleading like ""Brownish Tea Flavored Substance."" It would be more honest, although, admittedly, not as marketable."
37218,amazon_tea,overseas,Amazon US,Tea,B003CK2BQG,5,,An everyday drink.,"We must have this tea now...keep a pitcher in the fridge at all times. It is a great way to get your green tea in everyday, and is refreshing with a heavy meal."
441870,amazon_tea,overseas,Amazon US,Tea,B004E4HUMY,1,,Contains Chinese Meds For Thrombosis Cardiovascular Diseases!,"I would not worry about the other ingredients everyone seems concerned about. but you should worry about this: Acesulfame K is 180-200 times sweeter than sucrose (table sugar) and has not been fully studied. It is believed to be carcinogenic. More studies are needed. Since this is so sweet and leaves nasty bitter aftertaste Kraft Foods invented a way to help mask the bitterness by getting a patent on this drug Sodium ferulate which is in this drink. Sodium ferulate (SF), the sodium salt of ferulic acid, is a drug used in traditional Chinese medicine for treatment of cardiovascular and cerebrovascular diseases and to prevent thrombosis. Save yourself the worry and nasty taste. Go out and get a sack of sugar and box of tea bags for the same price and enjoy it that much more. At least real tea is safe and has health benefits and is full of antioxidants."
34047,amazon_tea,overseas,Amazon US,Tea,B00412W76S,4,,"Yes it does have an odor that some will find disagreeable, but it works for me and I will continue to purchase it","I read some of the reviews on here and I almost didn't purchase. But I reached a point where due to my erratic work schedule, trying to fit in my studying time and completing assignments, my sleep pattern was disrupted and it was affecting my mood and concentration. So I bit the bullet and purchased this at a local B&M store. When I got home after work, I boiled some water and opened the package. I noticed that this tea was packaged in a plastic bag so I guess it did has a pungent smell. I opened the plastic bag and took a big whiff. I was kind of disappointed. It doesn't smell as bad as some of the other reviewers made it out to me but then again my nose has been wonky for some time so it could be me. Yes I will admit that it does has a funky odor but it is not that strong to me. To me, smells like this health food store I used to frequent in the Hyde Park neighborhood. Very musky but weirdly comforting. I have tried it with peppermint, turmeric (for a different affliction) and I have tried it plain with stevia and it taste okay to me. I wouldn't say I have an iron stomach because I can easily get sick if food is left out in the open not at the proper temperature. For me, this product took about two days for it to kick in and I am now able to sleep for a full eight hours straight instead of sleeping in fits of four hours here, wake up for about two hours, sleep for three, wake up for a hour and sleep for another four hours. For those with sensitive noses and sense of taste, you have been amply warned by other reviewers. For others, I say give it a shot or at least pair it with some other teas to dilute the taste a bit. For example, mints like peppermint or spearmint will help. Some folks will use lavender to mask the smell."
521426,amazon_tea,overseas,Amazon US,Tea,B007JFXWRC,2,,"There's no vanilla in the ingredient list, so where does that flavor come from?","Although this is supposedly a blackberry vanilla tea, there is no vanilla in it according to the ingredients list. Instead, one presumes the vanilla flavor is listed as ""natural flavor."" You do know that the ""natural flavor"" which is often used to mimic real vanilla comes from the castor sacs of beavers, don't you? Yikes. According to wikipedia: ""In the United States, castoreum, the exudate from the castor sacs of mature beavers, has been approved by the Food and Drug Administration (FDA) as a food additive,often referenced simply as a ""natural flavoring"" in the product's list of ingredients. It is commonly used in both food and beverages, especially as vanilla and raspberry flavoring."" Ingredients: Hibiscus flowers, rosehips, sweet blackberry leaves, natural flavor, dried black currant pieces, dried blackberry pieces, dried blueberry pieces, dried raspberry pieces, sunflower lecithin."
62056,amazon_tea,overseas,Amazon US,Tea,B000CQG8K8,5,,Amazing Quality of Teas,"I received a variety of Stash teas as a Bridal Shower souveneir over a year ago. I'm sorry i took so long to bust 'em open. Stash is an amazing quality with natural tasting, comforting flavours in both the Herbal and Black Tea lines. I am so impressed, I've become a Stash convert. This Double Chai is very well balanced in it's spices, but still comforting and yet refreshing at the same time. I made mine mostly according to the directions (tea is easy that way), but i did use sweetened condensed milk instead of regular milk and sugar. It may not be 'Starbucks Quality' as one reviewer lamented, but I'm sure the beauty of Chai is that it can be well made in a variety if different ways. And while i've never been big into Chai, in the future, I'm definitely going to keep a stock of this Chai tea in my pantry. And unlike many other common brands of black tea, this one does not go bitter after 5-10 minutes of steeping. I'm used to having to be vigilant about removing the bag after 3 minutes, because I'm sensitive to the bitter over-steeped taste of lower quality black teas. That was not at all an issue with either of the black teas I've tried from this company. I can't wait to buy more Stash Teas."
458512,amazon_tea,overseas,Amazon US,Tea,B000FFIL92,3,,Very pretty.,"What is so great about these teas is the novelty. They are beautiful to watch flower, which has a very calming effect, which is something I enjoy about tea in general. So the beautiful appearance is a bonus in that area. However, these are not the best tasting teas I've tried and I love Numi teas. They are not bad, they are worthwhile soft flavors, but if I were buying simply on taste I probably would not purchase Numi flowering teas again. Also, the actual glass teapot is very small, maybe makes enough for two people at the most. The box the flowering teas are sent is reusable, but poorly constructed. Not really worth keeping if that sort of thing matters to you. In short I would buy again, but mostly for aesthetic reasons."
181942,amazon_tea,overseas,Amazon US,Tea,B0009F3POY,1,,Don't Buy Online!,"Just to let you all know, this product is readily available at GNC for $5.49, same amount of bags...Don't pay for it online, it will cost you too much! Especially if you are using it 3-5 times daily as the package says."
230105,amazon_tea,overseas,Amazon US,Tea,B000WB1YSE,5,,Kudo's to The Costco/Kirkland team for this one,"I was extremely skeptical when someone replaced the Bigelow/Lipton green tea (that I'm used to) with a couple of Kirkland packs, even more so when I saw the strange looking nylon teabag. You can imagine my surprise when I was done making the tea. Its on par in quality and richness with some of the cups I enjoyed in China Town in San Fran. Each cup is not particularly strong but is flavorful, rich and smooth. I strongly recommend it. Incidentally, this tea has changed the way I look at Kirkland Signature products. Cheers Costco!"
521378,amazon_tea,overseas,Amazon US,Tea,B007JFXWRC,4,,Pretty good,"The smell of this when you pour hot water over it is delightful; the taste less so, but still pretty good. You definitely get the vanilla and berries. There is a bit of sourness; you might want some sweetener. I do enjoy it, although I find it a little overpowering for a regular size cup; I use a big (clean) coffee mug with this tea. I have to confess though, that I mostly use these by adding a bag to a large pot of green tea. The resulting flavor is nice, and I get the benefits of green tea without the bitterness."
458528,amazon_tea,overseas,Amazon US,Tea,B000FFIL92,5,,Perfect gift!,I bought this as a Mothers Day present and it was so well received! Mom thought it was beautiful and made delicious tea. The packaging was also quite attractive. A very good buy that I will keep in mind for future gifts!
458550,amazon_tea,overseas,Amazon US,Tea,B000FFIL92,2,,NIce presentation but label takes away from the appearance,"I am disappointed with this purchase and I am keeping it for myself because I am too ashamed to give it to my mom. I thought this would be a great birthday present. I was wrong. My mother loves wooden boxes, well this one turned out too ugly to present to her. When the label was removed there was damage to the box, real damage. Looks like water damage to wood."
230104,amazon_tea,overseas,Amazon US,Tea,B000WB1YSE,5,,simply the best,"Kirkland Green Tea is far and away the best green tea bag product I've found. Very tasty tea, well-designed bags that make for superb brewing. Once you use this product, none other comes close."
136024,amazon_tea,overseas,Amazon US,Tea,B005SPQENY,2,,"Too sweet, too chunky, and a bit thick for my tastes..","This is a weird little drink. It has bits of ** something ** (aloe very and/or tea leaves ???) floating in it - and I do love ""extra-pulp"" orange juice I didn't think it would be a big deal. However the juice ITSELF is a bit thick./gooey also so the combination of the chunks and the thickness just feels weird. It also had a weird aftertaste/smell. It was very sweet, I noticed the second ingredient is ""cane sugar"" I think they should delete it and let the passion fruit/tea stand alone. Ok here is the breakdown : Serving size - 1 cup 1.5 servings per bottle (11.5 oz) Amounts PER SERVING: 80 Calories 0 g fat 38 mg sodium* (%2) 20 g total carb (%6.3) 19 g sugars 0g Protein *it is either 38 or 36, the writing on the label is so freaking small! Ingredients (In order as printed on label): Water, Cane Sugar, Green Tea Infusion (green tea leaves and water), Aloe Vera, Citric Acid, Natural Passion fruit flavor. It is a product of Taiwan and their website is chantea.co. I have some left I should try iced with rum - the thickness of the juice seems to lend itself to be part of a mixed drink .. (which kinda ruins the point of a healthy drink!) I would say see if you can a single bottle and see if you like it - you may love it; ** to me** it is a little too funky.. for others who like smoothies and chunky bits of fruit in their drinks you may love it! Jim"
441940,amazon_tea,overseas,Amazon US,Tea,B004E4HUMY,5,,"Portable, easy, and tasty","I love the Mio Sweet Tea. I drink a lot of Crystal Light and diet drinks every day except for at work. The Crystal Light powder is hard to mix in the right quantity and diet drinks are heavy to carry in and expensive if I get them from the vending machine. This compact little bottle is perfect for bringing to work and mixing with our cold filtered water. It really packs a wallop! A small squirt and I get a hint of sweet flavor, a big squirt and I feel like I'm down South. For the convenience and taste, it can't be beat!"
458639,amazon_tea,overseas,Amazon US,Tea,B000FFIL92,5,,great gift,This is a wonderful gift for my tea drinker friend - I'm also getting one for my beautician AND myself!
222378,amazon_tea,overseas,Amazon US,Tea,B004E4CCSQ,4,,Fast and tasty.,"I like Mio drinks, they dissolve fast and taste good for artificial kind of drink. I prefer Mango peach over Peach tea. For me they don't taste bad at all. It's sugar free, (sucralose is used as a sweetener known also as splenda). The mini bottle is cute and great on the go, to keep it at work, gym etc. Just squirt few drops, shake or use the spoon to mix it and that's it!"
33904,amazon_tea,overseas,Amazon US,Tea,B00412W76S,4,,"Bad taste, but helps you fall asleep",I bought this to help me fall asleep and it works although it tastes and smell really bad. Make sure to put this in some sort of a glass jar to prevent your kitchen from stinking. I found that if i added cream to this tea it would help the taste but its still pretty bad.
222474,amazon_tea,overseas,Amazon US,Tea,B004E4CCSQ,5,,Yummy & fresh!,I love this flavor. Very peachy and great for the summer. Hard to find in my local stores so thought I'd try Amazon. Got here very quickly and is perfect. A bit pricey? but since it's my favorite and hard to find locally that's the price I'll have to pay.
43852,amazon_tea,overseas,Amazon US,Tea,B001EQ5JLE,3,,"Strong, but not delicate test","This tea is very strong, but doesn't have any delicate flavor that you could enjoy with best and expensive sorts of tea, like indian Darjeeling or chinese Yunnan. You will not find here a fine nuances of taste and aftertaste. PG Tips is very simple. This is a minus. By other hand, PG Tips has a normal flavor of indian BLACK tea, unlike the most others bag's teas smelling by green tea or just by hay. PG Tips is simple, but honest. This is a plus."
521393,amazon_tea,overseas,Amazon US,Tea,B007JFXWRC,4,,Hint of blackberry,I am mostly a coffee person. But I like the occasional cup of tea. And I definitely prefer the lightly flavored herbal teas if I am drinking tea. These are a good tasting tea that does not really require sweetener to drink. It is more vanilla blackberry than blackberry vanilla since the vanilla is the stronger of the two flavors.
43905,amazon_tea,overseas,Amazon US,Tea,B001EQ5JLE,5,,Excellent Cup Of Tea,"One of life's important luxuries is a good cup of tea , PG Tips gives this everytime and buying via Amazon when you are out of the UK is the best way to get a reasonable price for the product."
43826,amazon_tea,overseas,Amazon US,Tea,B001EQ5JLE,5,,Quality tea - Great price!,My partner has enjoyed P.J. Tips for many years. He was introduced to it when he lived in England for several years. Now we can get it delivered to our door at a great price and on a schedule we set.
441819,amazon_tea,overseas,Amazon US,Tea,B004E4HUMY,5,,"A nice no calorie, portable drink option","This product is a nice no calorie, portable drink option. The choice for a non-carbonated beverage is enhanced by this product. It is an asset that it can be taken to any place that has water and be able to make a glass of tea."
538182,amazon_tea,overseas,Amazon US,Tea,B0061IUIDY,3,,Bad taste,"I've had four mugs of this tea over several days and can only conclude that I do not like it. I've tried it plain, with sugar, stevia, and soy milk but have not enjoyed any. To me this black tea (a Ceylon/Assam blend) has a slightly rotted taste. I do not know if it comes from the variant blend or the processing. I like what I've been drinking for years - Prince of Peace organic green. It's wonderful plain and even better with Silk soy milk."
136031,amazon_tea,overseas,Amazon US,Tea,B005SPQENY,1,,Instant Nausea!,"This is just a strange product. It comes from Taiwan which might explain a difference in taste but not only did the taste not agree with me, it made me instantly quite nauseous. Maybe I had a reaction to the aloe not sure but I really had to work not to be sick from this. The initial taste is not bad but the weird bitter aftertaste was very off putting and burped up for hours. It has lots of shredded aloe floating in it which I really didn't mind texture wise but I suspect the aloe may have been what made me nauseous. This tiny 11.5 ounce bottle is actually almost 1.5 servings. It is very high in sugar almost 30 grams in a bottle. My opinion, there is no good reason to drink this."
37195,amazon_tea,overseas,Amazon US,Tea,B003CK2BQG,5,,My favorite bagged tea...,"This is by far and away, the best bagged tea I've ever had. It's extremely smooth and there is no aftertaste that I can detect. Nothing makes me feel so good like this tea with a touch of honey."
521338,amazon_tea,overseas,Amazon US,Tea,B007JFXWRC,4,,the tetrahedral pastic bags are fun,With a couple of teaspoons of sugar this tea is a real treat. I've tried mixing it with black tea and green tea with success as well. The Blackberry is good for antioxidants and vanilla smooths the taste out.
43749,amazon_tea,overseas,Amazon US,Tea,B001EQ5JLE,5,,Good Tasting Tea,We used to get PG Tips Tea either from England or from some of the ethnic stores but was glad to find it on Amazon. This brand is one of our favs especially for the 'high tea' sessions. Thanks Amazon for carrying it.
62066,amazon_tea,overseas,Amazon US,Tea,B000CQG8K8,3,,Nothing Special,"Good Earl Grey Tea but nothing about it was special. The ""double bergamot"" went unoticed."
61993,amazon_tea,overseas,Amazon US,Tea,B000CQG8K8,5,,Best ever!,Stash is the best on the market as far as I am concerned. I have been a fan of many of their teas but the Earl grey Double Bergamot is my favorite.
229985,amazon_tea,overseas,Amazon US,Tea,B000WB1YSE,4,,I gifted it,"The reason for me buying this product was that I heard it's good for the heart. I know someone who could use some of that goodness so I immediately went for it. The box was definitely bigger than what I was expecting, I liked that, still it's a bit awkward if you were trying to give a ""small something"" lol. Anyway, I haven't actually tasted it but I asked the gift's recipient for her opinion and she said: ""needs sugar but its cool i like it"""
145863,amazon_tea,overseas,Amazon US,Tea,B003D4F1QS,2,,Bitter and Astringent,"I love most of Stash's green teas. LOVE them. Most of them are grassy and flavorful but lack the bitterness of many other brands of green. This is the exception. Blech! It is incredibly astringent, something even more common in Jasmine greens than in a straight green. I recommend trying it from a grocery store before committing to a large Amazon purchase unless you happen to like bitter tea. That sounds absurd to me, but I do have friends who prefer their tea with a bitter bite. The Yamamotoyama Jasmine Tea Bag (which stash also sells, but I couldn't find it here) is flavorful but retains the mild, non-bitter green flavor I've come to know and love."
230000,amazon_tea,overseas,Amazon US,Tea,B000WB1YSE,5,,One of the best...,"I drink many different brands of green tea and this one by far is the best yet. I do agree with another reviewer that it would be better if it was organic. I drink about 6 cups a day, the less chemicals the better."
538201,amazon_tea,overseas,Amazon US,Tea,B0061IUIDY,2,,Too weak,"These pricey little air-tight pouches reveal a delightful scent when opened, but the flavors are too light. Neither the tea nor the spices are sufficient to make an enjoyable cup. I have used more tea bags and less water, and finally got to a strength that is palatable, but there isn't enough juice in these things. And the flavor isn't that great. I am not a huge fan of flavored tea; I drink a lot, but usually just straight black tea,. However, back in the olden days I used to drink Constant Comment, and I've enjoyed many cups of chai at my favorite Indian restaurant. It is much better than this stuff."
538404,amazon_tea,overseas,Amazon US,Tea,B0061IUIDY,5,,Very Nice English Breakfast Tea,"This is a very nice, full-bodied English Breakfast blend. I am a long-time tea drinker who appreciates a good tea. This is a nice one, comparable to an Earl Grey but slightly lighter. It is delicious for tea-time or anytime. Try it plain or sweeten with agave nectar or turbino sugar. (I do not like stevia or any of the artificial sugars, but if you do, go for it). Each bag comes in its own heavy-duty sealed packet, so you can pop one in your pocket or purse and take it with you. (I take my own tea bags to work and just get a cup of hot water there.)"
230035,amazon_tea,overseas,Amazon US,Tea,B000WB1YSE,5,,Green Tea 18 Health Benefits for You!,"Green Tea 18 Health Benefits for You! ======================================== By Nadine Taylor, M.S., R.D, Green Tea has been highly regarded for thousands of years as healing medicinal beverage. And in recent years, scientists have confirmed the validity of its ancient reputation, discovering the green tea can fight disease and even lengthen life by: 1. Preventing normal cells from turning cancerous; 2. Suppressing the formation and growth of tumors; 3. Guarding against free radical damage that can bright about cancer, heart disease, diabetes, radiation damage, and aging; 4. Enhancing immune systems functions; 5. Controlling cholesterol levels; 6. Lowering the risk of stroke by making blood platelets less ""sticky""; 7. Controlling blood pressure levels; 8. Fighting deadly food-borne bacteria; 9. Promoting ""friendly"" bacteria in the intestines and encouraging bowel regularity; 10. Fighting viruses, including those that cause herpes simple, polio, and even HIV; 11. Lowering the risk of post-traumatic epileptic seizures in laboratory animals; 12. Assisting in weight loss by blocking the breakdown of starch; 13. Providing a mild stimulating effect without causing sleepless nights or nervousness; 14. Fighting bacteria in the mouth that cause cavities and bad breath; 15. Slowing the aging process; 16. Maintaining the body's fluid balance; 17. Reducing stress; 18. Acting as a safe and effective natural preservative in food and cosmetics. No other substance on the face of the earth, including the most potent drug, can claim such wide-ranging and powerful health benefits, and all without a single side effect. Yes, Green Tea can truly perform ""miracles"" for just pennies a cup. By Nadine Taylor, M.S., R.D, >, Page: 87-88 Yuexi Cuilan (Yuexi Green Orchid Tea) - Organic Green Tea 10 Tea Bag 30g Green Tea and Weight Loss - Losing Weight the Natural Way! =============================================== Green tea weight loss has become a hot topic of discussion in the weight loss and medical circles. The documented positive effects of green tea on losing weight has caused more and more people looking to lose weight to seek out this ancient brew. However does green tea actually help you to lose weight? Is this all simply hype or is there something real and factual to the stories? Well here are some interesting facts about drinking green tea and weight loss. Advantages of Drinking Green Tea for Weight Loss Green tea and boosting your metabolism - Recently the American Journal of Clinical Nutrition reported its findings on the effect of drinking green tea and weight loss. Researchers found that green tea extract actually increased the metabolism of green tea drinkers dramatically. So much so that in a 24 hour period the average metabolic rate of the green tea drinkers in the studies increased by over 4%. Green tea possesses extremely high levels of catechin polyphenols. These substances actually aid your body in increasing its ability to oxidize fat and speeds up thermo-genesis which is how quickly your body burns off excess fat and calories. This is a critical factor of drinking green tea and weight loss. Researchers also found that green tea regulates glucose leevels. Green tea helps to keep your blood levels stable after each meal and prevents spikes in insulin. This means less fat is stored after each meal while drinking green tea. This is directly tied to the active ingredients called catechins found in high levels in green tea. Green tea also reduces your cravings and appetite - In a recent study it was found that green tea extracts caused rats to lose up to 21 percent of their body weight after a week of being injected with green tea extract. These rats were injected daily with the green tea extract. As a result the rats consumed up to 60 percent less food after a week. It's believed that this is tied directly to green tea's ability to regulate blood sugar levels. Green Tea and Weight Loss - The Bottom Line Green tea helps you lose weight by increasing your metabolic rate boosting your body's ability to burn excess calories and stored fat. Green tea also regulates your blood sugar levels and suppresses your appetite. Green tea is also a far superior choice to drinking coffee each day. So overall the stories are indeed true in regards to the power of drinking green tea and weight loss. Kancura Herb Slimming Tea + Genseng Tea How to Brew Green Tea ? ================== Although it's not hard to do, there are a few things to be considered when brewing green tea Water quality... Good quality water is essential for making a good cup of green tea. Make sure you're using good water. Water temperature... This is where most mistakes are made. Brew your green tea too hot, and your tea will become bitter. The correct temperature does vary depending on the green tea, but for most it is around 165-170 degrees F (73-76 C.) Proportion of green tea to water... Most of our green teas are brewed at 1 heaping teaspoon (5 grams) per 8 ounces of water, but this can vary depending on the tea. Brew time... Generally, two minutes is all it takes Any longer, and the taste may becomes too bitter. Also, it's very important to NOT stir, shake, or mix the tea. Allowing the tea room to expand... This is rather important. Chinese green tea is compact - it needs room to expand. Tea balls do not work well at all. You'll be much better off using a Japanese teapot that was designed with green tea in mind. It is a one time investment of between $30-$100, and will make your life so much easier. Take a good look at the inside of this green tea teapot to the left, made in Japan. The infuser screen goes all the way around the inside of the teapot, allowing the tea leaves to expand fully. This is the best kind to use. These teapots are rather small, about the size of a grapefruit, and usually hold 8-13 ounces or so. Lipton Green Tea - 100% Natural, 2009 New Spring Green Tea, 50 Fresh Tea Bags from China by A2AWorld Green Tea"
62112,amazon_tea,overseas,Amazon US,Tea,B000CQG8K8,5,,Tea Time?,"Our family found Stash's Double Bergamot in a grocery store, tried it, loved it --and lost it. Seems stores have limited shelf space and rarely carry ""specialty"" items like the Double Bergamot Earl Grey. If you like Earl Grey, you will adore the Earl with Double Bergamot. Very distinctive flavor. Unique! Thankfully Amazon sells the six-pack of this special tea, which we get on automatic delivery so we never run out. Priced better than the local stores."
230122,amazon_tea,overseas,Amazon US,Tea,B000WB1YSE,5,,Love It!,"I thoroughly enjoy this product! You can place the tea bag in cold water and brew a delicious glass of iced tea in just minutes. I drink this tea both hot and cold, and add a little honey for a touch of sweetness. Try it - you'll like it!"
37349,amazon_tea,overseas,Amazon US,Tea,B003CK2BQG,5,,Delicious tea,"This is the best moroccan-style green/mint tea I've ever had - and is reasonably priced in these little dispenser containers as well. If you like a mild, minty tea with just a little caffeine, I highly recommend it."
182013,amazon_tea,overseas,Amazon US,Tea,B0009F3POY,2,,Stuff tastes vile,"I don't know if it increased my milk supply because it was so disgusting that I could only stomach it a few times. I suppose if you are desperate, but I would go with the fenugreek and blessed thistle pills. You have to take a lot of the pills, like 9 per day but at least I could manage to take the pills. This stuff I had to force myself to drink, and it smells awful too."
136111,amazon_tea,overseas,Amazon US,Tea,B005SPQENY,3,,Sweet Crisp Taste but too much Pulp to Enjoy,"I really tried to like this one. The drink tastes good! But the pulp [pieces of aloe], are like chopped up gummy bears, just not something you want to drink. Imagine spoiled milk during first few days, that's pretty much the consistency."
538250,amazon_tea,overseas,Amazon US,Tea,B0061IUIDY,5,,an Excellent Chai,"I like chai, but it's not always my favorite tea drink because so often it wreaks of strong clove that overpowers all the other flavors. When I smelled this tea bag it did seem to smell very strong. But I was surprised when I tasted it. It does not taste as ""clovey"" as the tea bag had smelled at all. I was really happy with the flavor. I love cardamom but so often barely taste it in other boxes of chai. Finally I could detect it here very pleasantly among the other spices. This tea has such a nice blend. I have seen recipes of chai from India, and they sound amazing (crushing almonds, warming milk over the almonds, add the spices, etc.). But I know I am not about to do that when I want a quick cup of tea. So far, this has been my favorite chai tea that I have tried. Just thinking about it now is making me want to go brew a cup! I like it with a tiny bit of sugar and some whole milk. It's really smooth, delicious, and hits the spot. The box says it has 162 mg of polyphenols per serving (I am assuming a serving is one tea bag/cup). Which is apparently good for your health. So that's another nice bonus. edit: It's now October 2012 and this is still my favorite chai tea. The other day was very damp, cold and rainy. I had a chill, and wanted a nice warm drink but wasn't sure if I wanted hot cocoa or chai. Then it came to me ~ how about a hot chai cocoa?! I brewed a cup of this Higgins & Burke Chai Black tea, let it steep as usual. Then I added a teaspoon of unsweetened cocoa powder (I had Hershey's cocoa powder on hand) and a scant teaspoon of sugar, and then added some whole milk. It was deliscious! Spicey hot cocoa! YUM! It hit the spot."
70350,amazon_tea,overseas,Amazon US,Tea,B007I7Z3Z0,5,,its like kool-aid for adults,"I found the taste to be very strong, so only using half of the package per large cup of water is a good idea. Even just using half the package, there is still a real lot of flavor and it is hard to believe there isn't a lot of sugar in it, as it tastes so sweet. You don't have to worry about mixing it, as the package states, as it dissolves well and whatever is left over will dissolve in the next serving anyway. I found myself going to the water cooler about two to three times more often than normal because it tastes so good. Both the flavors I had were good so you will probably be pleased with any of the flavors you try."
43926,amazon_tea,overseas,Amazon US,Tea,B001EQ5JLE,5,,PG Tips is the Best Tea!,"I love PG Tips and have been drinking it for over 15 years. No other tea even comes close to the delicious flavor. It's full-bodied without being bitter. Another great thing about the tea bags is there's no string stapled to the bag and no little paper bit to fall into the tea. These bags are pyramid shaped and the paper the bags are made of is very strong. I used to boil water in a kettle and pour it into the cup, but after burning up three kettles, I now microwave my tea. Just pop a bag in a mug of water and microwave on high for 2 minutes 15 seconds. The bag does not burst and it tastes just as good as pouring boiling water over the bag in a mug. Highly recommended!"
181821,amazon_tea,overseas,Amazon US,Tea,B0009F3POY,5,,Great product!!,I highly recommend this product for anyone wishing to breast feed. It increases your milk supply instantly (less than 24 hours).
70112,amazon_tea,overseas,Amazon US,Tea,B007I7Z3Z0,2,,Could be OK if not for the artificial sweetener and flavors,"The product's name lead me to believe it would be naturally flavored with flavors I like. Unfortunately, the flavor of the artificial sweetener is very pronounced and it is a flavor I strongly dislike. I do not use artificial sweeteners and avoid artificially sweetened beverages because I do not like the flavor, not for health reasons. I used one packet per 24 oz bottle of water and I am sure that if I were to mix it per instructions it would be way too sweet. I was not able to taste honey or pomegranate. Blackberry is somewhat pronounced, although not as a natural but as an artificial blackberry flavor. I also had a problem with packaging. When I tore the corner of a packet at notch, the resulting hole was too small for the contents to pour out. I had to jiggle the packet and push the contents out. That created a cloud of fine dust which I inhaled - not pleasant. I struggled with the second packet as well. It is possible that it is just the batch I received that did not have the tear notch punched properly. The description says ""Sweetened with honey, made from real tea leaves and real fruit flavors."" I am surprised this kind of marketing is allowed or tolerated. It is just as much (probably more if you consider contribution to the total sweetness) sweetened with artificial sweeteners as it is with honey. As for the green tea or pomegranate flavor... Who can tell that this tastes anything like either one of those things? It seems like a manufacturer can show to a cousin of a random employee a picture of tea leaves and pomegranates and let them listen to bees buzzing and then claim that the product was made with tea leaves, honey, and real pomegranate flavor. I would not buy this product the way it currently is."
181972,amazon_tea,overseas,Amazon US,Tea,B0009F3POY,4,,"it works, but taste is blah",it really does work. but you have to keep drinking it! it is very hard to cover the taste. but i think if you are trying to get what is best for your baby... the taste is worth it. at least you can wash you mouth out when you are done.
136065,amazon_tea,overseas,Amazon US,Tea,B005SPQENY,1,,"LOADED with sugar, wierd aloe vera pulp","I got this Chantea thinking my Mother and I might like as a change from colas. She would not taste it after looking closely at it. I drank as much as I could bear. I cannot stress enough how nasty this Chantea Aloe Vera Green Tea, Passion Fruit is. The first impression was the smell and it actually smells really good. Second was the look of the drink - it has a yellow tint and these chunks of aloe vera pulp suspended in it. Shaking the bottle vigorously did not force the pulp to the bottom. Third - the taste. It is VERY VERY sweet, followed by the slimy pulp hitting your mouth and finally a bizarre aftertaste. When I say this stuff is loaded with sugar, I mean it. The Chantea is 11.5 ounces and is broken into two servings per bottle. That means there is 38 grams of sugar if you drink the entire bottle. A 12 ounce Dr Pepper has 38 grams of sugar and tastes better. If you are diabetic or concerned about sugar intake, steer clear! I won't buy this ever."
521486,amazon_tea,overseas,Amazon US,Tea,B007JFXWRC,4,,Berry Good Tea,"Using vanilla as a primary flavor is a hit or miss proposition. I would have named this tea ""Mixed Berry Delight"" or something similar. There are multiple berries (blackberry, black currant, blueberry, raspberry,) but the vanilla flavor seems somewhat lacking. Also, vanilla is not even listed among the ingredients. I presume it falls under ""natural flavors."" Still, it is a flavorful tea. I would have been quite happy if they hadn't mentioned vanilla. Lipton is using an unusual tea bag shape; a pyramid. Ostensibly this design allows greater surface area access to the ingredients within. All in all, a good herbal tea."
521375,amazon_tea,overseas,Amazon US,Tea,B007JFXWRC,4,,Flavorful and relaxing,"I'm not normally a fan of vanilla teas because they often are either too strong or have an artificial taste. This particular blend, however, hit the perfect mix of blackberry and vanilla to provide a mildly sweet, subtle flavor even before I added any sweetener to it. The blackberry and vanilla scents aren't overwhelming. It has a delicate and relaxing scent that makes you want to curl up on the nearest sofa with a comforter and a good book."
37235,amazon_tea,overseas,Amazon US,Tea,B003CK2BQG,5,,Excellent tea,I love to try new teas. I especially love jasmine teas. This tea by Stash is the best jasmine/green tea I have ever had. The fragrance is so sweet that it is a feast for the taste buds & the nose! I highly recommend it. Very soothing & perfect with a drizzle of honey.
538177,amazon_tea,overseas,Amazon US,Tea,B0061IUIDY,4,,Not bad...,"There is nothing real special about the Higgins & Burke English Breakfast Black Tea as it's not bad but it's not special either. The flavor of the tea is reminiscent of most breakfast teas, but I would not say it's as bracing as some other breakfast teas I've tried. Overall, I'd recommend this tea, especially if you are looking for a less bracing cup of breakfast tea."
62037,amazon_tea,overseas,Amazon US,Tea,B000CQG8K8,1,,Really Bad Tea,"The first cup I brewed was awful. Nice bergamot scent but horrible BITTER tea taste. I tried brewing two more times using alternate techniques. But, still horrible BITTER tea each time. I will not buy this brand again."
458668,amazon_tea,overseas,Amazon US,Tea,B000FFIL92,2,,Disappointing tea in a user-unfriendly box.,"I bought this as a little treat for myself and after all the glowing reviews, I could not wait to try the tea. Steeps three pots and a pretty gift-box to boot? Needless to say, I was excited to watch those tea blossoms form. First annoyance: Dear lord, is that bamboo box a splinter hazard. The woven clasps at the side were incredibly difficult to get off and I had to be very careful handling the box itself all the while because the edges are sharp and they hurt! Second annoyance: Superfluous and messy inner packaging. Bamboo is so renewable and environmentally-friendly that they decided, hey, what's more wasted paper inside the box? Third annoyance: The teapot barely makes enough for one person. Fourth annoyance: The tea blossom not only floats to the top as you pour hot water, it crumbles coming out of the plastic packet. And on the subject of the packets, I have no idea why ""biodegradable tea bags"" are listed as a product feature- there most certainly are none present. Fifth annoyance: The most horrendous and unbelievably weak tea I have ever tasted. It was like boiled grass clippings and I can actually tolerate wheatgrass and spirulina. I've tried Stash, Choice, Guayakí, you name it, so I know how tea is supposed to taste. Sixth annoyance: I did not even get to enjoy the visual splendour suggested by the dazzling pictures of tea leaves in full bloom. They do not open completely and the smell was unimpressive to say the least. Given how awful the tea tasted, I'm beginning to question how ""natural"" the tea was in the first place. If you want to go with organic, fair-trade, and interesting blends, try something along the lines of Zhena's Gypsy teas. At this price, I could have gotten the equivalent of 44 corn silk sachets. I'd normally let something this lacklustre go and forget about it, but it infuriates me that this product is being marketed as some sort of luxury item when it is neither fun to drink nor to look at."
521359,amazon_tea,overseas,Amazon US,Tea,B007JFXWRC,5,,good flavor in a interesting package,"With the coming of fall I'm back in the swing of hot-tea drinking. When I saw the Lipton Pyramid Tea Bags, I was curious as to whether the shape would make any difference. I'm not 100% sure if it is the pyramid shape, or the extremely light netting used, but the bags seem able to make a difference in the quality of the tea. I followed the directions (4 to 6 minutes) and brewed for 4 minutes with hot water. The tea was pretty weak at this point. I continued to brew to 5 (better) then to 6 minutes (just right for my taste. There are 18 bags in the box and each bag ""brews"" one cup of tea. I found that if done quickly, I could reuse the bag for a second cup without a lot of loss of flavor. (brewed at 6 minutes the 2nd time)"
145569,amazon_tea,overseas,Amazon US,Tea,B003D4F1QS,4,,Great Tea,"Stash Peach Tea is the best peach tea that we've found. For some reason it is always hard to find in OKC, it sells out as soon as it appears on the local store shelves. We found the 100 count box on line and ordered it. The price was higher per bag than the 20 count boxes that we buy at the local stores, but the convenience of finding it was worth the additional money spent."
182014,amazon_tea,overseas,Amazon US,Tea,B0009F3POY,1,,DIDN'T WORK FOR ME,After reading all of the great reviews I decided to try this...my baby is 7 weeks old and I am trying to stock up feedings in the freezer so I needed to produce more milk to do so. I tried the tea for 2 days and it actually DECREASED my milk supply so I stopped. So I read up on other ways to increase my milk supply...I read eating oatmeal helps and of course drinking lots of water. The oatmeal REALLY works!! I suggest eating oatmeal if nothing else is working for you.
538388,amazon_tea,overseas,Amazon US,Tea,B0061IUIDY,5,,Reminds me of England,"I haven't been to England in half a dozen years. My wife and I used to go every year, but for various reasons, we haven't been in six years. We drink tea there, not so much at home, but we got this tea and it brings back fond memories for me. It's very good tea. I'm not a connoisseur, but I know what I like and I like this tea."
136087,amazon_tea,overseas,Amazon US,Tea,B005SPQENY,4,,Actually Pretty Good!,"I was actually fairly hesitant to try to this, but I'm kinda glad I did, it is surprisingly good and is not at all what I expected! When I finally got around to drinking this, I decided it would be best to warm some up and try it warm, and keep some cold (I had left it in my fridge for a while, in a way dreading drinking it). I had fully expected to like it cold, and not so much warm or at room temperature, but I actually found the opposite to be completely true! Warm and at room temperature, I could taste all the flavors, and it has a fairly thin consistency, but cold it is much ""thicker"" and with the chunks of Aloe Vera that are in it (once again another pleasant surprise), it was just too much for me to enjoy drinking, as i have an issue with things that are slightly slimy (I am a big texture person). I would definitely purchase this though, and I would, in the future, most likely, drink it at room temperature or warm/hot (my husband preferred it cold, so its all a matter of personal taste I suppose!). Of course, how you prefer to drink it is entirely up to you, but if you like the flavor passion fruit (and don't mind the slight taste of aloe and the slight slimy feel of aloe, the warmness helps with that though!) and like little chunks in what drink, along the lines of something like Bubble Tea (which I love!), then you may like this. God Bless ~Amy"
37207,amazon_tea,overseas,Amazon US,Tea,B003CK2BQG,5,,great tea!,This tea is really good. I have tried many different brands. And this really hits the spot for tea lover's!
62143,amazon_tea,overseas,Amazon US,Tea,B000CQG8K8,5,,Steeping - the longer the better,"This tea is delicious with milk. The description on the website says to brew for 3-5 minutes. While this is a normal instruction for black tea, it will not produce the best chai. Because chai contains lots of spices, like other spicy things, it is better if the spices have the opportunity to mellow out. Basically, the longer you leave it, the better it gets. You can leave it over night or as long as you want. If it is cold, just put it in the microwave or reheat on the stove to bring it up to your preferred temperature. The decaf version with milk makes a lovely bedtime drink. Stash Decaf Chai Spice Tea, Tea Bags, 18-Count Boxes (Pack of 6)"
43745,amazon_tea,overseas,Amazon US,Tea,B001EQ5JLE,5,,Best Breakfast Tea,Simple and tasty. Best breakfast tea I've ever had. Each bag is good for 1 cup. Can take it as is or add milk.
37275,amazon_tea,overseas,Amazon US,Tea,B003CK2BQG,2,,Tastes like Cough Syrup,"I really wanted to like this tea because it is full of antioxidants. I was hoping for a fruity flavor, but instead it tastes just like cough syrup. I do not have good memories of cough syrup as a child, so because the flavor reminds me so much of yucky cough medicine, I can not drink it. I tried to drink it anyways, thinking that the benefits of a tea filled with anti-oxidants outweigh the flavor, but I just couldn't do it! Well, that is just my 2 cents. If anyone else has tried this and agrees with me, let me know!"
43813,amazon_tea,overseas,Amazon US,Tea,B001EQ5JLE,5,,The best true British tea!,"PG Tips Tea This is by far the best tea I have ever had, and I drink gallons of tea! I was introduced to it by my sister-in-law, who hails from Great Britain. She said it was all she ever drank there, but could not find it here. We are both so very pleased to be able to purchase it quickly and easily on Amazon.com--and for a very reasonable price."
70192,amazon_tea,overseas,Amazon US,Tea,B007I7Z3Z0,2,,Better than Kool-Aid,"First, I had a hard time opening it. Then, the mix came out in a cloud or lumps. I admit that I tried this after having a packet in my car for while but then it is made to travel, right? The taste is OK but nothing exciting. If I thought about it, I could taste the tea and honey but mostly I tasted the sweet Kool-Aid type taste. I was excited to find this as I cannot tolerate artificial sweetner. The sweetner (besides honey) is made from sugar but is low cal. I'm not sure how that is going to work for me. Overall, not bad but not exciting."
441892,amazon_tea,overseas,Amazon US,Tea,B004E4HUMY,3,,I have a hard time getting the right flavor for this.,I've used MIO products before. I was so excited to see a sweet tea option but I cannot get the correct amount squeezed in to make my water taste anything but nasty. I've tried the suggested serving amount and I've used trial and error. I'm more apt to drink the more watered down experiments as there is a horrible after taste when using too much of the sweet tea. I would purchase this if I could actually get the correct mixture to taste anywhere near sweet tea.
37196,amazon_tea,overseas,Amazon US,Tea,B003CK2BQG,1,,Unpleasant Grassy Taste,"I realize that taste in tea, and particularly green tea is a matter of personal preference. For me, I found this tea to be unpleasant. Opening the tea bag, I detected an aroma reminiscent of lawn clippings. As I drank the tea, I find the unpleasant aroma becomes an unpleasant taste. I am not sure how to describe it . . . perhaps wet lawn clippings or even a mossy taste. I do not get the sharp ""bite"" I normally expect from a good green tea. I will try this for a week, and see if I am missing something, but as for now, I can not recommend purchasing this tea."
521436,amazon_tea,overseas,Amazon US,Tea,B007JFXWRC,2,,not really my cup of tea,"I love tea! I was hoping that this would be as tasty as it sounds-- blackberries! vanilla! caffeine free! But... eh. Sorry for the bad pun that I used for my title, but really-- it's not for me. It smelled great in the box, so I guess that's another reason why I was so disappointed in its flavor. I had it with honey, and it still wasn't very tasty. The reason why I gave it two stars is that it does taste slightly better as an iced tea, but still, not something I'd routinely drink. As for the tea bags, they're really nice-- I love the shape and how sturdy they are. I might have to try another one of Lipton Pyramid Teas."
33903,amazon_tea,overseas,Amazon US,Tea,B00412W76S,5,,Excellent,the tea is very good with honey and I have seen a difference. I have lost 3lbs since taking it.
136035,amazon_tea,overseas,Amazon US,Tea,B005SPQENY,5,,Great Taste!,"I just got this iced tea today, and immediately fell in love with it. It is, by far, the best tasting iced tea drink that I ever tried. It is very refreshing and energizing, especially if you (as I did) drink it after a strenuous workout. The little pieces of passion fruit were a bit odd at first, but I quickly got used to them. If anything they give this tea a very fresh taste and unique texture. Overall, very happy with this product and I hope it takes off and becomes popular enough to make it to the local grocery stores. Would be more than happy to buy it on a regular basis."
37186,amazon_tea,overseas,Amazon US,Tea,B003CK2BQG,5,,Love it,"I love this tea....on auto delivery. As an Oregonian, I love that this is a local product."
145804,amazon_tea,overseas,Amazon US,Tea,B003D4F1QS,2,,"Not terrible, but...","Not terrible, but not anywhere near as good as the Tazo Organic Chai tea bags. Now, you can't beat this price (on the 100-count bulk box), so it still may be worth the compromise in quality. I will say right now that I will likely not buy again and I will try to find the Tazo Organic Chai at the best price I can--which I will still pay even if it is double or triple what this is. Or perhaps by the time I go through 100 bags (50 mugs worth--the Tazo only needs 1 bag, the Stash needs 2) this will grow on me. I recommend honey as the sweetener for any unsweetened chai. The packaging is fine, by the way--except now owing to the complaints they use too much. It's still the same plain box with individually-wrapped teabags stuffed inside, but then that's placed in an oversized box with too much of that air-pack cushion that Amazon uses. This is the bulk size box, so don't expect a box that looks fashionable on your kitchen counter. Lowered rating from 3 to 2 after I found the Tazo at a decent price. See the comments."
441928,amazon_tea,overseas,Amazon US,Tea,B004E4HUMY,3,,Better than plain water,"Overall, not bad. It is certainly better than plain water, but it tastes a bit like chemicals. Also, it is hard to judge how much is the right amount until you get the hang of it. I might try other flavors as I've seen this product in my local supermarket."
145564,amazon_tea,overseas,Amazon US,Tea,B003D4F1QS,4,,Love the mango taste,"This green tea is absolutely tasty. I have been looking for a good tea that has the true Mango flavour and have not found one before I tried Stash Mangosteen. I love this tea, I have a cup every day. It is also great with some real ginger in it with honey :). Yumm!"
34006,amazon_tea,overseas,Amazon US,Tea,B00412W76S,5,,amazing!....,I purchased this item a month ago and i drink a cup morning and night. I love it! I drink it with clover honey...
70294,amazon_tea,overseas,Amazon US,Tea,B007I7Z3Z0,5,,Great Taste That Won't Keep Me Up!,"I'm a big fan of the Lipton To Go products, I drink a lot of their White Tea W/ Raspberry because it's wonderful but Caffeine limits my drinking to the mornings and early afternoons, Then I found out about the Tea & Honey Strawberry Acai and I had to try it! It's a true taste treat and the sugars are very low (1g per serving) So I don't have to worry because of my dietary limitations of sugar. I have a iSi soda siphon, that I've been using for years and after putting a packet of this Iced Tea mix in the bottom of my glass, I spray some of my carbonated seltzer water into the glass making the most delicious Green Tea soda I have ever tasted, I LOVE IT! This mix is truly delicious and it's decaf, I will be enjoying this as I watch my evening TV without losing sleep."
521343,amazon_tea,overseas,Amazon US,Tea,B007JFXWRC,4,,Good tea,This is a great tasting tea with great flavor. If you are not a vanilla fan stay away. Nothing is overpowering about it however it is distinct in its flavor. I am not a fan of the pyramid bags they get stuck around a spoon easier when stirring and such.
521423,amazon_tea,overseas,Amazon US,Tea,B007JFXWRC,4,,"Good, Not Great","Lipton's Herbal Pyramid Tea Bags in Blackberry Vanilla make for a subtly sweet delicious cup of tea. Tasters will see the pieces of real blackberries and hibicus flowers that enhance this beverage. I'm not sure that the shape of the bag plays any specific role in making a better cup of tea. It was good, not great."
37206,amazon_tea,overseas,Amazon US,Tea,B003CK2BQG,5,,The Best of the Best!,"I love Jasmine tea! More than anyone trust me. I got my first shipment of six boxes yesterday and have signed up for delivery every two months. The box it came in said ""Stash"" on the side. I'm assuming this tea came directly from the company. I should think it did by how cheap it is! At the grocery stores near me this tea is $3 a box on sell. This is a great deal! Stash is by far the best company for jasmine tea. I love this stuff! The only thing I would say to a new customer is don't reuse tea bags. Other than that, enjoy! It doesn't get better than this!"
136081,amazon_tea,overseas,Amazon US,Tea,B005SPQENY,2,,Too sweet!,"The ingredients are ""water, cane sugar, green tea infusion, aloe vera, citric acid, natural flavors (passion fruit)"". As you probably know, the order of ingredients on these labels indicate the relative amount of each ingredient, and one sip of this will show you why sugar is the second ingredient listed: it's TOO SWEET! It's like taking a mouthful of very very sugary ice tea. I tend to prefer unsweetened ice tea so I can sweeten it myself to taste, or if it comes pre-sweetened at least it should be a small amount. This stuff is just pure sugar. Unless you have a very sweet tooth, this will probably be a problem. On the plus side, the ""aloe vera"" part of the drink actually means there's actual aloe vera pulp in the tea. This may come as a surprise if you're not expecting it - and if you don't like things like high pulp OJ this is really not going to be the beverage for you. However, aloe is really good for you, and the actual pulp is the best way to get the benefits. If only they've been a little less heavy-handed with the sugar, this might have been an enjoyable drink, but I just can't get over the sweetness so this is one product I won't be buying."
62129,amazon_tea,overseas,Amazon US,Tea,B000CQG8K8,5,,The only tea I drink,"I was a hardcore coffee drinker for 20 years. Suddenly, I was craving tea. I tried many different kinds until I tried this tea and have been drinking it ever since. I love it!"
33992,amazon_tea,overseas,Amazon US,Tea,B00412W76S,5,,delicious,"This tea is great. I cook it in gallon batches and sweeten it with agave nectar and keep it in the fridge. I guess it ""worked"" because my daughter was born after just 4 hours of labor and 20 minutes of pushing. I'm still drinking it since I had just ordered another 3-pack of boxes of it the day before our baby was born. My husband loves the tea too and he doesn't even have a uterus."
229999,amazon_tea,overseas,Amazon US,Tea,B000WB1YSE,5,,Kirkland Signature Ito en Match Blend Green Tea,"Ah, my favorite......I have Fibromyalgia and this 100% Japanese green tea leaves in unique bags is the most comforting and enjoyable tea I have ever had. I love the taste of matcha. Amazon.com delivers this one to my door exactly when I want it."
230048,amazon_tea,overseas,Amazon US,Tea,B000WB1YSE,1,,What?,"I also just don't get all of these good reviews, I have no idea what they were drinking. I found the Kirkland tea to be the most flavorless green tea I've had. It's a terrible tea. I'm not even sure if it is green tea, it almost tastes like steeped grass. It is also very weak. I have to use 3 tea bags to get a decent cup. I think the other reviewers just see the nylon bag and think, wow, this must be good tea. One other gripe, they make the strings to short on the bags. They aren't long enough for the tab to hang over the edge of a normal sized coffee cup. I have to cut the strings off unless I want paper floating in my tea. I would recommend the Stash premium green tea. It has fantastic flavor and is about the same price as the crappy Kirkland tea."
70129,amazon_tea,overseas,Amazon US,Tea,B007I7Z3Z0,3,,There are better options,"I really like the ""on the go"" mixes that are single or double servings in a tube. I drink the Ocean Spray and Crystal Light ones all the time. I like iced tea so I figured that I might like this too. That wasn't the case. I found this didn't mix in as well and while it smelled awesome, the favor just wasn't there for me. It smelled like strawberries but didn't really taste like them. There was maybe a hint of strawberries when you first take a drink but the after taste from the green tea didn't really work for me. I think I'd skip these next time."
123161,amazon_tea,overseas,Amazon US,Tea,B000CQBZOW,2,,Rather weak and non-descript tea,"There are several other Stash teas that I've tried and enjoyed. But this one is sort of feeble-tasting. Up until now, I've gotten the Yogi Tea Egyptian Licorice Yogi Tea Organic Egyptian Licorice, Tea Bags, 16-Count Boxes (Pack of 6) and that one actually has a bold licorice taste. And it is that one that is serving as the point of comparison to this Stash tea. Keep in mind that I don't add honey or any sweetner to my teas, so they have to stand on their own. This Stash Licorice Spice has a weak licorice taste and a weak spice taste. I have to use TWO teabags at a time (which makes the seemingly low price not so much a good deal)."
34029,amazon_tea,overseas,Amazon US,Tea,B00412W76S,4,,"Not as rose-flavored as you might think, but still good","I bought this tea thinking it would taste like a rose. I was only half right. While the rose flavor is still there, you have to really search for it. I think it takes a few cups to do that because this is primarily a fruity tea. After you knock the first few cups down and find the subtle rose flavor, you'll find that it tastes like what a rose would taste like if it were a fruit. Which is basically what rose hips are. After drinking this entire box, I found that I really liked it. I was sad when the box was gone and I do intend to get some more soon. Just as an added note, I feel this needs to be mentioned. If you're like me and like to suck on the teabag, I do not recommend doing it with this tea! The bags themselves are not very thick and will break and you will have an explosion of mushy rose hips in your mouth!"
136032,amazon_tea,overseas,Amazon US,Tea,B005SPQENY,3,,Tasty - But Only If You Like a Chunky Drink,"This is a tasty tea, but I think solids within your liquids are a personal preference, and I tend to prefer drinks without pulp. Otherwise, it is a good tasting beverage (a little high in calories for me as I tend to choose lower calorie teas)."
37305,amazon_tea,overseas,Amazon US,Tea,B003CK2BQG,2,,Stash fails splendidly this time.,"The flavors you immediately notice after the first sip of this tea, are hisbiscus flowers and chamoile. The Pomegranate and Raspberry flavors and the green tea are all buried and very faint! If you are looking for a tea to wind down your hectic life, this is not a bad tea at all. If you are looking for an excellent blend of Pomegranate and Raspberry flavors in green tea, you maybe be very disappointed like I do."
62113,amazon_tea,overseas,Amazon US,Tea,B000CQG8K8,1,,If you dislike cloves do not buy this buy Numi golden chai.,"I really like other flavors of Stash (peach, lemongrass green and breakfast blend). But, this has two types of cloves which I knew weren't my favorite but it also had cardomon oil which is my favorite spice. But the cloves overpower everything else. Numi golden chai has no cloves whatsoever so I recommend it if you want to avoid those pesky cloves. Oh, Numi also does not have black pepper which is traditional in chai tea but is also a taste I don't like in my tea."
458587,amazon_tea,overseas,Amazon US,Tea,B000FFIL92,3,,maybe it is not MY cup of tea!,The product is exactly what it is stated as. The flowers bloom and are beautiful. The little pot is the right size for two tea cups. You can put more hot water in and the next cups are as good as the first. My only problem is that the tea tastes like boiled grass! I am thinking that this is just not 'my cup of tea'! I like a more full bodied tea.
521408,amazon_tea,overseas,Amazon US,Tea,B007JFXWRC,5,,Interesting flavor,"This isn't my favorite tea ever, but it does have a unique flavor that I've never had before - really original, which is hard to come up with in a tea. I'll buy it again, plus I'll try some of the other interesting looking flavors that Lipton has come out with recently. Who knows, I may like one of those even more."
521397,amazon_tea,overseas,Amazon US,Tea,B007JFXWRC,5,,Delicious berry flavored tea!,"I am a fan of Celestial Seasonings Cherry Berry tea, so was anxious to try this one. It is my new favorite! Wonderful berry flavor with a hint of vanilla. Very tasty on a cold day, and best part is no caffeine so I can drink several cups at a time. If you like fruit flavored tea, I highly recommend it."
458598,amazon_tea,overseas,Amazon US,Tea,B000FFIL92,3,,tea pot and tea,"I have enjoyed the glass teapot, and even the packaging, but the tea flowers did not have hardly any flavor... the first time I tried a tea posy it was wonderful, but with these, just not enough flavor."
135988,amazon_tea,overseas,Amazon US,Tea,B005SPQENY,3,,"Richer in flavor, but a bit pricey.","CHANTEA ALOE VERA GREEN TEA, Passion fruit 11.5 ounce. I loved the taste of this tea, but you must drink it very cold, and make sure you really shake the bottle before you drink it as the tea is at the bottom of the bottle. I buy Lipton green tea with citrus for my teenage daughter and this product is very comparable. They both have almost the same ingredients (citrus vs passion fruit in this case) and have almost the exact number of carbs and sugar. The differences between them are the CHANTEA has a much richer tea flavor vs the Lipton. If you are a green tea lover you would certainly prefer this over the other brands. The aloe pulp may put people off but, I liked it. I also drink orange juice with pulp so maybe thats why. I didnt love the passion fruit but will definitely try the other flavors. The other major difference is the price. A 24 pack of Lipton green tea with citrus is about .50 a bottle (16.9oz) vs the CHANTEA which comes in 8 packs at about 2.00 each (11.5oz). Pros- The flavor is much richer and closer to real green tea. I would classify this as a more grown up tea drink. Cons- The price is much higher than other comparable brands. If you go to Starbucks for your daily iced tea this would be a value for you. If, like me, you buy a case of a similar product and are ok with the taste, this probably would not appeal to you."
43742,amazon_tea,overseas,Amazon US,Tea,B001EQ5JLE,5,,PG Tips,Order arrived all the way from England a couple of weeks earlier than the delivery estimate. I have used the same brand from local suppliers for several years. It is a good strongly-flavored black tea.
37234,amazon_tea,overseas,Amazon US,Tea,B003CK2BQG,3,,Comment on new box design...,"I love this tea, but I find the new box design annoying. I don't really like the photos on the boxes and I have gotten two different types, this one and the Hazelnut one and both of them had flaps that ripped and they don't stand upright like the other style did, the old style with no picture. I don't know why this is, but it bothers me enough to tell others about it."
34003,amazon_tea,overseas,Amazon US,Tea,B00412W76S,5,,Light flavored tea,"I got this tea because it is supposed to help with PMS and supposedly helps ""prepare"" the uterus for conception. I figured it can't hurt, so why not? I think this tea is very light flavored. I usually put some honey in it and it goes down great. As for the rest, I've only been using it (3 times a day) for the past 7 days and haven't gone a full cycle yet, so I don't know if it really does work for PMS yet or not."
181977,amazon_tea,overseas,Amazon US,Tea,B0009F3POY,5,,Seems to really work,"After drinking this tea, I was able to pump four ounces in just a few minutes, which is more than usual. Tastes good too."
34010,amazon_tea,overseas,Amazon US,Tea,B00412W76S,5,,This is great quality tea,"I drank this tea after my first trimester of pregnancy for its numerous health benefits. It is pure red raspberry leaves and great organic package. They are not individually packaged, they come in a foil lined paper lije package and there are no strings or tags, just steep add agave or honey to sweeten...it is a little bitter but not bad and drink!"
43738,amazon_tea,overseas,Amazon US,Tea,B001EQ5JLE,4,,Good tea for dirt cheap :-),My girlfriend found this little gem of tea years ago and she always have a small box of it (40 ct). We've enjoyed it and then saw this GINORMOUS pack on Amazon. We figured there's no way we'd go through all these teabags... but we did. :) Great flavor. It's a very nice every-day tea. Get it!
538298,amazon_tea,overseas,Amazon US,Tea,B0061IUIDY,4,,Pretty good for a non-tea drinker,"I pretty much drink coffee non-stop and only drink herbal teas when I am not feeling well. I've heard of Earl Grey tea, as I witnessed people from older generations drinking it. First, the fragrance is strong, however pleasing. When I took my first sip, I wanted to spit it out. However, I decided to give it a chance and continued drinking it and I actually like it. Initially, I wanted to throw a pack of Splenda in it, but I found it tastes good with or without sugar and it was a definite pick me up. Perhaps, I'll drink tea more often."
123073,amazon_tea,overseas,Amazon US,Tea,B000CQBZOW,5,,Great herbal tea,"Do you love the taste of licorice? If so, this tea is for you. I used to be able to buy it from retail grocery stores but they no longer carry it. It turns out that buying this online is about half the price of retail, so I win both ways (price & availability). I do not add sugar, milk or anything else to this tea. It is wonderful all by itself. However, just one bit of advice: Do NOT remove the bag after brewing. The tea is so mild, that I leave it in the cup the whole time I am drinking the tea."
230031,amazon_tea,overseas,Amazon US,Tea,B000WB1YSE,1,,Not very good quality green tea.,"This green tea doesn't even compare to Japanese matcha. Kirkland Ito En Matcha is extremely weak in flavor. In fact, with one tea bag it doesn't taste, smell, or even look like the matcha you find in Japan, or the green teas you find elsewhere. It is flavorless and odorless unless you pack two or three tea bags in a cup and, even then, it's very poor quality in comparison to other green teas. This Kirkland Ito En Matcha isn't even close to as good as other green tea available for about the same price on Amazon, such as Yamamotoyama - Green Tea (Sushi Bar Style) 90 Bag Value Pack . That brand is significantly higher quality in every respect, even if the price is mostly shipping charges. The bottom line is that if you're looking for top quality green tea, this Kirkland Ito En Matcha is not it."
441937,amazon_tea,overseas,Amazon US,Tea,B004E4HUMY,4,,Nice concept if you want sweetened water with no calories.,"Any way to get people to drink more water has to be a good thing. Mio water enhancer adds flavor to your water so you are encouraged to drink more. The bottle is small and would easily fit in a pocket or small purse. Each bottle contains enough flavor for approximately 24 servings, but this varies based on how much you actually squeeze in. There are zero calories as well. Overall, I would say it's a good product. My wife and I both enjoyed the flavor. The aftertaste of artificial sweetener is the only flaw. The sweet tea actually tastes pretty good, and I liked it better than the mango peach flavor I tried. We found ourselves using Mio while eating dinner and not wanting plain water."
37251,amazon_tea,overseas,Amazon US,Tea,B003CK2BQG,5,,Great teabag tea...,"Loved this tea. However, make sure you brew it long enough (per cup)..see instructions on box."
222470,amazon_tea,overseas,Amazon US,Tea,B004E4CCSQ,4,,Better Than Plain Ol' Water,"This stuff tastes just fine. That is, it tasted just like I expected it to taste, which is the taste of artificial peach flavoring. I'm used to this stuff in other drinks, in teas, in candy, so I know what it tastes like, and this product delivered perfectly on that taste. Now, does it taste like I've squeezed a totally ripe fresh peach into my water? Well of course not, and you'd be a fool to expect that. The product is officially ""peach tea,"" but I really didn't taste any tea flavor at all. It's got that brownish tea tinge once you get it mixed up, but the only taste I was getting was peach. I asked my 15-year-old daughter (a core prospective demographic, I would think) what she thought of the product. Her first reaction was that it tasted like ""chlorinated pool water."" Ouch. Tasting it with that description in mind, I could see her point; there is something in that slightly astringent peach taste that can be interpreted as chlorine-like. If you are thinking that way, you'll taste it, but if you're thinking peachy, then that's probably what you'll be tasting. Water is better cold than warm, but even at room temperature, this product made water a more enjoyable experience. The unit price is pretty good, at around five bucks. That seems like a lot for such a dinky little package coming in at least than two fluid ounces, but it's touted as being able to flavor-up 24 bottles/servings. That's something like 21 cents a serving, which you're never going to see at your work cafeteria or local convenience store. That being said, our family certainly didn't get 24 servings out of this package. It was more like seven or eight. There is no way to measure how much you're squirting into your water, and the depth of color (light v. dark) once you stir the mixture in doesn't really help that much, at least in terms of flavor. We did learn that more Mio in the glass doesn't really make the flavor that more intense. And, for the hydrological experimenter among us, this product is lots of fun to use. Get your bottle or glass of still water, and put it in drop by drop, and you've got fascinating lines and curves, which move ever so slightly in the water. Psychedelic, man. Drop this stuff in from a height, and it's even more fun. Squirt a huge shot in all at once, and the action is really good, your own potable lava lamp. And then, get that water going in a tight vortex and drop your Mio in--very cool. (Add a laser pointer into this aqueous exploration, and you might just see God looking back at you.) The cap locks down tight, which is a good thing, if this product really is going to be dropped into a purse or a backpack for rockin' hip and youthful on-the-go Mio-nization of your drinking water. Even if the cap comes up, the dispensing nozzle is valve-like in its operation, which means you've really got to squeeze your little Mio bottle to get that concentrate to come out. That was smart packaging. I did do a stain test on this stuff, as its color is a deep, crimson, salmon-blood red. I put a couple of drops on a white dish towel, let it soak in and then dry, and then washed the towel. The good news: all traces of the stain were completely gone. Bottom line: This is not going to give you the fruit-flavored tea experience that you'll get with a powdered mix. Its taste is slightly artifical, but in general is not bad. It's a neat advancement in the hydrate personalization."
230101,amazon_tea,overseas,Amazon US,Tea,B000WB1YSE,5,,best tea ever...,"Well, its the best I've tasted yet...It only takes 30 seconds to set and has plenty of Maccha powder in the package to sprinkle onto the water. I heard that you can also brew it in cold water by leaving the bag in the water for 5 minutes...never tried it, not really into cold tea. The taste is grassy, comparable to Hagen-Daz green tea ice cream...which is delicious, so buy it."
33897,amazon_tea,overseas,Amazon US,Tea,B00412W76S,5,,mmmmh... jummy,i really have to say I love this chamomile tea. Especially when I have a cough and/or cold I brew some and pour it in a bowl to inhale the chamomile vapors. It works just great. Of course I also love to drink it when I'm sick. I like the chamomile taste and that there are not other ingredients in it but the chamomile.
458514,amazon_tea,overseas,Amazon US,Tea,B000FFIL92,4,,Beautiful and Well Received.,I bought this to give as a gift to a fellow tea lover. She adored the set and beauty of the tea flower once it blossomed. The only issue was that the bamboo chest it came in was damaged and had scratches across the top and it's side but not enough to take away from its allure.
62079,amazon_tea,overseas,Amazon US,Tea,B000CQG8K8,5,,Manna from heaven,"Stash makes quality teas all the time, but this Peach Black Tea is simply the best. It makes a heavenly iced tea."
458622,amazon_tea,overseas,Amazon US,Tea,B000FFIL92,5,,Satisfied with Tea Set but not with Amazon,"The package is very nice for gift giving; larger than I expected. However, the system would not allow their promo code offered on 11/1 to go through so I did not get $10 discount offer on two. :-("
458676,amazon_tea,overseas,Amazon US,Tea,B000FFIL92,1,,do not buy this,This was a waist of $. The flowering tea DOES NOT FLOWER! No matter how hot you get it! Dissapoinment! WAIST IF $!
145808,amazon_tea,overseas,Amazon US,Tea,B003D4F1QS,3,,"Great product, but caffeine free????","For the price you can't go wrong. It's a great product and excellent quality. My quam is that it claims to be caffeine free, but it sure kept me up all night long after taking it. I'm not quite sure if it really is caffeine free. I bought it to relax before going to bed. I certainly can't do that with this product."
123185,amazon_tea,overseas,Amazon US,Tea,B000CQBZOW,4,,Stash Premium Peppermint Herbal Tea,Very nice product. It was fresh and in date and shipped quickly. Thanks.
521482,amazon_tea,overseas,Amazon US,Tea,B007JFXWRC,4,,"A VERY nice tasting tea, and cool little bags!","This is a very nice refreshing tea. It has bits of real fruit and in my opinion you really can taste the difference. The bags are triangle shaped, just like on the box and are not made of paper, so they don't tear if left in the mug. This tea has a good berry flavor, the vanilla isn't that strong, but you do taste it. That being said if you are looking for a ""Tea with fruit flavors"" this is not for you, this is a nice sweet fruit tea. I can definitely see this also being sun-brewed and served chilled.. it is a really nice and different tea! **** Jim"
458615,amazon_tea,overseas,Amazon US,Tea,B000FFIL92,5,,"GREAT for tea lovers, fans of the unique, or anyone who appreciates art...","This set is AMAZING. I got it as a gift from my husband AND purchased as gifts for others. The teapot is good for about two mugs of tea at a time (so at most it's a tea for two set) but each 'flower' can be re-brewed two to three times and each are DELICIOUS (very floral and light; I'm not even a fan of green tea but this has got me hooked!). There was a special going on when I got it, a buy one get one half off type thing, but I would gladly have paid $19 for one set. The box is gorgeous and the item was well packaged. I also gave one to my mom for Christmas who loved it as well. The tea is beautiful to look at, I'm almost done with my box and every flavor so far has been great. I can't say enough about this great product, and it's cheaper than on numi.com!!!"
37324,amazon_tea,overseas,Amazon US,Tea,B003CK2BQG,5,,Very tasty - Could it also help me lose weight?,"I got this after reading about a study that said four cups of white tea a day - and no other changes to diet or exercise - could result in 4 to 8 lbs of weight loss in a year, and would actually reduce the number of fat cells in a person's body! The study suggested that green tea was also good for weight loss, but not as good as white. (http://www.naturalnews.com/026220.html is one article about the study, but Google it and you'll find lots."" So? I split the difference and got both. For those that think that four cups of tea is a lot? You're right. But this tea is mild enough, and tasty enough, that I've been doing it for over a week and haven't gotten sick of it yet. We'll see if that keeps up!"
70135,amazon_tea,overseas,Amazon US,Tea,B007I7Z3Z0,1,,Not only sweetened with honey,"If you are thinking this ice tea is sweetened with honey only don't buy it. Yes, it has honey as a sweetener but it's ""honey granules (sugar, honey.)"" As well, other sweeteners are sucralose, maltodextrin, and isomalt. These ingredients are not disclosed in the description but they are on the package. I have no idea how it tastes because I didn't taste it; my preference is not to ingest chemical sweeteners or sugar. In addition, one 8-ounce serving has 10 mg caffeine; one packet is two servings. I'm only giving this product 1-star because of lack of disclosure. When I read the description in the Vine Newsletter I was under the impression this product was sweetened with honey only. This is not the case. If you don't mind sugar or chemical sweeteners then I suggest you read other reviews about flavor."
441967,amazon_tea,overseas,Amazon US,Tea,B004E4HUMY,4,,Tasty and convenient!,"The sweet tea flavor is very tasty and refreshing without any added sugar or calories. It is very conveniently packaged for use away from home as well. I just pop it in my purse and I'm good-to-go. I get to control how much flavor is added according to my taste and mood. Because it is a liquid, there is no concern with additive powders that don't dissolve properly. I'm a fan."
43898,amazon_tea,overseas,Amazon US,Tea,B001EQ5JLE,5,,best tea,"Amazing blend tea. Powerfully flavorful, for those looking for a 'pick-me-up.' Not tart, but rather smooth and rich."
70235,amazon_tea,overseas,Amazon US,Tea,B007I7Z3Z0,5,,MangoLicious,"I think this product is absolutely great. I just gulped down 16 ounces of water flavored with one of these Lipton Tea&Honey packets and I really loved it! But, then again, mango is one of my favorite flavors. Pineapple is in there, too, but I think the mango stands out. Either way, it tastes delicious. You just empty one of the long, narrow packets into 16.9-ounces of water -- either a bottle (and shake well) or a glass (and stir well). I used a glass of water, but will try it in a bottle of water on my next long, hot walk. Packets are scored, so they're easy to open -- a real plus -- and easy to pour into either a bottle or a glass. Sweetened with honey, made from real tea leaves and real fruit flavors. Ingredients: honey granules (sugar, honey), citric acid, green tea powder, sucralose, maltodextrin, hibiscus extract, natural flavor, beta carotene (for color). (NO aspartame.) Calories 5. Zero Fat. Zero Sodium. Sugars 1g. Vitamin A 10%. 10mg caffeine per 8 fl oz serving (2 servings/packet). Lipton, you've got a winner here! Great product! UPDATE: The day after writing this review, I filled up a 33.8 ounce bottle with water, poured in ONE packet of ""To Go Stix"" and took it on a 6-hour road trip. Flavor and sweetness held up well in twice the amount of recommended liquid and the drive didn't seem nearly as long as usual."
521374,amazon_tea,overseas,Amazon US,Tea,B007JFXWRC,5,,Great taste,Very nice blackberry tea without caffeine. The lack of caffeine allows a cup in the evening without interfering with sleep. Good taste - up to the usual Lipton quality
43741,amazon_tea,overseas,Amazon US,Tea,B001EQ5JLE,5,,My wife's favourite !,My wife usually drinks tea twice a day and this is the tea she definitely prefers over any other British/Irish/American style tea. The price is much better than the local supermarket and by buying enough the shipping is free :)
123193,amazon_tea,overseas,Amazon US,Tea,B000CQBZOW,5,,Very good,I was used to pick Chamomile flowers for tea myself years ago.This tea reminds me of the quality of home made chimmile tea.You cant go wrong with it
538378,amazon_tea,overseas,Amazon US,Tea,B0061IUIDY,2,,No depth of flavor,"I really like the Higgins & Burke Chai tea, so I was looking forward to trying this one. I was disappointed. It is not horrible, but to me it tastes very, very weak with no depth of flavor. I like my tea on the stronger side (I love Harney & Sons Russian Country tea, for example), and this one doesn't even taste as strong as a basic Lipton tea bag. On the plus side, each bag is sealed in an airtight packet."
43822,amazon_tea,overseas,Amazon US,Tea,B001EQ5JLE,5,,"Owner, historic Inn & B&B",One of the best teas we have found to serve our Inn guests. Good smooth flavor.
538303,amazon_tea,overseas,Amazon US,Tea,B0061IUIDY,5,,A few steps above other Earl Grey teas,"As a general rule of thumb, I like black tea, but I don't like Earl Grey. It's never strong enough for me, or it tends to have a bitter feel going over the tongue. This tea was so sweet, that I could drink it with no milk or sugar. This tea was so smooth, I could drink a whole pot. This tea was so strong, that I only brewed it for two minutes and it was perfect, and I could dry out the teabag and use it again. This stuff is legit. I'm totally going to have to order more of it when I run out. And I'm going to have to look into other teas by this company. Love it. Totally love it. Good any way you serve it."
181912,amazon_tea,overseas,Amazon US,Tea,B0009F3POY,3,,Didn't work for me but worth a shot,"This did nothing for me, as far as I could tell... and I was drinking 5 bags a day. But on the plus side, the flavor wasn't too bad - I wouldn't pick it over one of my favorite teas just for drinking, but with a little turbinado sugar and milk, it was quite tolerable - unlike some medicinal teas I've had! I am not a fan of licorace and feared this would be nasty to drink but it wasn't bad. Worth a shot - great if it works for you, but if it doesn't, there are other things to try. (Motherlove tintures seemed to boost my supply very well when this tea and fenugreek capsules didn't work)"
37309,amazon_tea,overseas,Amazon US,Tea,B003CK2BQG,3,,"Still a cinnamon tea, but not as overpowering as in Stash's Organic Chai Black & Green Tea","This is a very pleasant green tea. The cinnamon is fairly dominant but counterbalanced quite well by the green tea flavor, even though Stash did use cinnamon oil. I was a little scared about the cinnamon after my unpleasant experience with Stash's Organic Chai Black & Green Tea, which was ruined by too much cinnamon oil. After I use up these six boxes I do not know if I will purchase anymore Stash tea. Stash needs to hold off on using the spice oils (especially the cinnamon), even though it isn't so offensive in this particular tea, they could still tone it down a bit more."
136083,amazon_tea,overseas,Amazon US,Tea,B005SPQENY,2,,Very bad,"I love tea and green tea especially, but this product was one of the worst tasting things that I have ever tasted. It was bitter and left a horrible aftertaste. After the first drink I gave it to my sister to try and she disliked it even more. Perhaps we just don't have the most developed tastebuds around."
37209,amazon_tea,overseas,Amazon US,Tea,B003CK2BQG,1,,Maybe I have a bad batch,"I was a bit shocked to see all the high ratings on here, so maybe it's my box: perhaps it was mishandled. So far the two cups I've made taste like plastic and chemicals. I'll try brewing it loose leaf in case the taste is coming from the bags, but so far I found this tea disappointing."
458679,amazon_tea,overseas,Amazon US,Tea,B000FFIL92,1,,DIRTY!,"I was very excited to receive this item and was planning to gift it to a tea lover. However, the bamboo box was filthy - the sides and bottom were coated in dried mud. The inside box containing the tea was also dirty. I was worried the quality of the tea would also be poor and did not want to give someone a dirty present. And then I realized this gift cannot be returned! What a waste of money."
538257,amazon_tea,overseas,Amazon US,Tea,B0061IUIDY,4,,"smooth, but mild spiced black tea","A perhaps too-mild Assam tea with spices, packaged in Canada, that makes a reasonable mid-sized cup but needs a long steeping. I drink a variety of black and green teas, though my true love is coffee. Thus I similarly prefer stronger tasting black teas, deeper, ones with intense but nuanced flavors. Also, I drink my black tea (and coffee) plain-- no milk. Tasted that way, this Assam is an unassuming, mild tea, full-flavored, but not robust. There's a pleasing scent of spices on opening the packet, but less distinct spicing in the brewed tea. For south-Asian inspired tea, I'd expect more scent/flavor of cardamom (I don't detect any). It may be that getting a more robust tea with vivid spicing would mean moving to loose-leaf-- there's only so much room for tea leaves and water circulation in these little bags. Using boiling water, I made a 16oz mug with a 6 minute steep, and a 10oz mug with a 5 minute steep. Both tasted fine (not over-extracted) and were almost surprisingly mild. I don't suggest steeping at the low-end of the range (3 mins) considering how mild this tea is already. The tea drinks easily and is pleasant both hot and at room-temperature. While I find it a bit too weak, if you like your tea mild and smooth, this one is a nice choice."
230046,amazon_tea,overseas,Amazon US,Tea,B000WB1YSE,1,,Tastes Like Lawn Clippings,"I have been drinking green tea for over 20 years and I've never tasted anything like this. Do you remember the taste of ""home grown"" during the 70s? That's exactly what this tastes like. Pass on this one!"
441890,amazon_tea,overseas,Amazon US,Tea,B004E4HUMY,3,,"Great Idea, but Too Much Aftertaste","In theory, Mio is a great idea. The bottles look cool, and offer a chance to drink water without, you know, having it taste like water. In practice, unfortunately, I prefer water to Mio's sweet tea flavor. Your taste may vary, particularly if you are a big fan of lemony sweet tea, but this didn't work for me. It's a challenge to come up with a sugar free drink as sweet as sweet tea that still tastes natural. This definitely has some caramel-y tea flavor, but the strongest flavor is probably lemon, followed by a chemical ""artificial sweetener"" aftertaste. IMHO, this is worth a try if you love sweet tea, but I wouldn't invest in a package of four until you were sure you liked it."
70158,amazon_tea,overseas,Amazon US,Tea,B007I7Z3Z0,4,,"Not as good as home brewed, but good for on-the-go","Instant iced teas have never been able to approach the depth of flavor of a good home-brewed tea, but if you're looking for something quick and easy to mix up in your water bottle before you head out to the gym, these single-serving packets can't be beat for decent flavor, convenience, and adding hardly any caloric load to your workout quaff."
458748,amazon_tea,overseas,Amazon US,Tea,B000FFIL92,5,,Beautiful Teas,"I gave this for a Christmas present to someone who always drinks tea, it went over fabulously, she love them."
538415,amazon_tea,overseas,Amazon US,Tea,B0061IUIDY,4,,Delcate and mild. I would buy again,"Black tea is my preferred tea flavor, and I always add a dash of sugar. I usually favor Tazo brand for all my teas. I would say Higgins & Burke is a good, very comparable flavor albeit a bit weaker and more mild. It surpassed some other brands because of that fact. Its mildness was easy drinking, especially when iced. I didnt feel the need to do two bags. If you like stronger black tea flavor, you would have to double up on this one which would make it not as good of a deal. Personally I like the light nature of this one, and would repurchase."
182017,amazon_tea,overseas,Amazon US,Tea,B0009F3POY,4,,An easy option to increase your milk supply,"I've been using Mother's Milk Tea for a little over a month now & it seems to be working quite well. Before I started drinking the tea, I would only be able to pump a couple ounces at a time, creating a problem of not having a decent supply of breastmilk built up in my freezer. After drinking the tea, I can now pump about 4 ounces at a time. I noticed a difference after just a couple cups of this tea. They say that when you return to work that your milk supply is bound to go down but, I think this tea has counter-acted that theory because I haven't noticed much of a difference in my milk supply since I've been back to work. There may have been a slight decrease but, not much in my case. This seems to be an easy option to increase your milk supply. I'm glad I tried this tea because I did not want to have to supplement my son with formula. The taste isn't too bad either. It has a anise or licorice taste. I add a little honey to it & it tastes just fine. I don't always drink 5 cups a day of this tea but even when I don't, I still notice a difference in my supply. I sometimes brew a couple tea bags in a mug & let it sit and get really strong before drinking it. Seems to do the trick for me. Amazon also seems to have the best price that I could fine for the tea."
441858,amazon_tea,overseas,Amazon US,Tea,B004E4HUMY,5,,MIO sweet tea 4 pack,"Very happy with this purchase. Everytime I try to buy it in the store, it's always sold otu, Especially the Sweet Tea flavor. Price is good, not anymore expensive than when I purchase it in the store. Love to use this when I go to restarants, just order a glass of water and add this. Save $ and calories. This is a great product for people who have diabetes or are trying to cut back on calories. Would definitely recommend this."
37325,amazon_tea,overseas,Amazon US,Tea,B003CK2BQG,5,,Delicious green tea,"The trouble with many mint teas is that the minty flavoring overpowers the underlying tea leaves. Too often, mint is used to make inferior tea taste palatable. Stash's Mint Green Tea is different. It has a rich and well-rounded flavor, which I prefer to that of their flowery plain green tea. And the price is quite reasonable for such a refreshing beverage, especially if you use Amazon's Subscribe & Save. As the weather warms up, this versatile tea is well-suited to both hot and iced brewing. I would recommend it over any other bagged tea."
458586,amazon_tea,overseas,Amazon US,Tea,B000FFIL92,4,,Really cool box,"The box makes this worth the money. The tea is ok and the teapot cute, but small"
70229,amazon_tea,overseas,Amazon US,Tea,B007I7Z3Z0,2,,Tastes artificial and is,"This decaf iced-tea mix reminds me of Kool-Aid. In order to make it taste like something, it tastes like a drink mix--too sweet and not very much like tea. It's one of those products that people buy because of clever marketing -- green tea, decaf, low calorie, honey and Acai-- what could be better? Actually none of it is good. Lots of artificial sweeteners, no real honey to speak of, and an overly sweet taste. Not healthy. Not that great."
37214,amazon_tea,overseas,Amazon US,Tea,B003CK2BQG,3,,"pretty good tea,","I drink this tea in the evenings, and enjoy it. I do think it's a bit stale, and the flavor could be stronger."
521475,amazon_tea,overseas,Amazon US,Tea,B007JFXWRC,3,,Definitely a bright berry flavor,"The first word that came to mind with my first taste of this tea was tart, as in -pucker up- tart. Second word was very strong berry flavor. The second cup I added half and half and 1 teaspoon of sugar. Surprise, the taste was like a berry smoothy, only hot, like hot chocolate. I think this tea would be wonderful to use in recipies for sweet fillings, and as a marinade for meats. Unique, tart, clean and clear berry taste."
43846,amazon_tea,overseas,Amazon US,Tea,B001EQ5JLE,5,,"Great Tea, Cheap price","This is my second purchase of this tea from Amazon and I am again very satisfied with the price, speed of delivery and quality of the product. We have been drinking this tea for a few years and have found it to be very consistant served both hot and cold. This differs from many we have tasted which work for one but not the other."
538361,amazon_tea,overseas,Amazon US,Tea,B0061IUIDY,2,,Tepid taste,I am a devoted tea drinker and I have tried many different teas in my time. The Higgins and Burke English Breakfast tea is pretty mediocre in my opinion even though it is nicely packaged. Individuality bagged tea can deliver the taste and pleasure as loose teas plus its great when one doesn't have time or inclination to brew from scratch but don't expect that from this product.
123110,amazon_tea,overseas,Amazon US,Tea,B000CQBZOW,5,,Best flavor for Licorice lovers,I tried Licorice spice at a B and B in Maine and absolutely loved it. I can't always find it at a kitchen or grocery store so Amazon came to my rescue. I now purchase a case at a time. The clove and licorice flavors are wonderful and very soothing. Very nice to have at Christmas time!
70191,amazon_tea,overseas,Amazon US,Tea,B007I7Z3Z0,5,,Sweet & Sugar-free Strawberry Acai,"This stuff is delicious... and strawberry-flavored! As a diabetic I always want something to expand my options and this Strawberry Acai iced tea will do fine. Low calorie (5), low carb (1g) and sweetened with both honey and Sucralose- an infinitely better alternative to Aspertame- this is something I'm gonna enjoy having around. And did I mention it's strawberry-flavored? :)"
136073,amazon_tea,overseas,Amazon US,Tea,B005SPQENY,2,,A sugary substitute?,"Initial responses: Sight - looks like a green tea in color. Realize that there are solid chunks in the drink (I think it might be the aloe). I like the fact that all the ingredients are recognizable. I think the only thing that might be acting as a preservative is the citric acid. Smell - floral and citrus - smells really good. Feel - the chunks are noticeable in the mouth when drinking. Somewhat difficult to drink as the chunks either get stuck in my teeth and block the flow of tea (not joking) or get stuck on the outside of my mouth. Otherwise refreshing. Taste - The chunks are like little explosions of flavor. I am fairly certain that the chunks are aloe vera. The green tea taste is distinct but not overpowering. The passion fruit flavor gives this a very floral taste. Sweet to the taste. Leaves a lingering bitterness/tartness after drinking. Somewhat unpleasant. Overall impressions: This is a relatively low calorie (80) and somewhat refreshing drink. However, the amount of sugar within (and this is a considerable factor) and the related taste associations keep me from giving this more stars. This drink has 19g of sugar, the equivalent of about 1 1/3 tablespoon. It is the second ingredient listed. Granted, some of the sugars may come from the Aloe Vera (or even perhaps the passion fruit flavor?). But based on the Mayo Clinic's analysis of 2010 Dietary recommendations, by having this one drink you've already had over 1/9 of your daily recommended sugar for men, and over 1/6 for women. This is a little disconcerting, in my opinion. When you look at something (especially like tea, and aloe, and passion fruit) like this drink, you think of things that are generally healthy. There's just so much sugar in this that it becomes difficult for me to give this a more positive review. I think that the only redeeming aspect of this is that the calories are not ALL empty calories (like a soda) as you're assumedly getting antioxidants from the green tea - but why not just drink green tea in that case?"
37303,amazon_tea,overseas,Amazon US,Tea,B003CK2BQG,5,,Excellent flavor...the best I have tried,"Since I drink between eight and ten cups of green tea a day, I am very fussy about the taste. It must be pure green tea, I don't care for added flavors. I LOVE this tea. Recently, I ordered green tea in a restaurant and was served Bigelow, which is a good brand. I put the Bigelow tea bag in the cup of hot water and then took a Stash green tea bag out of my purse and put it into the glass decanter of hot water. This was a good comparison...the Bigelow tea was brownish in color, the Stash tea a beautiful, clear GREEN. My husband commented, ""that is why it is called green tea!"""
43792,amazon_tea,overseas,Amazon US,Tea,B001EQ5JLE,5,,PG Tips Tea,"I have been purchasing this brand of tea for about 15 years, after visiting London. When I found it at Amazon I was so happy! I normally pay $7.00 for 80 bags at the grocery store. However, I get 480 bags (2 pack of 240 bags) for just under $25.00. I secured this low price by putting it on auto ship every six months! This is the most robust tea you will find. It is great hot, and it is superb as iced tea. Take a chance with this one, it is so much better than Lipton!"
521355,amazon_tea,overseas,Amazon US,Tea,B007JFXWRC,5,,A Dessert for Your Mouth!,"The tea bags are quite unique. Notice the triangular shape, which allows more of the ingredients to infuse with the water while steeping. I have to tell you, the aroma of this tea while steeping is like a warm oven baking blackberry cobbler on a winter's day! Heavenly!!! The tea contains hibiscus flowers which lends a somewhat element of surprise to the flavor. The tongue gets this almost sweet taste of the blackberry and vanilla on the tip and top, but back along the sides of the tongue, one is treated to a tart aftertaste. Quite good! I can see me going to this on a winter's day. And especially when you want something after dinner, but don't want the calories of an actual dessert! So yummy!!! I highly recommend this delicious tea. ****DISCLOSURE: This product was provided by Amazon Vine in exchange for an independent and non-biased review."
229989,amazon_tea,overseas,Amazon US,Tea,B000WB1YSE,5,,Mmm Mmm Good,I was given a sample of the Kirkland Signature green tea and loved it. I was pleased to find it sold on Amazon and enjoy having a cup with my breakfast. Thank you Amazon for carrying a wide diverse product line that satisfies everyone.
222472,amazon_tea,overseas,Amazon US,Tea,B004E4CCSQ,1,,Want to drink pool water but don't want the chlorine? Get this,"No matter how much or how little of the product I put into my water (filtered or unfiltered), it always ends up smelling and tasting like chlorinated pool water. I'd heard good things about MiO, and I love peaches, so I thought I would try this. I'm regretting my decision."
181943,amazon_tea,overseas,Amazon US,Tea,B0009F3POY,4,,Helpful!,"When I first stumbled across this tea, I was grasping in the dark for something to help ramp up my milk production. Since my son was born, I have been unable to exclusively breastfeed him as a result of a not-so-great milk supply (previously I had tried cluster feedings/pumping sessions, oatmeal, copious amounts of water, etc). When I read the reviews about this tea, and saw that women in my predicament were going from so little to producing so much, it gave me hope. While I do have to admit that my milk supply has increased, it is no where near as much as many of the other reviewers have reported. I went from pumping about 2-3 ounces a day (on top of breastfeeding) to pumping 8-10 ounces a day (this in addition to breastfeeding). I have to say that I was slightly disappointed that I did not begin producing as much as some of the other reviewers (I would LOVE to have a freezer supply) and we have had to continue to supplement my son with formula. That being said, I would drink a gallon of this tea a day (no, the taste is not so great at first, but it has grown on me) to be able to give my son an extra ounce of breast milk. All in all, I am satisfied with the results of this tea."
70226,amazon_tea,overseas,Amazon US,Tea,B007I7Z3Z0,2,,The pineapple flavor is a bit too much for me...,"...so I drink mine diluted. These sticks are meant for 16 ounce water bottles, but I empty a stick into a one (1) liter empty bottle which I fill with water from my Mavea water pitcher. It still tastes heavy on the pineapple; in fact, I don't notice any mango or tea flavors at all. There is a ""too sweet"" aftertaste, also."
62012,amazon_tea,overseas,Amazon US,Tea,B000CQG8K8,5,,Excellent!,I have always enjoyed Earl Grey tea because of the flavor of Bergamot. I was pleased to find that there is this version of Earl Grey with Double Bergamot which only enhances the flavor! I love this tea and believe anyone who enjoys Earl Grey will love this as well.
62072,amazon_tea,overseas,Amazon US,Tea,B000CQG8K8,1,,Black Pepper Chai Tea?,"I have been a fan of chai tea for a long time and occassionally will try different brands. In my book, a good cup of chai tea does not require sugar and cream, and has tastes of cinnamon, vanilla, and cardamon. I picked up this box at the local store because it was relatively inexpensive in comparison to most of the other brands. I also hoped that ""double spice"" meant double the tea servings. I was wrong. Like other reviewers have observed, the tea tasted very bitter. An extremely strong black pepper note seemed to overwhelm the rest of the spices. I have liked other Stash brand teas, but I was very disappointed with this one. Unfortunately, the box now sits in the cabinet collecting dust."
135939,amazon_tea,overseas,Amazon US,Tea,B005SPQENY,3,,Hmmm....A beverage you chew?????,The flavor of this product is okay and it grew on me the more I drank it; however. I prefer bevereges that you do not need to chew. At first I thought the product was bad but upon futher investigation realized that it was slivers of some sort of fleshy fruit or vegetable possibly aloe vera. My husband refused to try it and so did every one else that I offered it too. If you like this type of beverege you will most likely enjoy this one. Not my kind of tea.
33957,amazon_tea,overseas,Amazon US,Tea,B00412W76S,1,,Do not order this product....,"It has been over three weeks and I still have not received this product. And, they have charged me for it already..."
136053,amazon_tea,overseas,Amazon US,Tea,B005SPQENY,3,,Nice taste but high in sugar,"I was sent one bottle of Chantea Aloe Vera and green Tea, Passion fruit flavor to sample and review. I found the taste to be pleasant. Although there are small bits of aloe vera pulp floating in the liquid, this didn't bother me since I often drink other beverages with floating bits of seeds or pulp. What did disturb me is that the 80 calorie, 11.5 oz. serving (1.5 servings per bottle) contained 19 grams of sugar. For anyone observing a low sugar eating plan, this is more than an entire day's sugar supply in a single beverage. That doesn't sound healthful to this reviewer. In fact, the second ingredient after water is cane sugar. I also feel that one is not likely to consume only 8 ounces and leave a half serving until later. I sampled my serving at room temperature-from the container so wasn't bothered by the pulpy bits clinging to either a glass or to ice cubes. However, the quantity of sugar makes this beverage a ""no go"" for this reviewer no matter how tasty. I found it odd that the ""Instrucciones de uso"" appeared to be written in Spanish, yet the origin of this drink is Taiwan."
145826,amazon_tea,overseas,Amazon US,Tea,B003D4F1QS,5,,Delicious tea,"I love this flavor of tea, and getting a huge box of it was fantastic. Though, what I received was a standard amazon box with 100 individually wrapped tea bags loose in it, so I had to find something to store them in in my cabinet."
70015,amazon_tea,overseas,Amazon US,Tea,B007I7Z3Z0,3,,OK taste but added artificial sweeteners,"The flavor is not bad and much less artificial tasting than crystal light, etc. There is a taste of honey and the blackberry pomegranate flavor was good. I over dilute mine (using 1 pouch to a 24 oz bottle) and it is still a little too sweet for me. Hubby likes it the way it is supposed to be and of course, the kids will drink it any way you give it to them. It is a better alternative on the go than buying soda or sugary beverages. A nice alternative when we are tired of drinking plain water, etc. Honestly, there are not a lot of ""healthier"" to go options that you can leave in the car or a bag. Hopefully, there will be soon."
441807,amazon_tea,overseas,Amazon US,Tea,B004E4HUMY,5,,Yum!,"I went a little heavy-handed on the first batch but no problems, just add a little more water. This stuff is great!"
538381,amazon_tea,overseas,Amazon US,Tea,B0061IUIDY,4,,A Reliable Cup,"Higgins and Burke makes a decent Earl Grey: it has a splendid burst of bergamot coupled with a rich blend of black teas. I like tea that has the ability to hold up to milk and sugar, even if I'm not having it with either. I often choose to not put milk in Earl Grey, but even then I still want it to have some pluck. This tea has pluck. Granted, it is not an Irish Breakfast but then there is a reason for that - if you filled a bag full of Assam then you would overpower the bergamot. Some teas can achieve that strength by filling their bags full of fannings. That is not what Higgins and Burke are doing. I took apart one of the bags to check. They are using real tea leaves. They aren't using fannings nor are they using crush-to-curl. I rate this as one of the better bagged Earl Greys."
538384,amazon_tea,overseas,Amazon US,Tea,B0061IUIDY,5,,Love This Chai,"I have never heard of this brand but I'm glad I tried it. I've always drank Tazo Chai, so this is what I'm going to compare the higgins & Burke Chai to. When you take the Tazo and the H&B tea sachets out of the wrappers, both have a wonderfully spcy chai aroma. The difference is in the brewing. I didn't expect to prefer the Higgins & Burke over Tazo but I DO!!! It brews a nice ""red"" colored spicy cup of chai. No bitterness but the aroma and flavor is just as rich. It does not matter now long you leave the tea bag in your cup. On the contrary, the Tazo will become very dark and bitter. The bitter tea flavor of an oversteeped cup of chai masks the spices. I think I'm converting to H&B becuase the flavor is great. And no matter how long you steep you just can't go wrong with this blend. Every cup is delicious!!! I recommend you get some :) It comes in a pack of 6, but if you love it like I do, it won't last too long. Or you can share. Your co-workers are bound to ask to bum sum off you when they try it."
43809,amazon_tea,overseas,Amazon US,Tea,B001EQ5JLE,5,,Great Brittish Tea,"This is the stand-by PG tips my mother has liked for over 60 years. Now that I have found a reasonably priced site, I'll order it again. Arrived very quickly, and it appears to be very fresh tea. Using over 60 a month, it will not be long before I reorder. The tea is very gentle, yet offers a nice pick me up in the morning. This is the best price I could find anywhere on the 'net."
538256,amazon_tea,overseas,Amazon US,Tea,B0061IUIDY,4,,Excellent tea,"I have tried several brands of chai tea, and have been disappointed: they have either been too heavy on certain spices, had an odd aftertaste, or not flavorful enough. This tea doesn't suffer from any of these problems! Richly flavorful with no odd aftertaste, and excellent made with either water or milk."
43896,amazon_tea,overseas,Amazon US,Tea,B001EQ5JLE,5,,Top Tea,These PG tea bags make a good strong brew and a good cup of tea. If you cannot stand t-bags with string on then these will make you happy.
181830,amazon_tea,overseas,Amazon US,Tea,B0009F3POY,5,,Excellent and safe,"Herbal product so no side effects so far, works well for my wife: she is able to produce enough milk for our baby who takes only mom's milk, but might not work for everyone."
135996,amazon_tea,overseas,Amazon US,Tea,B005SPQENY,2,,"Good Taste, Bad Chunks","As soon as I received my bottle of Chantea I put it in the fridge so I could give it a try. The packaging is pretty neat, a fun shaped bottle with a bright label, the taste is very good...but please, remove the chunks of fruit! Maybe some people enjoy drinking not so smooth items, but to me, the fruit pieces was a real turn off...I could get descriptive of my thoughts while drinking it, but I'll spare you the details. I really did love the taste, and I would buy this product if it were liquid only, but until then I'll steer clear from this product."
181954,amazon_tea,overseas,Amazon US,Tea,B0009F3POY,1,,WARNING FOR PREEMIE MOMS!!,"My son was born prematurely at 28 weeks. It was very difficult for me to maintain my milk flow with all the stress, and not being able to hold him, and going back to work with him still in the NICU... so I tried this tea. It definitely did result in producing more milk but within a week my son began bleeding out of his rectum. After a million tests, blood tranfusions, and total hysteria for days, we discovered that it was the tea. The main herbal ingredient is fennugreek, which acts like a natural anticoagulant. I may as well have been doping him up with massive doses of heparin. Luckily, we figured it out in time."
34042,amazon_tea,overseas,Amazon US,Tea,B00412W76S,5,,What I needed,"The tea has a mild, pleasant flavor and is easy to combine with others, without overpowering the mix. I've just moved to a new town, and I don't know where to look for the teas I need. Buying online saved me a lot of headaches. The boxes I ordered arrived promptly."
70084,amazon_tea,overseas,Amazon US,Tea,B007I7Z3Z0,4,,Sweet but Flavorful Tea,"I should premise this by saying I am not a huge fan of overly sweet drinks. This product comes in a box of 10 small pouches full of drink mix. The directions say to pour the mix in a 16.9 oz bottle of water and shake vigorously or pour into a glass of water and stir. It warns that the tea takes some time to dissolve, and it did- about a minute of stirring before it was fully dissolved. It was easy to mix with a bottle you can shake, but it does eventually dissolve. The tea itself is fairly sweet, but still nice and tart enough for me. I preferred to water it down even more than the box suggested and put one pouch into a 20oz. bottle which made it more palatable for me. However, if you prefer your drinks more on the sweet side, I would follow the directions as stated. There is about 20 mg of caffeine per pouch as well and 10 calories per packet. Overall, pretty tasty little drink mix! Definitely a convenient way to zing up your water on the go!"
135930,amazon_tea,overseas,Amazon US,Tea,B005SPQENY,1,,"Weird, medicinal, and not very healthy considering it's so excited about its ""green tea infusion""","This is the newest aloe-based tea entry from Chantea. It's a ""health drink"" that touts its green tea component prominently on its label, which wisely is a wraparound given that its inclusion of tons of little pulpy bits is going to put many drinkers off. Except for orange juice and the like, most people don't have a lot of experience with non-smooth clear drinks--this looks and feels in the mouth a lot more like bubble tea or mega-pulpy orange juice. The taste: oddly medicinal, with the passionfruit carrying the tone of the drink and a strange astringent aftertaste that lingers way too long on the tongue. I didn't taste much green tea in this, but that's not a huge shock given that the first two ingredients on the label are water and sugar. The main flavors are ""sweet"" and ""strange fruity sensation."" Indeed, this tiny little 11.5oz container is apparently considered 1.5 servings (another thing that will put off American drinkers at least, who are accustomed to consuming a bottled drink at one go and certainly won't pour out only 2/3 of the drink and save the rest for later), which makes it possible for the manufacturer to put its carb count at 20g rather than the 30g it probably should get--which makes it pretty much an uncarbonated soda. I'm very put off by the fast-and-loose game played with the nutritional label. The texture was also unpalatable. I'm no stranger to pulpy bits in my drinks, but these were as numerous as they were undefinable. Were they aloe bits (doubtful but possible, but they looked precisely like an orange's pulp)? Were they passionfruit (way more likely but passionfruit pulp is not in the ingredient list)? The ingredient list gave no indication whatsoever what I was tasting. I think this drink would appeal way more to consumers who are used to pulpy drinks like bubble tea and who don't mind drinking that much sugar water--and who are way way into passionfruit. For me, as much as I'd looked forward to trying it, I couldn't finish the bottle."
458630,amazon_tea,overseas,Amazon US,Tea,B000FFIL92,5,,Numi teapot and blossoms,I love my little teapot and the tea blossoms that came with it. It came in a bamboo box that is lovely and well made. I would recommend this for anyone who loves novelty tea products.
458690,amazon_tea,overseas,Amazon US,Tea,B000FFIL92,5,,Beautiful!,"Based on other customer reviews, I bought 3 of these as Christmas gifts. They're wonderful! Very lovely teas and it's great to watch them unfold. Amazon has this gift set at a very low price - the Numi home-site sells them for around $35! Very nice gift and certainly underpriced for its value."
43831,amazon_tea,overseas,Amazon US,Tea,B001EQ5JLE,5,,The best for a reason,"PG tips is #1 for a reason. Always consistent, superior water flow through bags, and great black or with milk and sugar. Also makes a fantastic iced tea on hot summer days."
222377,amazon_tea,overseas,Amazon US,Tea,B004E4CCSQ,2,,Too Snapple-y,"This is SUCH a great concept, and aside from being too sweet, I liked the Peach Mango. You wouldn't think there would be much difference between the two, but in my opinion, the tea really masked almost all of the delightful peachy flavor. The only way I liked this was a quick squirt in an entire pitcher of water. Then it isn't overly sweet, and it is just a touch of flavor. Flavor is such a subjective thing, so if you like very sweet drinks (like Diet Snapple)this might be for you."
181898,amazon_tea,overseas,Amazon US,Tea,B0009F3POY,3,,It didn't work on me,Well...many ppl and my friends recommended me this product for nursing. So I purchased and drank about 3~4 cups a day for three weeks. However it didn't work on me. I don't know if it is just me or the product.
70050,amazon_tea,overseas,Amazon US,Tea,B007I7Z3Z0,4,,Lazy Summer Afternoon Sort of Drink,"I'm not sure I'd go to the store specifically to buy this drink, but that said, it's the sort of fruity drink perfect for a tall glass, lots of ice, and a good book. There is a slight ""diet"" taste to it, but that could be because I'm not watering it down enough and therefore it's a bit ""strong."" It's a great drink to accompany a long catch-up conversation with a friend or sit by yourself next to a pool. Either way though, I keep picturing it as a summer drink. I can't imagine it being quite so refreshing if you're wrapped up in a quilt huddling by a fire. The little to-go pack took me a while to figure out how to open. That cut they put in it almost looked like a mistake rather than the way you're actually supposed to open the thing. Watering it down might spread out the taste a bit. I'm more of a raspberry/blueberry sort of girl, but this is a pleasant diversion. If you like green tea you should give this a shot."
181975,amazon_tea,overseas,Amazon US,Tea,B0009F3POY,5,,It's wonderful product,"I'm a happy mother of twins, almost 9 months old, and I'm still breastfeeding with this wonderful help. This tea REALLY works, not just placebo effect. I've been using it for 6 months already. Also, it taste good..."
181813,amazon_tea,overseas,Amazon US,Tea,B0009F3POY,5,,Amazing!,"I am a soley breastfeeding mom (no formula) I started the tea on a wednesday, and I noticed the difference by the following friday night. Amazing stuff. I do suggest buying the biggest pack you can, since you have to drink it 3 times a day."
123084,amazon_tea,overseas,Amazon US,Tea,B000CQBZOW,5,,Raspberry Tea is the BEST,I love raspberries and this tea does not disappoint. Herbal teas meet our water needs and why not with some favorite flavor. If you enjoy raspberries ~ you will enjoy this tea.
222335,amazon_tea,overseas,Amazon US,Tea,B004E4CCSQ,5,,I love this stuff!,"Personally, I've been drinking diet soda and artificially sweetened tea for so long that I'm almost offended if there isn't a low caloric drink option to select from (whether at a restaurant or party). But too often, those options tend to be limited, that's where the MIO Liquid Peach Tea comes in handy. Its small enough to slip into your pocket, then just add a few (or a lot if you're a flavor fiend) drops to cold water; and with a minimum of stirring etc. you have a delicious glass of zero calorie peach tea. Taste? Let's face it, if it didn't taste good, this wouldn't be an option. Fortunately it tastes great! and tere are a number of flavors available. I just happen to prefer the peach. And the fact that it's a liquid means that you don't need to forcefully stir anything just to get the drink you wanted. It's ideal for camping and road trips as well. Obviously, if you can find some suitable drinking water, you have tea."
62035,amazon_tea,overseas,Amazon US,Tea,B000CQG8K8,1,,Not authentic chai,"Just because the tea contains all the spices of chai tea, it isn't necessarily chai. The spices are incorrectly proportioned and some flavors such as cinnamon are too strong. This is simply not authentic chai."
230039,amazon_tea,overseas,Amazon US,Tea,B000WB1YSE,2,,Bitter and Strong,This is a simple matter of preference and taste. I found this tea too bitter and strong for my tastes.
441872,amazon_tea,overseas,Amazon US,Tea,B004E4HUMY,1,,Seriously disappointed!,"I've been curious about these little bottles for a while now, since water can sometimes get a bit boring and I try to avoid soda. When I saw the opportunity to try them as a Vine member, I was excited! They're definitely convenient little objects, and if you really wanted to, you could fit one in your purse to carry with you. The way it works is you're supposed to squeeze in a drop at a time until you've reached the flavor you want. Firstly, there are no drops. I had to squeeze the thing with a kung fu grip before anything came out, and when it did, it shot out in a little jet stream. I tried a couple of times, but couldn't get it to just drip. That said, it takes far more than a few drops to get any flavor! I ended up putting in a teaspoon or so before the color was finally tea-like and there was some sort of flavor. The flavor was seriously watered down, like a super weak glass of iced tea. Both my cousin and I tried the sweet tea MIO, and we were both rather disgusted by the flavor. Hopefully the other flavors are better!"
43923,amazon_tea,overseas,Amazon US,Tea,B001EQ5JLE,5,,Tea,"A few years ago my husband began drinking PG Tea. Good flavor, no strings. We where buying it at the local co-op; but the price kept going up. My friend sent me a link to Amazon when she saw it on there, and I have a ""subscription"" now. It's perfect! The tea is great, and it comes to my door, when I want it. Thanks Amazon."
70087,amazon_tea,overseas,Amazon US,Tea,B007I7Z3Z0,3,,"Decaf, but pleasant","I know I'm not the only one out there who doesn't like to drink water. I'm always looking for solutions to help me put down more of the stuff each day - solutions that are low calorie, caffeine free, and pleasant tasting. Most of the mini packs of powder feel to me like I'm adding chemicals to my water glass, which seems to counter the healthy idea I'm going for in drinking water. These packs are pleasant tasting, although they don't really taste at all like tea - think of them more as a Crystal Light type equivalent. I also couldn't really taste the honey - I would have described them more as a generic ""berry"" flavor, but not cloyingly sweet."
33959,amazon_tea,overseas,Amazon US,Tea,B00412W76S,2,,,"I only used two maybe three tea bags and got pregnant - can not drink during pregnancy. Not a bad taste, but I'm not a big tea fan either."
34030,amazon_tea,overseas,Amazon US,Tea,B00412W76S,5,,Good price for the quantity :),It came in a timely fashion & it was a good price for the quantity I received. This tea is good for occasional constipation or to help your body along when it feels irregular.
181953,amazon_tea,overseas,Amazon US,Tea,B0009F3POY,3,,Wish i didn't buy so much,"This tea tastes good, does the job, but please don't let the bag sit in the water longer than what it says- it made my baby's belly ache bad :( I am going to try it again to see if it helps without it being so strong. I have so many boxes of this and recommend that you buy one box first to see if it helps you and does not make your baby sick."
458611,amazon_tea,overseas,Amazon US,Tea,B000FFIL92,4,,good product,low price and good looking for gift. I bought several of this for christmas gift and everybody loved it.
37347,amazon_tea,overseas,Amazon US,Tea,B003CK2BQG,4,,Very nice cuppa green...,"This green tea by Stash, just might be one of the best ways to get your jasmine tea fix, and your antioxidants, to boot. The scent of jasmine blossoms comes through very nicely. You can actually enjoy this tea without any sugar, though I still prefer a little bit. There were no discernible aftertastes and I'd say the caffeine kick was light. I'd certainly buy this tea again and again...pass the crab rangoons, please!"
34000,amazon_tea,overseas,Amazon US,Tea,B00412W76S,5,,helped increase my milk supply,"I found that this tea really helped increase my milk supply. It tasted a little funny at first, but I quickly got used to it. The price on Amazon is unbeatable, especially if you use subscribe and save."
123119,amazon_tea,overseas,Amazon US,Tea,B000CQBZOW,5,,Great tea...,This is the best red rooibos tea I have found!! Recommend it to all my friends...
123210,amazon_tea,overseas,Amazon US,Tea,B000CQBZOW,4,,A Calming Experience,This is a great tea. I like to drink it in the afternoon at work. It helps to relieve all the built-up stress of the day so that I can go home and not vent it out on my husband.
181923,amazon_tea,overseas,Amazon US,Tea,B0009F3POY,5,,"Fast deliver, great tea","Tea helps with breastfeeding. Package arrived fast, no issues. We keep ordering this tea for the last 6 months. We keep ordering this tea for the last 6 months."
43865,amazon_tea,overseas,Amazon US,Tea,B001EQ5JLE,5,,"Great tea, great price","I love this tea for my morning wake me up with a little skim milk. And it makes a wonderful ice tea also. I've been purchasing it on the internet for years but am very pleased that Amazon is now carrying it. With my Amazon Prime, this tea was half the price as my last purchase from another vendor."
70239,amazon_tea,overseas,Amazon US,Tea,B007I7Z3Z0,1,,NOT all Natural!!! warning contains sucralose,"There is very little tea taste, you can taste a fruity flavor and a little honey BUT it does contain sucralose which is NOT natural. I would think this is false advertising if you claim a product is all natural and has ingredients that are not natural??? It is overly sweet and really doesn't taste natural to me. so this is a Warning that this product contains sucralose (splenda) I had thought it would only be sweetened with honey because that is the only sweetener mentioned in the description."
34043,amazon_tea,overseas,Amazon US,Tea,B00412W76S,3,,Interesting taste,"I read about the benefits of Pau D'Arco tea and decided to give it a try. It's hard to find this tea in the market. The Whole Foods near my house doesn't have it either. The taste of this herbal tea is interesting: it's got a hint of sweetness with a very slight medicinal bitterness. Feels quite dry and alkaline to me. Color is light brown. Not particularly delightful or tasty, neither does it have a strong, captivating aroma like the Japanese roasted green tea - it's just weird beyond description. Reminds me of dried summer leaves. Not unpleasant though; I am still glad that I tried it!"
135959,amazon_tea,overseas,Amazon US,Tea,B005SPQENY,2,,Yuck,"Could only take a couple of swigs of this. The taste wasn't horrible but the pieces of stuff floating around in it was very off-putting. My husband took a drink and said it reminded him of ""snot"". Yuck. Also, even though I only had a couple of swigs, it gave me indigestion. I'll pass on this product."
222266,amazon_tea,overseas,Amazon US,Tea,B004E4CCSQ,2,,MIO Liquid Peach Tea,"First of all, the packaging of MIO is cool! Well designed and thought out, easy to carry and no drips when you use it. However, the Peach Tea has a very off putting smell when you open it. It smells exactly like chlorinated pool water. I decided to give it a try despite the smell. One squirt in a 20 oz bottle of water gave a very, very light taste, mostly chemical in flavor. A second squirt made it sweeter, and gave it a Kool Aid type peach taste, but no tea flavor at all. A third squirt made it undrinkable, sickeningly artificially sweet. Blech!"
230042,amazon_tea,overseas,Amazon US,Tea,B000WB1YSE,1,,Seriously???,"Sorry, but I really don't get all the great reviews. I have been drinking green tea for more than 20 years and this tastes nothing like good quality green tea to me. I admit, the smell is quite nice right when you open up the packet. But once you steep it, all the taste and aroma goes away. I had to force myself to drink this on three separate occasions just to make sure my taste buds didn't just have an off day or something. I seriously can't drink this flavorless ""tea"" anymore and am throwing the rest away. Good thing it wasn't very expensive. If there's a Asian grocery store in your area, try out as many brands as you can to get a good sense of good and bad green tea. I like My Green Tea a lot. But I don't think they're readily available in most places."
43856,amazon_tea,overseas,Amazon US,Tea,B001EQ5JLE,3,,it' ok,"Edited (added to original comment below): It seems that some do not like to hear an opinion different from their own. As in other things, they can't accommodate different opinions so they don't find them helpful. Perhaps it would be useful to have a 'disagree' choice which is what many mean when they find something is not 'helpful.' I do really like and recommend Yorkshire Gold tea, so can I get some helpful votes for that? ----------------------------------------------------------------- I don't see what is so great about this tea. I taste tasted it side-by-side with a standard supermarket tea an couldn't tell much difference."
145739,amazon_tea,overseas,Amazon US,Tea,B003D4F1QS,5,,Good Iced Tea,We don't like plain iced tea but love Earl Grey Iced tea. Love being able to order in large quantities since it takes several bags for each pitcher of tea.
181842,amazon_tea,overseas,Amazon US,Tea,B0009F3POY,5,,wife loves this stuff,"my wife is on her second case of these teas, and while I've never had them I make them for her daily. SHE LOVES THIS TEA and swears it helps her produce more breast milk. I'm just the husband. i do the bidding and write the reviews. However I believe her as she has had a significant increase in milk (storage bags we freeze) try it out! its worth it!"
33924,amazon_tea,overseas,Amazon US,Tea,B00412W76S,5,,Delicious licorice-flavored tea,"I drink this tea because I love the taste and now, I still enjoy it, even though I was informed that it has some medicinal value, as well."
70013,amazon_tea,overseas,Amazon US,Tea,B007I7Z3Z0,4,,SWEET!! Tea,"I ordered this instant tea to supplement the blueberry pomegranate pyramid tea bags I receive regularly. It's a quick, great Summer beverage--easy to prepare and simple to carry the slim pouches in my purse or lunch bag. My only complaint is that when made according to the package directions it is sickeningly sweet. I dilute it with more water or mix it with unsweetened instant tea."
222503,amazon_tea,overseas,Amazon US,Tea,B004E4CCSQ,4,,Artificially Yours,"Perhaps this product could've been named, MIO ""Water Enhancer,"" with the flavor as a subtitle. It's fake tea, but it tastes real; and somewhat better than the original without acidity or caffeine. * Are we recommending this product? For flavor, yes. However, you decide according to the food scientist's ingredients: Water, Maleic Acid, Propylene Glycol, Citric Acid, Contains Less Than 2% of:, Natural Flavor, Sucralose, Acesulfame Potassium, Potassium Citrate, Red 40, Yellow 5, Blue 1 Lake (CI 42090), Potassium Sorbate *Flavor: Tea *Caffeine: Non-Caffeinated *Food Additives Claims: Artificial Sweetners Added, Artificial Coloring Added, Artificial Flavoring Added *Serving Size: 1/2 Teaspoon *Servings per Container: 24 *Weight: 1.0 Lb."
222339,amazon_tea,overseas,Amazon US,Tea,B004E4CCSQ,5,,"Normal usage = 27 servings tested for me, and about the coloring",I posted a picture that says it all about servings. Some of the reviews seem skeptical so I started keeping track with a mark after each use. My usage was 27 servings from one bottle. Some people have said these have too much food color in them but I realized why: the color is serving strength feedback. People expect tea to be a certain color so they heavily color the MiO so that you'll get the color you expect at the dosage you should use. This is clearly purposeful product design. I did not find the smell or aftertaste odd the way some people did. I drank this at my desk and during workouts to get some flavor without empty calories and it worked great.
33898,amazon_tea,overseas,Amazon US,Tea,B00412W76S,5,,Love this tea,Better than many I have tried. With a little honey this is a terrific cup of tea. Going to order more. Nice and smooth.
222373,amazon_tea,overseas,Amazon US,Tea,B004E4CCSQ,1,,"Tastes ok at first, not sure about the hype","I like certain fruit flavors in beverages, like peach and orange - provided they are natural. This tastes okay going in, but is far too artificial and leaves a nasty after taste. The smell is a little off for peach - almsot chlorine like. Perhaps that explains the reviewer who said she was able to bleach her porcelein sink. I'm not sure what the hype with these are. I'd rather buy tea from Snapple or Arizona. Or, even better, brew flavored tea and then ice it. While this may make a lot, it seems very expensive. I am not going to buy this or try it again."
181871,amazon_tea,overseas,Amazon US,Tea,B0009F3POY,5,,Got results within one day,"I can't speak highly enough of this product!! It gives me results within less than a day. For a while, I was drinking the max recommended 5 cups a day, but now, on most days, I only drink 2-3 cups and don't drink any on weekends (when I can nurse more). I drink this tea to keep my supply up during the week so I can pump enough milk for my breastfed baby. Most days, I ended up with about 6-8 oz. extra that ends up going into the freezer. Without the tea, I'm making only just enough milk."
34033,amazon_tea,overseas,Amazon US,Tea,B00412W76S,5,,Delicious Tea,I love this tea. It is delicious. It came in a timely manner and I was very pleased.
230028,amazon_tea,overseas,Amazon US,Tea,B000WB1YSE,2,,Disappointed,Received my order today and notice the expiration date ....product was produced 2 years ago and expires in a little over 30 days. Seriously? Not pleased.
521357,amazon_tea,overseas,Amazon US,Tea,B007JFXWRC,5,,"Pretty Good Tea, but the Name is Misleading...","First off, let me say that I'm a pretty experienced tea drinker. I've tried out a ton of different brands of tea, and I make my own tea blend from loose leaf dried herbs regularly. Of course, I jumped on the chance to try out a new flavor. ""Blackberry Vanilla"" sounds great! Well... The tea does indeed taste great. However, I feel the name is a bit misleading. It has so little vanilla in it that it's basically undetectable, and it tastes far more like hibiscus and raspberry. It's a bit of a tart tea (a direct result of all the hibiscus) and it actually includes raspberry, black current, blueberry, and rose hips in addition to the blackberry, which is actually a minor ingredient. So, the end result is a pleasant tea that tastes fruity, but mostly of raspberry and hibiscus. If you like that (which I did), you'll be pleased, but anyone who actually expected it to taste of blackberries and vanilla will be disappointed. Oh, and a bit of advice. If you find it too tart, you can either just wait a few minutes or drink it chilled. I've found out that the tartness of hibiscus seems to wear off after a few minutes, and chilling seems to kill it off quite a bit too. On a side note, I'm a bit disappointed in the ""natural flavors"" part of the ingredient list and the sunflower lecithin part of the list. Why do tea companies always feel the need to add in extra fillers and crap? Plus, ""natural flavors"" could be anything. It always felt kind of like cheating to me; almost as if they just couldn't craft a pleasing tea without adding in a bunch of crutches to boost the flavor. That being said, at least it tastes good. I can't argue much about that. So, do I recommend this tea? If the previous description of the flavor sounded good to you, then by all means, enjoy this tea. If it sounds disappointing to you, then you may wish to let this one pass."
222342,amazon_tea,overseas,Amazon US,Tea,B004E4CCSQ,5,,Ethylene Glycol,"Honestly, I really can't stand the Peach Tea flavor. It's terrible. The other flavors, especially the Strawberry Watermelon flavor, are quite good. But I am still giving the Peach Tea flavor 5 stars because someone decided to copy and paste a rumor they heard on ""da internetz"" about Propylene Glycol (an ingredient in MiO) being an ingredient in anti-freeze without doing research, and I wanted to offset the rating system. ETHYLENE glycol, sound familiar? That's because you put it in your car, in the form of anti-freeze, NOT PROPYLENE GLYCOL, which is found in MiO. Propylene glycol won't poison your pets. In fact, research indicates it would be nearly impossible to reach toxic levels by consuming foods or supplements. Honestly, I don't care if people buy this product or not. If you're not a fan of chemicals, don't buy MiO, because I'm pretty sure it's loaded with them. But my advice is do your freakin' research BEFORE you start slamming a product."
70115,amazon_tea,overseas,Amazon US,Tea,B007I7Z3Z0,2,,All I taste is Splenda,"This product has sugar, honey, sucralose, and maltodextrin. Sucralose is approximately 600 times as sweet as sucrose (table sugar), twice as sweet as saccharin, and 3 times as sweet as aspartame. On the front package it says: Tea & Honey Iced Green Tea: Blackberry Pomegranate Flavor with other Natural Flavor Back of package: Liption Tea & Honey is a low calorie iced tea mix you can feel good about simply because it is made with real ingredients - sweetened with honey - made from real tea leaves - real fruit flavors with 5 calories per 8 fl oz serving and no aspartame - you know it taste good! This product is being falsely advertised as all natural when Aspartame has the same problems as sucralose! You can NOT taste the tea, you can sorta taste the honey as a base. It taste just like Splenda. I was very disappointment because it did not taste like tea, but red juice made with splenda."
458665,amazon_tea,overseas,Amazon US,Tea,B000FFIL92,4,,very nice set for the price I paid,"I just received this set, after ordering it for a great price of $12.50. For that price I am very pleased with it. The little glass teapot works fine. The handle stayed cool enough and you have to hold the lid down, but if you use the little ""ball"" on the lid to hold it down, it isn't too hot and you won't burn yourself. I brew the tea and then my husband and I each have a middle-eastern style tea glass full and then I brew the next pot using the same flower. If you use a big mug, it would only make one cup, but this works for us. The first tea I used opened up and looked very pretty, the tea was mild in flavor and tasty. I am looking forward to trying the next tea. The bamboo box will be useful for storage of tea-bags etc. Overall I love this for the price I got it at. If I had paid full price, I would have been a little disappointed..."
33906,amazon_tea,overseas,Amazon US,Tea,B00412W76S,5,,Good Tea,"This is a good tasting tea at a great price. If you don't normally like raspberry flavor, this isn't really raspberry flavor, if that makes sense. No heavy flavor."
123124,amazon_tea,overseas,Amazon US,Tea,B000CQBZOW,5,,Hands down my favorite tea!,"I've been ""addicted"" to this tea for years and glad that it has become more widely available. A few weeks ago my cousin and I were discussing our love of tea. I put forth Licorice Spice as my favorite and she said her all time favorite was, surprisingly enough, a tea made by Aveda - the haircare company - called Comforting Tea. She lamented that she found it hard to find and described the taste to me. I immediately told her that she had to try Licorice Spice then. A few days after my recommendation she emailed me that she had tried the Stash tea and it was EVEN BETTER than the Aveda one! I so do love making converts! As an added bonus, I've discovered after many nights of letting the tea steep, forgetting about the cup I've made, but not wanting to waste the tea bag - it tastes really good cold too!"
123227,amazon_tea,overseas,Amazon US,Tea,B000CQBZOW,5,,Great for colds/flu,"This tea is a lifesaver during cold and flu season. The ginger helps with an upset stomach, the lemon is uplifting and calming at the same time, and when you add some honey it's a great sore throat soother. I love it and always keep some in my pantry. I haven't tried it as an iced tea but it's great hot."
135984,amazon_tea,overseas,Amazon US,Tea,B005SPQENY,4,,an odd combo -- sweet and bitter and lumpy,"I fancy myself as a somewhat curious and adventuresome eater and was delighted to give this a try. Hmm. It is difficult to describe. It's sweet, but not too sweet. It's too sweet to chug, though, and seems to invite sipping. It has an oddly bitter, though not unpleasant, taste that lingers in the mouth. But the strangest sensation comes from the little pieces of pulp suspended throughout the beverage. They're larger that pieces of of pulp one would find in orange or grapefruit juice. And they're more gelatinous. Kind of like little blobs of jello suspended throughout. Not chewy like tapioca or boba, but just gelatinous. And the little pulp pieces don't settle to the bottom. Regardless of whether you shake the drink or not, the pulp stays suspended throughout. It's kind of fun and kind of odd. After drinking this, though, I want to have a drink of water to clear my palate. I found ChanTea to be interesting, unusual, and refreshing. Not sure it is particularly healthful -- and given that the #2 ingredient, after water, is cane sugar, I'm doubtful that it is -- or nutritious, but it is a fun novelty appropriate for an occasional indulgence when cost and calories aren't major concerns."
521418,amazon_tea,overseas,Amazon US,Tea,B007JFXWRC,4,,Yummy Hot or Cold,"This Lipton Blackberry Vanilla Herbal Tea is sweet and tasty, and comes in little pyramid bags, which I'm very partial to and I`ve only found in Japanese teas before. You can see that it contains tiny dried pieces of fruit (black currant, blackberry, blueberry and raspberry) as well as blackberry leaves, hibiscus flowers and rosehips. It is caffeine free, so makes a lovely after-dinner drink, and is delicately sweet enough that dieters might use it as ""dessert."" For a commercial tea company, this is a truly lovely tea, and in a blind tea test with more expensive teas, might fare quite well. I've tried it both hot and chilled, and it is good either way. And those little pyramid bags are such an aesthetically pleasing touch! I will certainly buy Lipton's Blackberry Vanilla Herbal Tea again."
43844,amazon_tea,overseas,Amazon US,Tea,B001EQ5JLE,4,,Excellent quality tea,This is an excellent brand of tea bags. People who love tea will find the aroma very inviting. The shipping was prompt and without hassle.
62058,amazon_tea,overseas,Amazon US,Tea,B000CQG8K8,2,,different ... not like chai to me,"This tastes nothing like my two favorite chai teas, Celestial Seasons and Allegro. It reminds me of Constant Comment (an old Bigelow tea, I believe)."
441878,amazon_tea,overseas,Amazon US,Tea,B004E4HUMY,1,,Disgusting,I never ever review products on Amazon. This is my first. I love MIO Fruit Punch. This was so foul- I actually threw it away after 1 drink. It doesn't taste like sweet tea at all.
441862,amazon_tea,overseas,Amazon US,Tea,B004E4HUMY,5,,It's even better than I expected,"My wife first brought home a... umm... bottle? Container? Squirt dropper thingy?.. of MIO a few months ago; a strawberry-watermelon flavor, if memory serves me, and I enjoyed it tremendously. Always looking for something to drink that's not just water but rarely having a container of something in the fridge -- at least not for very long -- I was personally growing tired of powdery drink mixes and the mess they would make. The measuring dirtied spoons and measuring cups, and frequently there was powder still at the bottom of the glass when I'd finished, making the last gulp seem as though I'd just swallowed syrup. These MIO packages change all that. When you gently squeeze the container, a concentrated squirt of drink mix neatly goes into your glass, and after a sip or two, you'll know exactly how many squirts will make the perfect strength drink for you. I find that I don't even need to stir any more than a brisk oscellation of my glass. The squirt nozzle is very accurate, and nothing gets dirty. I'm more of a fan of the Lipton lemon iced tea flavor than the ""sweet tea"" flavor that's now so popular at fast food chains (my wife loves sweet tea like that, and like this MIO flavor), but I find that in the right squirt count, the flavor of this product is extremely similar to those products. And like the commercial on TV, this packaging is very portable, and I've had no issues with drippage from the bottle. Lastly, and I think this is truee with all flavors, MIO liquids are caffeine-free, carbohydrate and suger-free, and calorie-free based on an 8-ounce glass. I would recommend that you try a MIO, but BEFORE YOU BUY ONE at the store or on Amazon, you might want to do a Google-search or check out the MIO Facebook page because I understand you can order a FREE SAMPLE from them to try it out first. My apologies for the caps... just wanted to make sure you saw that before you place anything in your shopping cart. :^)"
62150,amazon_tea,overseas,Amazon US,Tea,B000CQG8K8,4,,Stash Double Chai Tea,Love this tea. I am a fan of Chai tea and enjoy the taste and smell of the spices. I recommend this to anyone who loves a stronger flavored spice tea.
538271,amazon_tea,overseas,Amazon US,Tea,B0061IUIDY,5,,Better than Tazo and Lipton,I am a Tazo tea fan and love all their teas. So it surprised me that I loved this English Breakfast tea more than Tazo's Awake tea. Usually I use two teabags per mug of tea. I tried two teabags of the Higgins & Burke tea but it was way too strong. So today I tried just one teabag and it was perfect. I'd say this tea is on the mild side but is perfect with a few spoons of dried milk powder and a packet of stevia. Since I drink coffee in the morning I save this tea for an afternoon drink. I like the pure flavor and will probably use this to make ice tea too. If you are a fan of Lipton then this tea is going to be a little more gourmet! ~The Rebecca Review
181921,amazon_tea,overseas,Amazon US,Tea,B0009F3POY,3,,Can't say for sure if it really increases milk production,"I bought this product not because I had a supply issue but becuase I needed to increase my milk production in order to store some milk for future use. I don't think the tea tasted bad, it tastes like tea. Additionally to the tea I started having oatmeal once or twice a day. Before tea or oatmeal I could pump 2 extra ounces a day, after, I can pump 4 maybe 5 extra ounces a day. I think this probably works but not sure....."
123234,amazon_tea,overseas,Amazon US,Tea,B000CQBZOW,5,,I like it!,"There are plenty of lemon flavored teas especially among well known brands. I've bought most of them, used only a few tea bags and just didn't like them due to their artificial flavoring. Stash's Meyer Lemon is truly a good, natural tasting lemon. I love it and have shared a couple of the extra boxes with friends."
145771,amazon_tea,overseas,Amazon US,Tea,B003D4F1QS,1,,"Move along, nothing to see here.","This is a very boring tea. I was mislead by the fact that it contains chamomile. Stash makes great products, but this one leaves a lot to be desired. It tastes bitter and faintly berry sweet."
135937,amazon_tea,overseas,Amazon US,Tea,B005SPQENY,3,,Your enoyment may depend on how much you like the pulp,"There are a great many green tea products available to the consumer, to say the least. I think what distinguishes this from the others is that this one really has a lot of pulp in it. The taste is pleasant and similar to others but the pulp does give it a bit of a different taste and one that is not common in green teas. I'm not a huge green tea drinker but I thought it was pretty good, my son the green tea drinker was less of a fan. Average it to 3.5 stars then. I think this may appeal to some and not to others- you'll have to try it and see what you think."
123195,amazon_tea,overseas,Amazon US,Tea,B000CQBZOW,5,,"The freshest, fights edema!","This is the first camomile tea that actually maintains the most of the medicinal properties of camomile!! So far it is the best out of five different brands we got to try in USA including various organic, so called farmaceutic quality, etc.. To give a specific example of this tea's well-preserved qualities: it really helps us get rid of extra water in our bodies, nearly as good as ""water pills"" doctors recommend. One packet in a small cup does great.. And can be repeated if you need. We have subscribed to receive it from Amazon on a regular basis - the price is better then in a supermarket."
181934,amazon_tea,overseas,Amazon US,Tea,B0009F3POY,1,,Danger,"I had my 1st baby in Dec 2010 and had alot of trouble produce milk. so at the advise of just about everyone including a lactaction consultant I tried a similar product also containing fenugreek. I researched it online and one of the side effect was ""intestinal distress"" well it didn't cause any problems for me, but my baby girl started having diarrhea. She also broke out in hives all over her face. So I did a medline search - something we do in the medical field. Needless to say I wish I'd researched this more before I took it. The medline searched stated the main side effect as intestinal distress but also listed the - allergic side effect I hadnt found before. 1st the hives but more distressing was - ""difficulty breathing , and loss of consciousness"" needless to say I freaked. Pumped and dumped for the next 4 days. It did increase my milk supply but at the potenical cost of my infants health - totally not worth it. Discuss this with your GYN 1st there are medications such as Reglan they can prescribe you that can do the same thing w/o the complications of this awful stuff. To be fair both my sister and sister in law both took this w/o complication but who would want to take the chance of having the same problem I did, or God forbid worse. FYI I'm a NICU nurse (neonatal ICU) and I really wish more people knew not to fool around with this stuff."
37357,amazon_tea,overseas,Amazon US,Tea,B003CK2BQG,3,,"OK Tea, not bad",I picked up some of this tea at the grocery store last week. It has some grassy aftertaste that many green teas have but not as much as some brands. I was careful with water temp and how long I let it steep and it wasn't bitter. It tastes somewhat clean and fresh but I like the much less expensive Salada better and I don't have to be careful with it like I do with Stash teas.
123113,amazon_tea,overseas,Amazon US,Tea,B000CQBZOW,5,,Stash Lemon Ginger Herbal Tea,I really like the flavor of Stash's Lemon Ginger Herbal Tea. I especially like it in the evening when I sit down to read and relax!
135936,amazon_tea,overseas,Amazon US,Tea,B005SPQENY,1,,triggered my gag refllex,"Truthfully,I couldn't go past the first sip. The flavor was good, like a green tea beverage but the consistency was too weird. It was like it had lumps of mucous. Ugh."
37301,amazon_tea,overseas,Amazon US,Tea,B003CK2BQG,1,,Gluten in Tea!!!,I bought one of the Stash teas-don't remember which one. It contained gluten! I am gluten intolerant but NEVER expected ANY tea to contain gluten. There is NO reason for tea to contain gluten. Celiacs beware!
538374,amazon_tea,overseas,Amazon US,Tea,B0061IUIDY,4,,Hearty Flavor,"I drink coffee at breakfast, but regularly enjoy a cup of tea in the early evening. For last night's tea, I used the Higgins & Burke English Breakfast blend. The first thing I noticed was the fresh aroma of the tea leaves inside the tea bag. That was a nice start, as with some other brands, you smell nothing at all. After brewing the tea for about 4 minutes, I added sugar (2 scant teaspoons) and started sipping. The tea had a strong, hearty taste, and that good aroma held on throughout the entire cup. Enjoyable! The packaging is also good. The box opens in a way that allows each individually packaged tea bag to drop to the bottom, where it is easy to remove. The individual packaging of each tea bag preserves freshness. The only reason I deducted one star from this rating is because I did notice a VERY SLIGHT bitter aftertaste when I finished the cup. Not that it bothered me, but it might not be agreeable to those who object to any bitterness at all in their tea."
230137,amazon_tea,overseas,Amazon US,Tea,B000WB1YSE,5,,Fantastic flavor at a low price,"I used to drink the bottled Ito-En green tea, but the cost forced me to stop....or so I thought! This green tea is great hot or cold, and is much more reasonably priced. I've never been much of a tea-drinker, but I really do enjoy this brand. It's mild, but not weak and it's nice to have at any time of day."
135958,amazon_tea,overseas,Amazon US,Tea,B005SPQENY,5,,"I'm surprised, but I like it","When this arrived I held it up to the light, and saw pulp floating in the tea. I've never been a fan of drinks with stuff floating in them, so I really thought I wouldn't like this. I was wrong. I didn't like my first sip, either, since my first thought was that it was too sweet. I'd just eaten a fairly strongly flavored dinner, and so I ate a couple of crackers to get rid of the taste of dinner. Then I tried the tea again. It is sweet, but not too sweet to me, even though I usually drink green tea unsweetened. The passion fruit flavor is just right--it's definitely there, but not too strong. The aloe pulp was actually kind of fun. It was very similar to drinking pulp in orange juice, but the pieces of pulp are a little larger than the ones in OJ. I like the bottle shape and design, too. The slender shape is easy to hold, even with a hand that aches from too much keyboard and mouse work lately. The threaded top of the bottle is a white plastic with a rounded rim, which feels better than a regular plastic bottle top, but even though I like it I wouldn't pay extra for it. I like this tea, and even though I won't be drinking it daily (since I need to cut back a bit on sugar,) it will be an occasional treat around here."
458497,amazon_tea,overseas,Amazon US,Tea,B000FFIL92,4,,Arrived On Time For Christmas,"I ordered alot of gifts this year online. I was very happy that the product was not only in stock, but arrived when promised. Not all of my purchases went that well. I still ended up at the mall last minute."
181935,amazon_tea,overseas,Amazon US,Tea,B0009F3POY,4,,prompt service,"product arrived promptly and exactly as described. Still unsure if Mother's Milk tea really helps with breastmilk production, but it's definitely worth a try"
229997,amazon_tea,overseas,Amazon US,Tea,B000WB1YSE,5,,kirkland green tea is awesome,I am very happy with the Kirkland Green Tea. It arrived promptly and this green tea is great quality. Thank you!
136082,amazon_tea,overseas,Amazon US,Tea,B005SPQENY,3,,Sweet & pulpy,"I do not love sweet drinks so I did not care for this green tea. I found it overly sweet with a very pulpy and slimy texture. If you are sensitive to textures and/or if you don't like pulp in your orange juice, you will not like this. It did not have an objectionable taste to me, I just thought it was too sweet. The pulp is suspended in the liquid, which is rather odd and it is not like orange juice pulp but more thick and slippery feeling. I didn't love it. If you like sweet beverages with a slight tea flavor and you don't mind the slimy pulp floating in it, you may enjoy it."
181926,amazon_tea,overseas,Amazon US,Tea,B0009F3POY,5,,It works,This was recommended by my OB. My supply had dropped. I use this and Fenugreek to keep my supply up.
222293,amazon_tea,overseas,Amazon US,Tea,B004E4CCSQ,1,,"Not quite peachy, horrid aftertaste","(Standard Amazon Vine disclaimer here) I really don't have much to add to the discussion here. Just chiming in with the chorus: This stuff only moderately tastes of peach tea and really tastes like artificial sweeteners. I think this stuff is a great idea: easily flavor water where ever you are, can take it with you, no need to refrigerate... but oh lord, the flavor. Peach tea, on its own, is great; which is why I wanted to try this stuff. But this liquid doesn't really taste like peach nor like tea. It tastes like chemicals. I can't recommend this stuff and won't ever drink it again."
458648,amazon_tea,overseas,Amazon US,Tea,B000FFIL92,1,,Terrible weak tea,"I only paid $12.50 when they had this for a daily special but it wasn't even worth that. Maybe the tea was old, that is why it was so cheap. The flowering teas don't flower and float at the top. Nothing like the picture. The leaves soak up the water and puff out and fall apart. But that I can live with. The tea is completely tasteless. Just like drinking hot water. I have tasted many teas, bags and loose leaf and nothing as bad as these. But the little glass teapot is cute. And it IS tiny."
458517,amazon_tea,overseas,Amazon US,Tea,B000FFIL92,5,,Flowering Gift Set Review,The tea set was a gift to friends and they liked it and were familiar with the brand of tea. They loved the unfolding flower.
441820,amazon_tea,overseas,Amazon US,Tea,B004E4HUMY,4,,"Handy, No Mess, No Calorie Flavoring","The bottle states this product is a ""Liquid Water Enhancer,"" which is exactly what it does, flavors water or other liquids with a hint of flavor and artificial sweetener. I tested two flavors, Mango Peach and Sweet Tea. Pros: *Handy bottle; one squeeze delivers enough flavoring for a cup of tea or cold beverage. *No caffeine. *No calories. *No fat. Cons: *No nutritive value. *Contains 3 dyes: Yellows 5 and 6, and Red 40. I find this a useful product, especially in the evening when I want something with a bit of flavor but don't want caffeine. I've added it to hot water and hot tea. I like the handy delivery system. I could stand a bit less sweetener and a bit more of the flavoring but I will probably keep a bottle on hand as it's quick and easy."
123171,amazon_tea,overseas,Amazon US,Tea,B000CQBZOW,4,,Fresh ginger & mellow lemon,"This herbal tea is well balanced and pleasant. It tastes to me like good real lemon, but not acidic. The ginger seems just enough. Bonus; you can use the bag twice and get a good cup of tea the second time. Also, it's nice to steep this with black tea, and get a bit of caffeine if you choose, along with the ginger / lemon flavors."
441962,amazon_tea,overseas,Amazon US,Tea,B004E4HUMY,3,,A good idea,"I love sweet tea (my favorite is the Chick-fil-a, just to give you an idea of the flavor I like), so I thought I'd give this a try. It's a really neat idea and the bottle is small enough to fit in your pocket, a small purse, or your car console. It has zero calories, sugar, etc., so it is a diet drink and tastes like it no matter how much or little you use. The one thing I really don't like about it is that it does not drip out in small drops, you squeeze it and the least that you can squeeze out is about a full tablespoon, which means your water really can't ever taste like water with a touch of tea, it tastes like watered down tea. I was hoping you could do smaller drops to get more of a light flavored water taste, but it doesn't work that way."
123186,amazon_tea,overseas,Amazon US,Tea,B000CQBZOW,5,,Great for Iced Tea,"I am not a hot tea drinker. But, having grown up in the south, I am very big on iced tea. I like my iced tea to have a little flavor. I know mint is common favorite, and my Mom used to make orange tea, but I found this to be my favorite. You can make your iced tea in the 'fridge or you can make sun tea. This is a great flavor!"
181996,amazon_tea,overseas,Amazon US,Tea,B0009F3POY,4,,Noticed Increase,I have been taking this tea for about two weeks now. There is a noticable change in my production. I went to from pumping about 3oz to 5oz. My baby seems satisfied/full when nursing now. I didn't have to supplement with formula at all this week. I also like the taste.
458745,amazon_tea,overseas,Amazon US,Tea,B000FFIL92,5,,Cool set! Makes a great gift!,"Bought this as a gift for a friend. It was very well received! The glass pot is a little small, but its still very cool!"
458626,amazon_tea,overseas,Amazon US,Tea,B000FFIL92,5,,Awesome Gift for the Price,This is a great set. Better than the rest of them on Amazon. You get a bunch of flowering tea's and the tea pot that you add hot water to. Thanks!!!
123192,amazon_tea,overseas,Amazon US,Tea,B000CQBZOW,5,,Smooth not Bitter,"Best chamomile on the mainstream supermarket shelves. Other chamomile teas have had a bitter aftertaste, but this one by Stash is really smooth and fresh. It's neither strong nor bland, just floral and pleasant. Reminds me slightly of chrysanthemum. It doesn't make me sleepy or keep me up, for what it's worth. I had some primo stuff at a local coffeeshop that tasted much like the Stash brand, but had an awesome citrusy floral aroma; been wanting to find something like that for a while, and so far this Stash Chamomile comes closest."
37300,amazon_tea,overseas,Amazon US,Tea,B003CK2BQG,1,,Does anyone else on Amazon know what green tea is supposed to taste like?,"Im not sure what everyone else on here thinks green tea is supposed to taste like, but this is not it. I go through about half a gallon of green tea a day, so Im always willing to try new flavors, brands, etc. This is the only one that I have had to literally choke down. This tea is bitter, but thats not the real reason its so bad. The taste is cheap, overpowering, and unpleasant. I think either Stash has its employees writing reviews, or amazonians are being suckered in by the snazzy/hip box and packets of this truly awful tea."
145742,amazon_tea,overseas,Amazon US,Tea,B003D4F1QS,5,,EXCELLENT BREAKFAST TEA!,"Nice peach tea flavor with no bitterness from the matcha. But I find a bit of a lift from the matcha, which is nice."
70027,amazon_tea,overseas,Amazon US,Tea,B007I7Z3Z0,3,,"Like the flavor, but not the after taste","Ok, so I tried the Lipton To Go Stix Decaf iced Green Tea Mix, Tea and Honey, Strawberry Acai flavor. While I liked the Strawberry Acai flavor in and of itself, I did NOT like the after taste left behind. It uses sucralose as a sweetener and I just don't like the ""coating of the tongue"" effect you get from that. I don't drink diet beverages normally, so I might just be more sensitive to the sucralose. I suppose if you are one who drinks diet beverages normally you would probably not notice the after taste that most diet beverages leave. I would love if they made this product with real sweeteners and not artificial."
538438,amazon_tea,overseas,Amazon US,Tea,B0061IUIDY,3,,requires doctoring,"By itself, this tea is very strong and bitter (almost soapy). However, with a little doctoring to include cream and sugar, this is not so bad. I think I would have rated it higher if it tasted better by itself, but it did not. I don't think I would get this type of tea again."
62041,amazon_tea,overseas,Amazon US,Tea,B000CQG8K8,5,,Great tea,"I haven't tried it with milk yet as many reviews suggest, but it is amazing even without it. Buy it, you won't regret it."
230050,amazon_tea,overseas,Amazon US,Tea,B000WB1YSE,5,,Best Green Tea!,"I never liked green tea. I always found the taste terrible and bitter when compared to black tea. And even though I have tried to acquire the taste for green tea by trying many different varieties, I have always been unsuccessful until,... I was introduced to this Japanese tea. It is truly wonderful! It is mildly slightly sweet and aromatic. The nylon tea bag and individually sealed packages are great as well. A truly great green tea!"
441815,amazon_tea,overseas,Amazon US,Tea,B004E4HUMY,2,,Not worth the price,I had been seeing ads for Mio for months. And I had always wanted to give it a try but the price seemed to high. So when I had the opportunity to give it a try I jumped at the chance. I am also a fan of sweet tea so I looked forward to giving this a shot. Well it was not what I was expecting. I know it is a zero calorie product but the artificial sweetner used has a weird aftertaste that I found very off putting. I just could not see myself paying the high price for this product. If you are on a diet I suggest using Crystal Light. It tastes great for low calories.
70105,amazon_tea,overseas,Amazon US,Tea,B007I7Z3Z0,4,,One of the best I've tasted!,"When I saw the flavor Mango Pineapple, I had to try this. These are the small packages that you can take on the go and mix in water bottles; the 16-ounce bottles of water is what is recommended. I'm on a plan that was set up by my Nutritionist and in this plan, sugar is a big no-no. This drink is perfect because it has an artificial sweetner in, that's close to splenda, and there's no aftertaste. For a drink with artificial sweetner, the taste is great! This is a real good sweet tea substitute and I'm glad that I decided to try it."
181831,amazon_tea,overseas,Amazon US,Tea,B0009F3POY,4,,Seems to work!,"This stuff isn't the tastiest tea I've tried, but it does seem to boost my milk supply. My supply seems to dip every once in a while and after drinking Mothers Milk Tea, my supply always goes right back up. I'm not sure if this is totally because of the tea, or if it's just my body's response to my daughter nursing longer. Either way, there's scientific evidence that fenugreek teas increase milk supply - see ncbi.nlm.nih.gov/pubmed/21261516"
43928,amazon_tea,overseas,Amazon US,Tea,B001EQ5JLE,4,,Tea,"PG Tips is always a good black tea, British Style that has plenty of body. Like we have had in India. The price was not bad especially with free shipping."
62070,amazon_tea,overseas,Amazon US,Tea,B000CQG8K8,1,,Vicks Vapor Rub,"I'm really curious as to what ""blended black tea"", means. It doesn't say it on the ingredients list, but it smells and tastes just like menthol, camphor and eucalyptus oil, with a nice blend of cinnamon, which it does list. In removing it from the wrapper, it had such a strong aroma of Vick's Vapor Rub, that it gave me second thoughts as to whether it was safe to drink. However, I did want to try it, so here I am, alive and still kicking. The only positive thing I can say is that it has a nice cinnamon flavor that pleasantly lingers in my mouth, and the packaging is easy on the eyes. Not sure what the manufacturers were thinking though, in putting this product out in the public arena as a beverage. The ingredients are: blended black tea, ginger root, cinnamon, cinnamon oil, clove oil, allspice, nutemeg, clove, and cardamon oil. Because of the unknown element, I wouldn't be surprised if they started marketing it, as a familiar cold remedy. Todd Wilbur?...you missed one."
441867,amazon_tea,overseas,Amazon US,Tea,B004E4HUMY,1,,Not even remotely tasting like sweet tea,"Okay, this sounded like a cool idea and it is the first MiO liquid I have ever tasted. I love sweet tea, so if I could enjoy it calorie free, what's not to love... Well unfortunately, this product did not live up to my expectations, even remotely. One squirt into an 8 oz glass of cold water, tasted like slightly sweet cold water. Two squirts into an 8 oz glass of cold water, tasted like even sweeter cold water, with a vague tea after taste. Three squirts into an 8 oz glass of cold water, tasted like very sweet cold water, with a nasty aftertaste. I understand the other flavors are quite good, based on the reviews. This one is not."
181804,amazon_tea,overseas,Amazon US,Tea,B0009F3POY,4,,Great Product,"I wish I knew about this during my first breastfeeding adventure! Anyway with baby #2, this tea works well for me. It even helps to keep my baby pooping regularly (before I drank this tea it would take between 4-6 days for her to poop and it was a extreme big poopy mess!). It lost a star because it takes a few days to get the milk to really start flowing. Love it anyway and will recommend to breastfeeding mothers."
70101,amazon_tea,overseas,Amazon US,Tea,B007I7Z3Z0,4,,nice drink,I enjoyed this drink. Its nice to have the packets in my purse that I can ad to water at work. Has been helpful in helping to reduce the soft drinks. Nice taste as well. Low calorie and tasty! Provides a variety to what you drink and is cost effective!
123133,amazon_tea,overseas,Amazon US,Tea,B000CQBZOW,3,,This is NOT Black tea with Black currant - it is an HERBAL BLEND,Be warned - if you are looking for real tea with balck current - this is not it
135947,amazon_tea,overseas,Amazon US,Tea,B005SPQENY,3,,"Pleasant flavor, but the floating chunks are definitely an acquired taste","Who knew that aloe vera would make a good drink flavor? Surprisingly, it works well with the green tea and passion fruit in this non-carbonated cold tea drink. It's more subtle than a soda or sweetened iced tea, but still has enough flavor to be worth tasting. Health nuts will be pleased to see the first ingredient is water and there's no high fructose corn syrup, but it does still have a fairly high amount of sugar. Unfortunately there is a major downside here: there are disconcerting floating chunks of a jelly-like substance all throughout the entire bottle. It doesn't matter how much or how little you shake it, every gulp will still have chunks in it. Anyone who regularly drinks kombucha or other non-standard health food store type drinks may not be bothered, but people who don't like large chunks floating in their drink can safely skip this one altogether."
538239,amazon_tea,overseas,Amazon US,Tea,B0061IUIDY,3,,Spicy Chai,I drink a lot of Chai tea so I was excited to try something new. This tea is delicious but the clove flavor is a bit strong. Also there are some natural flavors which I haven't figured out yet. They add a sort of perfume to the tea not unlike Earl Grey. I suspect there are some essential oils being used as flavorings. This is a nice tea to drink in the afternoon. It might be a bit strong first thing in the morning. I used two teabags to make it strong enough. Also to get that milky texture I use powdered milk. This is also great with stevia instead of sugar. When you make this be prepared for a very aromatic experience. Enjoy. ~The Rebecca Review
37265,amazon_tea,overseas,Amazon US,Tea,B003CK2BQG,3,,Rooibos and nothing more,"Red&White tastes exactly like plain rooibos, which was slightly disappointing since I was expecting something more exotic, thanks to the tea's name. Nonetheless, it's a decent rooibos tea with strong flavor."
222404,amazon_tea,overseas,Amazon US,Tea,B004E4CCSQ,4,,Great alternative to powdered flavorings for water,"The MiO Peach Tea flavoring added to bottled water tastes good. I don't use artificial sweeteners that often, so I do think there is a bit of an aftertaste, but not as much as products containing Aspartame. (MIO contains Sucralose and Acesulfame Potassium). I would actually prefer the product with real sugar, but then of course it wouldn't be zero calories! It's a little hard to get the right amount of flavoring into the water, but when I could get the correct amount, my water did taste like Peach Tea. I just squeeze the bottle, as opposed to trying to measure it drop-by-drop, so that could be why I was having the problem of ending up with too much flavoring. I like this product so much better than the powdered flavorings for water I have tried. The liquid blends in with the water and there's no mess like there can be when adding powder to a bottle of water."
458565,amazon_tea,overseas,Amazon US,Tea,B000FFIL92,4,,"Nice Teas, Small Pot","Overall, I am happy with this purchase. We've used half of the teas and most of them flower very nicely. The only downsize was the size of the teapot (maybe 3 cups of tea...maybe). Outside of that, I'd recommend this product."
538186,amazon_tea,overseas,Amazon US,Tea,B0061IUIDY,5,,Spot-on English Breakfast Variant +++,"Usual Higgins & Burke quality is shown via this spot-on variant of English Breakfast Tea. It is a balanced English Breakfast Tea -- being rich, strong and soothing. It compares favorably to other variants of English Breakfast Tea. This was especially evident after I accidently let a semi-thermos mug of hot Higgins & Burke English Breakfast tea [with cream and brown sugar] sit for a while -- ending up with just lukewarm tea. It was still excellent and I finished this cuppa. This accident was final proof for me of the quality of this tea. Not too many teas [or other drinks] are still good lukewarm. The box and enclosed tea bags in individual envelopes are well done as well +++"
37203,amazon_tea,overseas,Amazon US,Tea,B003CK2BQG,5,,Mildly Minty,"Some mint teas are overwhelming but Stash's Morocan Mint is just mildly minty. It is made with spearmint, lemongrass, peppermint and green tea. I don't really taste anything too lemony. This has a smooth, refreshing taste that you can enjoy every day or when you are tired of tea with milk. I like this tea with one packet of stevia. It would also be great with honey. If you don't think this is strong enough use two tea bags like I do. ~The Rebecca Review"
136080,amazon_tea,overseas,Amazon US,Tea,B005SPQENY,4,,"Tasty Bits, Not Too Sweet","My cousin introduced me to fruity drinks with bits of aloe in em, and I find it kind of nifty! But most of those were in cans, and way too sweet. This stuff verges on too sweet for me, but I LOVE me some passion fruit. I'd recommend leaving it room temperature and pouring over lots of ice to water it down a bit. Not a bad chase for vodka or tequila either!"
43737,amazon_tea,overseas,Amazon US,Tea,B001EQ5JLE,5,,great tea from uk,love to have a strong cup of tea and PG tips is wonderful. I first had this tea in London. Great deal from Amazon!
230095,amazon_tea,overseas,Amazon US,Tea,B000WB1YSE,5,,Great Tea,After reading all the reviews I was excited to get the chance to taste a truly good green tea. All the different ones Ive tried this one is by far the best! Def. worth buying and the amount you get for the price isnt so bad either. Oh and another great little thing about this tea is the teabags have a small hook on the end that fits perfectly on the rim of any cup!
37370,amazon_tea,overseas,Amazon US,Tea,B003CK2BQG,4,,Mint Tea that is Just RIGHT!,"I had read the reviews, but was not ready to order (6) boxes without trying it first. I found it available at Target for $2.13 box and I just love it! I have tried other mint teas and I thought they were too weak, I couldn't taste the mint, but this tea is just right! Do try for you are in for a treat!"
34028,amazon_tea,overseas,Amazon US,Tea,B00412W76S,4,,Sage tea definitely promotes a good night's sleep.,"It was touted by a friend as a sleep inducer, so I tried it and it works. It tastes kinda mediciney, but it definitely does the job."
181933,amazon_tea,overseas,Amazon US,Tea,B0009F3POY,1,,Rip off,"A caveat to this review is that the tea is wonderful and really does help. But I digress... I purchased this same product for roughly $6. When I saw ""pack of 6"" in the product description, I thought $20 was a great price and purchased immediately. When the product arrived, there was only one box of tea, identitcal to what I normally spend $6 on! Waste of money for the SAME PRODUCT!"
182021,amazon_tea,overseas,Amazon US,Tea,B0009F3POY,5,,absolute must!,I just got this in today because I'm tired of paying 8 bucks for earth mama angel baby mothers milk. So I decided to try this. I started drinking mothers milk because exclusively breastfed babies during growth spurts you feel like your not producing enough. My 2 month old daughter had 2 growth spurts already second one being the longest reaching a week! First growth spurt awful which was before the tea. Second was a breeze because I was producing more than enough . Now before the tea my supply was fine but I wanted to increase it so I can pump and store. This is a god send! Ladies don't give up! Breastfeeding is tough but I promise it gets better with time! Remember its liquid gold that is so good for your bundle of joy! And your baby is learning how to become efficient so say it to yourself :) my daughter is a eater if she could she would be attached to me 24/7 sometimes I feel like 7 eleven! From 2 hr feeds to 40 minutes now. I swear it gets better! Stay strong!
136060,amazon_tea,overseas,Amazon US,Tea,B005SPQENY,5,,Great Product!!!,"I tried this product because of the features. I wanted to try something a little different and healthy. It turned out to be one of the best drinks that I have tasted. It has real aloe vera pulp which makes it very refreshing, has an amazing flavor and is unlike many other products. I have tried many different types of teas and many claim that they speeds up fat oxidation, improve insulin sensitivity, help with glucose tolerance, help with your skin, lower cholesterol levels, help control weight and many other benefits but this one you really start feeling healthier after a short period . I tried two flavors the passion fruit and the natural flavor. I liked them both with a little inclination over the passion fruit one. If you are a healthy person or want to become one I really recommend this product."
145487,amazon_tea,overseas,Amazon US,Tea,B003D4F1QS,5,,GREAT tasting tea!!,"I LOVE Stash tea! My favorite is the fusion green and white tea though. I bought the box of tea cause it was a GREAT price for such a large quantity. I'm very happy with the purchase, and recommend trying Stash tea to anyone. I also LOVE doing business with Amazon cause they always have great low prices. I recommend Amazon.com to all as well."
230084,amazon_tea,overseas,Amazon US,Tea,B000WB1YSE,5,,Delightful,"First off, let me say I was never a huge fan of green tea. I would drink it occasionally because ""they"" say I should. Bought this green tea because I read that it has more health benefits than Chinese green tea because it's not fermented like the Chinese teas are. I was pleasantly surprised. I use a little raw sugar in mine and truly enjoy it. Haven't been able to place what the taste reminds me of yet, the closest I come is it reminds me of a meadow. Anyway, brew a cup, take it with you to soak in a bath and enjoy."
222327,amazon_tea,overseas,Amazon US,Tea,B004E4CCSQ,5,,Great flavor.,"Just finished up my first bottle of Peach Tea with the MIO flavor enhancer and have to say, I'm loving it. There is just something about a liquid enhancer rather than the powdered Crystal Light or others that makes it more smooth. I will definitely try other flavors now based on my satisfaction with the Peach Tea."
458532,amazon_tea,overseas,Amazon US,Tea,B000FFIL92,4,,beautea ful,I bought the numi blooming tea set for my mom for christmas. She loved it. The teas are all beautiful and flavorfull. I will definately be buying numi teas in the future.
145531,amazon_tea,overseas,Amazon US,Tea,B003D4F1QS,5,,"Love the tea, Wish I'd received all of it.",Counted the # of tea bags on a whim to see if there really were 100. Nope....Only 90. I counted two more times just to be sure. It must be the VAT (Value Added Tax) kicking in on them because they are Irish. :)
37337,amazon_tea,overseas,Amazon US,Tea,B003CK2BQG,4,,"If you like hibiscus, this is great","I love this full flavored tea any time, but you really need to like hibiscus to enjoy it. It can taste a bit sharp sometimes if you over-steep it."
181928,amazon_tea,overseas,Amazon US,Tea,B0009F3POY,1,,not satisfied,I really did not see that this product hepled me in increasing my milk supply. Not only did it not help me but it has a bitter taste.
230132,amazon_tea,overseas,Amazon US,Tea,B000WB1YSE,5,,Great tea,"I love this Tea This is better than any I have found in the store ,great flavor ,very smooth. It also very easy to make requires no steeping and the tea bags are only needed to set for a minute. It was a big hit with my tea friends and created a buzz at my Tai Chi studio. We have a tea rack where the Sifu (instructor) keeps his stash of favorite tea which he and the other instructors drink constantly. I snuck 20 bags in without telling anyone came back 2 days later and was gone .I was asked about it before class and confessed , all claimed it was some of the best tea they have had. I took them some more and we are looking into buying some other flavors as well."
145839,amazon_tea,overseas,Amazon US,Tea,B003D4F1QS,4,,Another Great Tea,"Smooth and tasty--Caffeine free herbal tea-- 100% natural ingredients (in the order listed) are: peppermint, chamomile, spearmint, organic tulsi, lemongrass, guava flavor, cinnamon, and grapefruit flavor. As usual, each tea bag is sealed in its own foil package to keep the flavor inside and ready for you. I use 1 bag per 24 oz hot water. This sounds like an unusual mix of flavors but it is quite tasty--kind of like a minty fruit. This would also likely make an excellent ice tea. If you want to add a sweetener, I prefer a natural sweetener, such as agave cactus nectar (natural food isle of food store), or unbleached brown sugar (sugar isle) or honey."
181931,amazon_tea,overseas,Amazon US,Tea,B0009F3POY,1,,not satisfied.,I bought 6 box of this tea last April 7 because of a nice review. The taste is okay but I did not see that this product help me in increasing my milk supply. I just waste my money.
538321,amazon_tea,overseas,Amazon US,Tea,B0061IUIDY,5,,A Wonderful Tea,"I drink a lot of coffee and tea, I start the day with coffee and graduate to hot and ice tea depending on my mood. I had afternoon tea yesterday and loved my first cups of the delicious Higgins & Burke Earl Grey tea. I then brewed two pots of this tea for glasses of ice tea this afternoon and I love the taste. It's a strong, yet smooth Black Tea with the tasty oil of Bergamot to set off the wonderful Earl Grey taste experience. I Love it! Let's have another cup..."
70033,amazon_tea,overseas,Amazon US,Tea,B007I7Z3Z0,3,,Artificial Sweeteners Turn Me Off,"I'm a big guy who's not afraid of calories, and while I like this tea, I was saddened to learn that it used artificial sweetener to keep the calorie intake low. Personally, I'd rather not have ANY sweetener, or go with something that isn't artificial. Otherwise the tea tastes nice and is cooly portable."
43867,amazon_tea,overseas,Amazon US,Tea,B001EQ5JLE,5,,One of the best teas,One of the most standard and widely available teas in the UK but poorly available in the USA. at least in my area. We were delighted to find it for sale on Amazon.com and have been enjoying good strong cups of UK style tea ever since! Just remember that the tea pot should be warmed and the water boiling when you make it! The British way is one bag for the pot and one for every person drinking tea but that may be too strong for some in the USA.
441793,amazon_tea,overseas,Amazon US,Tea,B004E4HUMY,5,,MUCH better than powdered portables!,"Sufficient to say that MIO Sweet Tea has a great taste in a convenient form. There are lots of drink mixes out there that are designed with portability in mind. However, this one has the added bonus of allowing you to truly measure out as much as you want -- light tea or screamin' sweet. The little envelopes of powdered drinks could, in theory, be portioned out in lesser amounts, but those packets are impossible to re-close. I just think that MIO is such a great idea, that I most definitely plan on trying out various other flavors. If they are as good as the Sweet Tea flavor, I am a fan for life!"
61994,amazon_tea,overseas,Amazon US,Tea,B000CQG8K8,4,,Triple Bergamot,"I like this tea. Whenever I pull a bag out of it's foil envelope, i like to inhale the scent of the Bergamot Oil. Triple Bergamot ? Bring it on !"
136102,amazon_tea,overseas,Amazon US,Tea,B005SPQENY,1,,Too Sweet,"Many people seem to love this tea, but it wasn't for me. It was much too sweet & there were too many competing flavors. I also didn't care for the pulp - I knew it would be there, but it seemed overwhelming."
123197,amazon_tea,overseas,Amazon US,Tea,B000CQBZOW,5,,Great tea,I drank this tea when my baby started to sleep through the night however I could not sleep. I love the way it relaxed me. Great tea and I love that I did not have to add any sugar to it.
181948,amazon_tea,overseas,Amazon US,Tea,B0009F3POY,5,,This works well!,I was a big skeptic- but I have to say this product DOES indeed work! Within 24 hours I noticed a BIG increase in my milk supply. My baby has a shallow latch due to extreme distractability- and due to that was not effectivly emptying my breasts...which meant my body was beginning to produce less milk because of supply and demand. This corrected my low milk supply and also seems to help with boosting a slow letdown into a bit faster one..all of which have made my fussy 4 month old MUCH happier! Now I am using breast compressions and also working on helping her correct her latch to maintain my new supply. I will continue to drink this pleasant tasting tea 3 times per day until she weans herself..which will hopefully be a long ways off. :-)
229996,amazon_tea,overseas,Amazon US,Tea,B000WB1YSE,5,,The taste is very nice,The taste of this green tea reminds me of the way green tea usually tastes in Japan. Ito-en is a famous green tea brand in Japan.
441909,amazon_tea,overseas,Amazon US,Tea,B004E4HUMY,1,,No tea leaves were harmed in the making of this product,"At first this didn't taste like anything. By time I added enough Mio to taste something, I was then disgusted by the flavor. I like tea, truly I do. This is not tea. But I've found a few ways to describe this flavor: Sucking on brown saccharine? Chewing on stale aspirin? Someone dropped a cigarette butt in my water? Sweaty gym socks were wrung out in my glass? Someone left used motor oil on the bottom of my glass? This drink is a great idea but a terrible rendering of such. My teenager wanted to try it and I'm tempted to do a science experiment on him. We call him Big Foot and I'm wondering if it would stop the growth of said feet. I don't want him to stop growing taller (6'2"" now) so I wonder if I sprinkle it directly on his feet, if that would work? I'll get back to you. I keep trying to figure out how people like this. I've finally figured it out and I have a message for them: WATER is not spelled V.O.D.K.A"
123130,amazon_tea,overseas,Amazon US,Tea,B000CQBZOW,5,,It's the best!,Stash teas are really good and this is the best one for me. I really enjoy it.
458695,amazon_tea,overseas,Amazon US,Tea,B000FFIL92,1,,Disappointed Tea Drinker,"This tea set was my reward for the hard work put into my flower gardens and it was with great anticipation that I waited for the package to arrive. How disappointing! The musty, dank smell hit me before I ever saw the contents of the box. It was so bad that I took it outside to open it for fear of releasing mold spores in my house. The tea pot is very small and fragile and I have yet to bring myself to try the tea because of the moldy smell. I would not give this as a gift. I am so very disappointed."
458477,amazon_tea,overseas,Amazon US,Tea,B000FFIL92,5,,"""Super Cool Present-I Looove It""","Sent this to my sister for her Birthday--she just called and said how much she loves it. She has transitioned to water and tea due to an illness and needed a fun thing to play with-to make the mandatory transition more FUN. She talked about it for a good 20 minutes. ""Super Cool Present. I Loooove It!"" The description doesn't say the tea comes in another lidded bamboo box. I read the reviews complaining about this set referring to it as not being 'perfect tea'. Anyone who has made their own herbal teas would know that. I don't think the idea is to obtain a 'perfect cup of tea' with this set, but to explore the colors, textures and scents of tea. May help someone understand the 'nature of tea' and where it comes from. Plants. Herbs. Nature. To me, that has been the side of tea that keeps me exploring and learning about it since I was a teen. Am getting one for myself.Have to, now! Gotta compare notes with her!!!"
222326,amazon_tea,overseas,Amazon US,Tea,B004E4CCSQ,5,,Makes me drink more water!,"I must admit, I am hooked. I have tried almost all the flavors and the Peach Tea is my favorite. I really like how you can add more or less to suit your personal taste. It is a great alternitive to drinking Kool-aid(hate the stuff!) or Soda. I find myself drinking at least 2 more glasses of water a day because of this product."
458505,amazon_tea,overseas,Amazon US,Tea,B000FFIL92,5,,Outstanding value!,"This gift set looks great online, but looks even better in person! The quality of the tea is excellent, the teapot is cute, and it is packaged beautifully. Truly the gift that keeps on giving, and a remarkable gift for any tea enthusiast!"
230109,amazon_tea,overseas,Amazon US,Tea,B000WB1YSE,5,,Wonderful flavor,This is easily my favorite of the several different green teas I've tried. It has a comforting smooth and slightly sweet flavor that is natural without tasting bitter or grassy. It's very inexpensive and the tea bags make it convenient to make compared with loose teas. It helps to read the directions because this tea only needs to be steeped for 30 seconds. And like other green teas you should use water that is not too hot to keep from burning it and causing it to be bitter.
441910,amazon_tea,overseas,Amazon US,Tea,B004E4HUMY,1,,Extremely Disappointed In This Product,"I saw the commercials and though that this would be something great to try, something to add flavor to water and sugar free. I should have realized that sugar free means artificial sweeteners. Going off of the ads, I added some MIO to a glass of water. Of course I could barely taste anything so I added more. I couldn't tell that it was sweet tea. All I could taste was those nasty artificial sweeteners. I tried different amounts and numerous glassed of water thinking that it might be that I put too much or too little in the water. None of it helped. It was so bad that my stomach was rolling after attempting a couple glasses. Now, a different flavor might be more for me. But after this experience, I think I'm just going to not ever think about buying any more. I'm sure if you like Crystal Light and other diet drinks you will enjoy this. Personally, I think the headaches I get from horrible artificial sweeteners is a good sign to stay away from MIO. I'm glad that I got this for free from the Vine Program or I would have been upset to have wasted my money. Shawn Kovacich Author and Creator of numerous books and DVD's."
521399,amazon_tea,overseas,Amazon US,Tea,B007JFXWRC,3,,A very sweet tea-mostly berry with a hint of vanilla,"The Blackberry Vanilla Herbal Tea by Lipton is caffeine free tea with real pieces of blackberry in a neat little pyramid-shaped mesh bag. It is very fancy so drink with your pinky up! Ok, so seriously it is a very different tea from what I am used to drinking. Inside the cool bag are little pieces of the following: hibiscus flowers, rosehips, sweet blackberry leaves, dried blackberry current, dried blueberry and dried raspberry pieces. The smell is is lovely. It steeps a very pretty purplish color. At first I tried it hot and straight, sans sweetener, and found it kind of sour. It was also naturally sweet too if that makes any sense. The vanilla is not very strong but it is there. When I added a packet of Stevia it became very sweet, almost too sweet. Next I tried it as an iced tea. I enjoyed the sweet yet sour taste much better this way. It also looked very pretty in the clear glass with its beautiful color. This is not a bad tea, but it is not really the kind of tea I go for. I prefer it cold to hot and I would be careful of how much sweetener you add to it. Maybe half a packet will do ya. I don't think I would buy it again, but I am not going to throw it in the trash either. I wanted to love it so I am sad I do not."
222537,amazon_tea,overseas,Amazon US,Tea,B004E4CCSQ,4,,This is better than Mango Peach,I found that the Mango Peach was sweeter but had an artificial sweetener after-taste. The tea flavor at the end of the Peach Tea masks that after taste. I believe that if you want a strong taste you have to use more of the product and that means fewer servings. I like the product but the cost seems high.
181929,amazon_tea,overseas,Amazon US,Tea,B0009F3POY,2,,baby fussy,"i drank this tea for 4 days, only did 2 cups a day. the four days that i was drinking it, my baby was fussy and kept pulling away from the breast. he stared waking up in the middle of the night after 3 hours when he had been sleeping 7 hours. i stopped drinking it and he went back to normal sleep and eating patterns. the taste was okay. i started taking Nursing Blend Supplemnet and baby likes it. it is basically the same ingredients but with added daily vitamin. maybe it was the method of delivery, pill vs tea, that my body does better with the pill."
181895,amazon_tea,overseas,Amazon US,Tea,B0009F3POY,5,,Great at first,"This tea really does work, especially (for me) at first. I have trouble with my milk supply - and IF I pump TWICE at work, I'll get a whopping total of about 5 1/2 ounces. I can't imagine pumping 8 ounces, let alone 15. While this tea didn't make me produce gallons of milk, it allowed me to sustain my milk supply. After a couple of months, though, it didn't work as well.... or maybe it's just that my little one needed even more milk. Motherlove's goat's rue tincture works really well though. For me, it's better than the tea, but I take both daily anyway."
61999,amazon_tea,overseas,Amazon US,Tea,B000CQG8K8,5,,The Best Earl Grey Tea I've found,"Stash 'double bergamot' Earl Grey tea absolutely is the best Earl Grey I've found, and I've tasted quite a few of them both here in the US, and while traveling in Europe. The regular Earl Grey in this brand is also excellent, but the 'double bergamot' variety has a little more flavor than the Stash's regular Earl Grey. I highly recommend both, and if you are curious like I was, treat yourself to one or both of these, and you will probably never want to purchase any other brand. I'm not sure the reason, but the other brands I've tried just do not taste as good. Whatever Stash is doing with this tea recipe, it works."
229988,amazon_tea,overseas,Amazon US,Tea,B000WB1YSE,5,,high quality product.,"Product in general is amazing, the tea bags came in a polyester fabric witch is very easy to let the extracts of the plant melt in the water. the convenience quantity for that price and quality is a plus."
33909,amazon_tea,overseas,Amazon US,Tea,B00412W76S,1,,"Weak, wimpy, worthless",This tea is weak at best when compared to other rose hip teas I have tried. The bags have no string and tag. The bags are the limpest and often fall apart while squeezing. The only brand of tea I have ever had do this. I drink 4 to six cups of tea a day of various types and this is a very lame tea.
521416,amazon_tea,overseas,Amazon US,Tea,B007JFXWRC,1,,don't pay more --- overpriced for what it is,"Substandard tea in a fancier bag that claims more infusion of flavor. Take it from a tea enthusiast -- more flavor does not come from a newfangled bag. More flavor comes from BETTER QUALITY TEA to begin with! Moreover, the flavor is acidic and harsh. For a better blackberry type of taste at a similar (and lower) price point, try Bigelow Blackcurrant tea, which happens to have rounder, smoother, and more pleasing flavor--in a traditional tea bag, nonetheless!"
538313,amazon_tea,overseas,Amazon US,Tea,B0061IUIDY,4,,Good,"Definitely an earl grey. Perhaps a little muted. Before getting this Higgins & Burke, my tea drinking habits were guzzling PG Tips and a cup of some Bigelow Earl Grey when I felt like having dessert. The Higgins and Burke is somewhere in the middle. It doesn't smack you with that flavor/fragrance of fruit loops like the Bigelow, but has more substance than the PG tips. Regardless of all that, everyone's sense of taste is different and our moods and cravings do swing. This Higgins and Burke tea is well worth testing to see where it hits your personal palette."
441767,amazon_tea,overseas,Amazon US,Tea,B004E4HUMY,3,,"Easy tea, ready to dress up as you see fit","Of the Mio flavors, I found the tea to be the least satisfying, but a bit of lemon or mint wakes it up just fine. It's still a simple, mess-free way to fix something without calories or caffeine. I just leave the little squeeze bottle in the front of the pantry and use it whenever I want something besides water to drink."
62084,amazon_tea,overseas,Amazon US,Tea,B000CQG8K8,3,,"Not strong enough of a Tea flavor, mostly smells good",I usually drink Twinnings earl grey. I opted to try something new and i love bergamont so i figured DOUBLE BERGAMONT would be amazing. Well this tea smells amazing but it is very very weak. I have to use 2 teabags vs 1 twinnings tea bag and seep it for 7+ min in order to get the equal flavor i would get from twinnings. I wish this tea was stronger in flavor not just in smell.
37372,amazon_tea,overseas,Amazon US,Tea,B003CK2BQG,5,,Great Tasting Green Tea,This tea is very refreshing and I love the mint flavor. I use it for ice tea. I especially like this brand of tea.
136050,amazon_tea,overseas,Amazon US,Tea,B005SPQENY,3,,Interesting,"Upon the first swig of this, soft particles (of what I hoped were passion fruit) filled my mouth along with the tea. That notwithstanding, the taste was good, if a bit sweet for my liking. Inspection of the label indicated that the aforementioned particles were, in fact, ""green tea leaves."" The product comes from Taiwan, so perhaps the culture there doesn't mind a pulpy beverage. Again, not bad, but a whole bottle--which isn't that big--contains a somewhat high caloric content of 120. Would probably be better without the cane sugar added in."
145785,amazon_tea,overseas,Amazon US,Tea,B003D4F1QS,1,,Disappointed with STASH PREMIUM TEA,"STASH PREMIUM TEA has little to no taste, depending on the flavor used. The Peach Black Tea has a slight flavor to it. Even if I use two tea bags when I normally would use one it brews a pretty poor cup of tea. I purchased a 100 - count box. Once again I don't know if this is common for STASH tea or if I received an old batch. Although I prefer the Peach to any of the other flavors I purchased, I certainly would not recommend this tea."
458601,amazon_tea,overseas,Amazon US,Tea,B000FFIL92,4,,very small vessel,Beautiful flowering tea with great descriptions of each flower. I was somewhat disappointed in the size of the teapot. It is definitely for one cup of tea only. The packaging is really nice and makes an impressive gift for the tea lover in your life. My only complaint is the size of the vessel.
182022,amazon_tea,overseas,Amazon US,Tea,B0009F3POY,1,,Tanked my milk supply,This may work for some people but it absolutely tanked my milk supply (and it tastes awful to boot). Every time I would drink it the whole next day's feedings were terrible. After 4 days of this I called it quits with this tea and magically our feedings were fine again. This is one time I think correlation IS causation. Too bad too because I had finally found a way to get it down...drinking it with a werther's caramel in my mouth. Not healthy but it did the trick. I say give the tea a try to see if it works for you but if your feedings start going poorly this is probably the cause.
37307,amazon_tea,overseas,Amazon US,Tea,B003CK2BQG,5,,delicious,I have tasted several brands of the Jasmine Green tea and found this to be my favorite.
538199,amazon_tea,overseas,Amazon US,Tea,B0061IUIDY,4,,A great choice for the chai tea needs,"I love chai teas and was anxious to se how it compared to what you would find freshly made on your own or even from a restaurant. I did it a few ways so you can see the different results. Iced tea maker with a medium brew - this made a good light tea that showed off the cloves that are in this blend.I added a light cream and once with a milk to it to make a thai type iced tea but the milk quickly overpowered it at the lighter brew. But as an iced chai everyone loved it and we went through numerous bags before I stopped them so we could test the other ways. Iced tea maker with strong brew - this was much better for an iced Thai type and the cloves were stronger and held flavor when adding milk or cream. Keep in mind the manufacturer says Assam which is there but the spices are stronger. Hot water light brew - just ok. I did it once and didn't like it. Simple enough in explanation I think. Hot water strong brew - this was by far the best result of the four showing off the care they did in individual packaging. While not fresh, it was great for home, blended well with the milk and held up enough as a chai. I wish there was more Assam strength but I was quite happy and will buy this type again. I recommend hot strong brew, iced strong and iced medium brews for the best results."
521465,amazon_tea,overseas,Amazon US,Tea,B007JFXWRC,3,,Decent but not life changing,I like my tea strong so I was hoping the the pyramid bag would allow for more/stronger favor. Didn't seen to be any stronger than my favorite Tazo Teas. If it were on sell or something I would consider Lipton Herbals but if not... The flavor was good though once I used two bags (use two bags of Tazo also if the tells you anything).
441963,amazon_tea,overseas,Amazon US,Tea,B004E4HUMY,2,,What's Wrong With Just Drinking Water?,I much prefer the taste of plain water or maybe water with a little lemon in it to this product at least in the sweet tea flavor. To me just a little bit of the liquid made the water taste flat and odd while adding more made it sickeningly sweet. It does come in a cute little container and I appreciate that it doesn't need to be refrigerated and is perhaps less messy than powdered drinks. But otherwise I am unimpressed.
181864,amazon_tea,overseas,Amazon US,Tea,B0009F3POY,3,,Great value but haven't seen an improvement,"I love how cheap this value pack is! Even though this tea doesn't seem to help to increase my milk supply, I still like drinking it. And since I go through a bunch of it, I hated to have to make a trip to the specialty store every week. With this large shipment amount and low price, I'm very happy!"
441879,amazon_tea,overseas,Amazon US,Tea,B004E4HUMY,2,,NOTT WHAT IT SEEMS,I WAS NOT IMPRESSED WITH THIS WATER ADDITIVE. IT TOOK MORE THAN THE RECOMENDED QUANITY AND EVEN THEN IT WAS NOT A GOOD FLAVOR. LEFT A METALIC TASED. THE IDEA IS GOOD BUT NEEDS QUALITY AND RESEARCH TO IMPROVE.
43756,amazon_tea,overseas,Amazon US,Tea,B001EQ5JLE,5,,PG Tips Black Tea,"Excellent product. This is what tea should taste like. The only place to purchase English tea is [...]. They not only have speedy delivery but they are much cheaper than those English import houses. Whenever I need to buy something on the internet, I go to Amazon.com first."
145504,amazon_tea,overseas,Amazon US,Tea,B003D4F1QS,1,,TOTALLY MISLEADING,"Totally misleading; where do i begin. It is not GOJI BERRY like the heading implies; rather, it is goji flavor. Furthermore; it has lots of other ingredients although the title leads you to believe otherwise. It has raspberry leaf, hibiscus, strawberry FLAVOR, licorice powder... a very complex blend in my opinion; considering they lead you to believe it is: GOJI BERRY, MATCHA and GREEN TEA. Goji berries are full of nutrients and antioxidants. WHAT THE HECK IS ""GOJI FLAVOR"" and why does the heading on the front of the teabag state it is goji berry when it is not? WAY TOO SWEET in addition. A true mislead and disappointment. Shame on them. How can they have the audacity to call the teabag 100% Natural Ingredients? What is goji flavor and strawberry flavor? Tastes terrible."
123228,amazon_tea,overseas,Amazon US,Tea,B000CQBZOW,4,,quite good,"I like this tea a lot. We buy it in bulk. I have found that you shouldn't leave the bag in the water too long; it acquires and odd taste then. Otherwise it is flavorful and helps to clear out the phlegm. Licorice is a natural expectorant. I also use another product called: ""Sanderson's Throat Specific Mixture"" to help clear my throat. It is an amazing product."
33948,amazon_tea,overseas,Amazon US,Tea,B00412W76S,1,,Pond water would taste better..,"Stale, tastless crap. Dont bother. The hassle to return is riduclous, you have to pay and it has to be thrown out anyway, Why put customer thru all this for cheap little item."
37270,amazon_tea,overseas,Amazon US,Tea,B003CK2BQG,4,,Hide the Stash Baby...,"Stash tea is one of the best available. Their Green Tea is not one of their finest products, but for the price on Amazon, you can't go wrong. I saved about 6 dollars buying it here."
43804,amazon_tea,overseas,Amazon US,Tea,B001EQ5JLE,5,,Great Tea,"After first try, we got hooked into it. Now we don't like any other tea. I used Tatley in the past. It is better than Tatley. I would recommand to anyone who likes strong hot tea."
123162,amazon_tea,overseas,Amazon US,Tea,B000CQBZOW,4,,"Subtle, Mild Chamomile Tea","**** Stash's Chamomile Caffeine Free Herbal Tea is one of their totally natural teas, containing only chamomile flowers. Although I do like this, it means that the tea is rather weak, but still a fine tea---just use two teabags. Many people will find this tea too subtle. I think that Stash's more natural teas seem to be a little mild and undistinguished, while their flavored teas are super-powerful, erring on the side of too powerful, overwhelming the tea drinker with all types of strong added flavorings. If I had to pick, I'd always take subtle, as you can make these teas, like this chamomile tea, stronger by doubling up on the bags, but you can't make the strongly flavored teas weaker! Stash Tea has been around for over 35 years, and they are moving in the direction of more organic and loose teas, more true flavors instead of added flavorings. I appreciate that their chamomile is so pure, but wish it could be a little more flavorful. Still, recommended. ****"
43839,amazon_tea,overseas,Amazon US,Tea,B001EQ5JLE,3,,"Quality is ok, Flavor isn't fantastic.","The Good: PG Tips tastes a little like an earl grey and can be bought in bags or loose leaf. It tastes noticeably different than standard brands like Lipton. It can be found in smaller packages at most supermarkets in America. All PG Tips products seem to be reasonably priced. The Bad: I personally do not like the flavor. I am used to drinking loose leaf teas and am open to trying any kind of tea or herbal infusion, but until a friend said that this tastes a bit like earl grey to them I didn't think I would ever finish the box. Strangely, when I think about it that way it actually doesn't taste as bad, but it's still not the greatest. Other notes: I've tried this on a recommendation from a friend. I bought the loose leaf variety because I normally prefer loose leaf teas. I can't imagine that the bagged variety would taste noticeably different to your average tea drinker, but I highly doubt that it has exactly the same flavor. If you're used to plain tea (black tea) brewed from bags (like lipton or bigalow) and you are looking for something different to try then go for it, but buy a small box just to try at your local supermarket. But if you appreciate higher quality whole leaf teas from reputable tea merchants, then this isn't your cup of tea ;)"
136006,amazon_tea,overseas,Amazon US,Tea,B005SPQENY,2,,Sweet and Pulpy,"The tea and the passion fruit flavor were good, a little on the sweet side for me. Plus it left an aftertaste that was a bit too intense. It didn't have a refreshing feel to it like I usually get from tea or fruit drinks. Also, there was a lot of pulp in the bottle. It was thick, plump, big and chunky. I tried shaking the bottle vigorously but that didn't help break it up. The pulp stayed consistently firm. It ruined the drink for me. You might like this if you enjoy lots of pulp and in fairly large pieces but it wasn't right for me."
123078,amazon_tea,overseas,Amazon US,Tea,B000CQBZOW,5,,Excellent Ginger Tea,"I recently gave up coffee, but still felt I needed a little boost first thing in the morning. The nice spicy ginger tea is great for waking me up and love the lemon-ginger flavor. I like the convienence of using Subscribe and Save program so will always have the tea on hand. Highly Recommend this tea!"
136092,amazon_tea,overseas,Amazon US,Tea,B005SPQENY,1,,"Too sugary, not fruity, laxative effect","I've tasted green tea infusions before and they are usually quite tasty Chantea is not tasty, infact it is too sweet, has an aftertaste, tasted like canned artificial lycees, plus acted like a fast laxative. I originally come from the tropics so I definitely know how good, fresh passion fruit tastes like and there is no such taste in this drink. The aloe and green tea flavors are not even noticeable because of the overwhelming sugar taste. Most of the drink was poured down the sink. Final verdict: I would not drink this again."
538450,amazon_tea,overseas,Amazon US,Tea,B0061IUIDY,4,,Yummy spicy not bitter,This is a rich smooth tea that is not bitter at all. A delicious chai that doesn't require sugar or milk to be enjoyable.
441903,amazon_tea,overseas,Amazon US,Tea,B004E4HUMY,4,,Super convenient,"If you're one of the many workers, students, etc. who has constant recourse to a Nalgene water bottle but would like to branch out from drinking water all the time, a couple squirts from this tine egg provide a flavorful alternative. We tested the sweet tea one and it was delicious. But, best of all, because the flavoring is a liquid concentrate it takes up almost no room in your workspace."
458576,amazon_tea,overseas,Amazon US,Tea,B000FFIL92,3,,gift,"The packaging looked nice but excessive and the actual contents were somewhat disappointing. The actual amount of tea in the individual small plastic baggies in the small bamboo box in the shredded paper padding within the larger bamboo box within the paper wrapping within the cardboard box within the plastic air packets within the shipping box was miniscule. The bamboo box that it came in that houses the teapot and box of tea is cute but not the sturdiest thing ever. I hope I never drop it. It's also a lot bigger than I realized it would be. As for the teapot, it's cute but a good glass teapot doesn't have the sort of imperfections you can see in this (unless I'm just unlucky in getting the one with the bubbles). Lowest price I've seen this here: about $18"
43875,amazon_tea,overseas,Amazon US,Tea,B001EQ5JLE,5,,Excellent black tea at a great price,"I recently started drinking PG Tips when I found it in the tea/coffee cabinet at the home of the family that I work for. They know I make tea for myself nearly everyday, so they are kind enough to keep tea in stock for me. Being a young American, I had never heard of PG Tips until now, so I am sad that I have been in the dark for so long. The taste and ""texture"" of this tea is absolutely fabulous. I brew it for 2 minutes and it makes a perfect cup without any bitterness, but with a bold smooth flavor. I also add a splash of milk and a bit of sugar or honey... whatever is on hand. I am glad this is becoming widely available in the States and I can see this replacing my regular morning cup of Twinings. I can see why this is the ""#1 tea in the UK."""
145715,amazon_tea,overseas,Amazon US,Tea,B003D4F1QS,5,,Wonderful flavor!,"This is my favorite flavor of tea. I enjoy white tea more than the darker teas, and the mix of peppermint and ginger is perfect. If you enjoy any kind of peppermint tea or coffee (such as those served around Christmas) you will enjoy this tea. The outer package is the pictured cardboard box, but the tea bags are individually wrapped in air tight packets (the little white packet shown in the picture) which are pretty enough for display or gift baskets. If you aren't sure about buying 100 at a time, look for a sample package on Amazon or elsewhere (though the Amazon prices are impressive compared to other ones I've seen). The only negative I've seen is that a few of the tea bags have ""failed."" By ""failed,"" I mean that when I combine them with hot water they sometimes expand quickly and purge a small amount of tea leaves through the stapled end of the bag. It's a minor distraction (only once or twice have I had to through it out), but it's probably a 4% failure rate based on my usage so far. No doubt part of the problem stems from poor technique on my part, but I haven't had this problem with other teas."
145594,amazon_tea,overseas,Amazon US,Tea,B003D4F1QS,5,,Love the Tea,A friend suggested this tea and I tasted some she had made into iced tea. It was fantastic and I loved it. I like it unsweetened but my husband is drinking it as well...with sugar and he is enjoying it. Service was quick and we are enjoying our new summer tea.
458739,amazon_tea,overseas,Amazon US,Tea,B000FFIL92,4,,"Pretty, but fragile.","Bought this for a gift, so I haven't seen it fully. I can't judge the taste. The box is a lot more fragile then I thought it would be. In fact, a bottom piece was broken...no time to send it back, so I just glued it. It's a very nice looking gift though."
521497,amazon_tea,overseas,Amazon US,Tea,B007JFXWRC,2,,What *Natural Flavors* Are In This Tea??,"I do like the flavor of this tea. It really tastes like blackberries. Sometimes I get herbal teas that sound good, but taste nothing like their name would imply - there are so many other stronger herbs in it. But this one tastes just like blackberries. It is slightly tart, but not much. It's a very refreshing tea, both hot and cold. I prefer it with no sugar. Although a bit of sugar seemed to bring out the vanilla flavor a bit more. It does make me wonder though, what are they using for the vanilla taste? The ingredients do not mention vanilla specifically... ingredients: hibiscus flowers, rosehips, sweet blackberry leaves, **natural flavors**, dried black current, pieces, dried blackberry pieces, dried blueberry pieces, dried raspberry pieces, sunflower lecithin I have been hearing that some companies are using something from beaver glands (yes, beaver) to use in food and beverages for vanilla flavoring. Vanilla beans are pricey where as beavers are apparently cheap. And it can be listed as ""natural flavor"" because it is nature-made, not synthetically made in a lab. I would feel much better about drinking this tea if it listed all the ingredients outright and did not use the term ""natural flavors."" Especially considering the name of the tea includes the word vanilla, yet there is no vanilla listed in the ingredients. For that reason, I can't say I am apt to drink any more of this. While sipping I kept thinking, beaver glands?? Really?? Possibly?? Eww!! I hope that is not the case, but I don't like thinking it could be a possibility. Lipton - if you read this, please verify. I'd love to know I am worrying over nothing. I hope it's more of an over-exaggerated rumor about the common use of beaver glands in food and drink. But still, it does make me get a little grossed out now when I see ""natural flavoring"" in anything with a vanilla taste to it anymore. If the ingredients listed vanilla bean instead of natural flavors, I would give it five stars for it's wonderful blackberry flavor."
37302,amazon_tea,overseas,Amazon US,Tea,B003CK2BQG,1,,Decaffeinated!!,"I recently bought this item based on the good reviews I saw here. However, I was dismayed to learn that this tea is actually decaffeinated! This fact is hidden on the back of the box, while it should be in the product's name."
230056,amazon_tea,overseas,Amazon US,Tea,B000WB1YSE,5,,Very good matcha tea!,"A lot of reviewers are calling this 'green tea' only, and it's not just green tea. Green tea and matcha green tea are very different teas, so the terms are not interchangeable. Matcha is generally a very expensive form of powdered tea used in tea ceremonies. This Kirkland brand is obviously not expensive, but it tastes pretty close to the really good stuff. I have had all kinds of matcha, because it is my favorite kind of tea, and I definitely recommend this tea. It's really quick to steep, less expensive, and doesn't require the whisking needed for real, high end matcha. I definitely still love the good matcha more, but this works for me as well!"
538382,amazon_tea,overseas,Amazon US,Tea,B0061IUIDY,5,,Great classic well done,"Most tea lovers are very familiar with Earl Grey tea. Many first learned about it from Star Trek, since it was Captain's John Luc Picard's favorite hot drink. Earl Grey tea is black tea with the addition of oil(or other flavor elements) of bergamot(a citrus fruit mostly grown in Italy). This brand uses Asian black tea with oil of Italian bergamot. It has a very full bodied flavor and the bergamot also comes through prominently. It comes in stay-fresh foil packets. Another nice little feature is that each tea bag has a string attached with a stitch and no metal staple, so there are no metal staples or glues to affect the taste for purists. Highly recommended for those who appreciate black tea and also like citrus additions."
123092,amazon_tea,overseas,Amazon US,Tea,B000CQBZOW,5,,best flavor out there,"I first tasted this tea at a friend's house in Alaska and had not been able to find it locally in Maryland. It was very pricey on line...much more so than to buy it in the store, but it has been worth it."
145589,amazon_tea,overseas,Amazon US,Tea,B003D4F1QS,4,,Nice tea,"The stash black tea has a nice flavor, definitely better than lipton. I still prefer Tazo over it because Tazo has a little bit more of a bold flavor and does a better job of waking me up in the morning. Still, it's a nice tea and cheaper than Tazo so if you're mainly looking for nice flavor and not an early morning jump start this is a nice one to try."
230074,amazon_tea,overseas,Amazon US,Tea,B000WB1YSE,4,,Great Tea,"This is a great tea with quality -- it's exact same taste in Japan. Unfortunately the tea bag is made for Japanese cup size, which is really small, thus you may have to put 2 tea bags to a mug. I like strong tea so I just have to put 2 tea bags."
135979,amazon_tea,overseas,Amazon US,Tea,B005SPQENY,4,,A little lumpy but overall pretty tasty...,"I love tea. I especially love green tea. I also love passion fruit (they flavor everything with that these days, don't they) and I really love the soothing pallet cleansing quality of aloe vera. So, I was particularly pleased to get to try this Chan Tea product; this green tea infusion. I'll start by warning that this looks really unappealing upon receipt and that judging from the large amount of floating debris (pulp) and the murky green color one may be almost repulsed by the presence of this product. That said; I had to try it, so I did and I must admit that I was pleasantly surprised. First off, this really doesn't taste anything like green tea or passion fruit, but there is a familiarity to the flavoring so maybe the subtle hints are sparking memories on my tongue. What I will say is that the flavor is solid, with no aftertaste at all and the sweet levels are balanced to the point where this tastes fresh and authentic and organic and, well, sort of delicious. The texture of the drink can be a little off putting, considering that there is so much pulp your constantly rolling balls off the roof of your mouth. Still, there is substantial flavor here so give it a whirl and see what you think."
441908,amazon_tea,overseas,Amazon US,Tea,B004E4HUMY,1,,bleh.,"It reminded me of cheap Kool-Aid, and it took about seven shots to get anything that looked like tea, or tasted like it. By that time, the taste of lemon was just a tad too strong to really enjoy it. While the tea flavor was too fake tasting, the others might actually be alright. I'll happily take my real sweet tea over this any day of the week."
43919,amazon_tea,overseas,Amazon US,Tea,B001EQ5JLE,4,,Large amount of Tea,"This is a good tasting tea with a good strong flavor. My only complaint is that after the outer plastic is removed and the box is opened, the flavor will dissipate. When I open my pantry door, I can smell the flavor escaping. Being that there are 240 bags in the box, it will probably last at least year and by then most of the flavor will be gone. What I did was empty the contents and put all the bags in a plastic bag before replacing them back in the box."
62049,amazon_tea,overseas,Amazon US,Tea,B000CQG8K8,4,,"Good, but mostly for Earl Grey fans","I am an Earl Grey fan, and I am currently enjoying a thermos of Stash's Double Bergamot as we speak. The citrus background of the standard Earl Grey mix is definitely amped up, making it into the central focus of the tea (as opposed to the black tea base). It is obvious you are still drinking tea, mind you, but now the bergamot flavoring is a lot more transparently citrus in origin. Cup by cup is probably the best way to make it your first time out. Making it by the traditional ""full pot"" method of ""1 per person and 1 per pot"" (and for me, often ""1 extra just for the fun of it"") makes the taste borderline spicy. This is how I first sampled it and it caused me to cough upon my initial swallow because I knew it was strong but was not quite expecting that level of strength. I recommend a little bit of honey and a little bit of milk to help bring the taste into roundness. Like Lapsang Souchong, this tea has a distinctive flavor that seems perfect for waking you up on a cold morning or refreshing you after a long day's hike. It gives me a little extra perk at work, and I like that. However, I cannot five star this tea because the flavor is a little too intense for the more casual drinker. I like having tea socially, and sharing it with my friends. Most of them outright dislike this one or only sip it sparingly (just like the aforementioned Lapsang Souchong). Earl Grey fans, however, can rest assured that it is a five star review for them."
61973,amazon_tea,overseas,Amazon US,Tea,B000CQG8K8,5,,What a perfect combination...,"...Stash Chai and Amazon's auto delivery service! Unlike many chai teas, Stash does not use black pepper. You get the good spices without the funny bite. Our office is addicted to this -- no morning goes by without a cup of chai! So the Amazon deal of free shipping every three months works perfectly for us. No more running to the grocery store -- or doing without because we forgot!"
43853,amazon_tea,overseas,Amazon US,Tea,B001EQ5JLE,1,,not good at all,"i have a bad experience with this product i bought it twice ,i m not gonna buy it again.it is either stale or something else wrong with it.i used to buy it at an indian store,its aroma and used to b so good that after taking a cup of tea i felt very relaxed.but the same product i bought at amazon.com is not good at all"
62089,amazon_tea,overseas,Amazon US,Tea,B000CQG8K8,4,,Taste before you buy,"A friend of mine raved about this tea and I love Bigelow Earl Grey Tea, so I decided to try it. Now I have six boxes of a tea I don't like as much as Bigelow. It is too candy-like for my taste; I like a bit more tea flavor. So I would definitely recommend trying it before you buy 6 boxes."
538284,amazon_tea,overseas,Amazon US,Tea,B0061IUIDY,3,,Smells Delicious,The Higgins & Burke Earl Grey Black Tea smelled delicious as it was being brewed. But unfortunately it does not taste as good as it smells. No matter how long we steeped the tea it never got strong enough for us. It was okay but not as good as the Bigalow I usually drink.
145822,amazon_tea,overseas,Amazon US,Tea,B003D4F1QS,4,,"Fantastic tea, this item is a box of loose tea bags","I love this tea. I thought this product would be a neated packaged box of 100 tea bags. It is a bunch of bags in their foil pouches poured into a box and looking a little dented. Not pretty, but still a great product and they stil make great tea. I will order the seperate boxes next time."
458651,amazon_tea,overseas,Amazon US,Tea,B000FFIL92,3,,Stale,"Very nice looking product but the tea is very old I believe, has very little flavor."
182015,amazon_tea,overseas,Amazon US,Tea,B0009F3POY,2,,Really increases supply but makes my baby cry,"When I returned to work my supply really went down. I was afraid I would not be able to continue breastfeeding. Just one cup of tea a day has increased my supply so much that I have to wear nursing pads again! However, my baby does not like this tea. Whenever I nurse her after drinking this tea she screams like she is in severe pain. I don't want her to hurt, so I have discontinued use of this tea."
145762,amazon_tea,overseas,Amazon US,Tea,B003D4F1QS,1,,"Disappointed, no cinnamon and no vanilla","I ordered this excited about the unusual combination. I have been looking for a good natural cinnamon tea since Good Earth Sweet and Spicy went to artificial flavors. And I love vanilla anyway. I brewed the first teacup and after almost 10 minutes the tea tasted like flavored hot water. Mind you it was not a cinnamon or vanilla flavor. More like a watery Chamomile and a vague Sarsaparilla. I put another tea bag in to strengthen it but it just tasted like some sort of cleaner at that point with no cinnamon or vanilla to be found. I gave the other 99 tea bags away. I just found Good Earth Sweet and Spicy caffeine free Organic tea with no artificial anything, so hopefully it will do the trick when it arrives!"
70025,amazon_tea,overseas,Amazon US,Tea,B007I7Z3Z0,4,,Tastes good but a bit too sweet for me.,"This tea had a refreshing, fruity flavor that was really delicious. Unlike most other Texans, however, I prefer my tea unsweetened most of the time. So, the Lipton was a little too sweet for my taste. Even knowing that it was honey flavored, I didn't expect it to be as sweet as it is. As a comparison, I like the Lipton Citrus Green Tea in bottles, but it is right on the edge. This was maybe twice as sweet. However, the mango flavor was excellent. Over ice, this tea was great."
458609,amazon_tea,overseas,Amazon US,Tea,B000FFIL92,4,,Glass teapot,Very nice packaging. The glass teapot is tea for one with flowers provided. Made a nice gift at Christmas.
145543,amazon_tea,overseas,Amazon US,Tea,B003D4F1QS,1,,no orange taste and not spicy,"I was very disappointed by this tea as it has no orange flavour and also is not spicy at all. It tastes like a rather boring, cheap black tea. Only the tea bacgs themselves seem to be dirty with an orange colour, so probably there are some colorants in this tea. As the box is so big it is a pain to finish them... I would recommend not to buy it. A good orange spicy tea is the one from Harney & Sons."
61957,amazon_tea,overseas,Amazon US,Tea,B000CQG8K8,5,,Addictive,"I have never cared for flavored teas. I'm not sure what made me try this, but I am so glad I did! It is positively addicting! The aroma is wonderful and it tastes even better than it smells. I have signed up with Amazon's auto-shipment to insure that I will never run out. Simply delicious!"
538445,amazon_tea,overseas,Amazon US,Tea,B0061IUIDY,4,,Not the Best I've Tried,"This is the first time I've tried Higgins & Burke Teas. I really enjoy Bigelow English Breakfast Tea so I thought I might like this as well. It is NOT the same, or really even similar, but it is a good tea, in my opinion. I confess, I drink coffee almost daily and tea, only occasionally. It's not too strong for me, as I don't care for really strong drinks, but is flavorful. I use a bit of sugar in my tea, and sometimes cream if it's stronger and depending on the variety. This tasted good with just the sugar. I enjoyed this the few times I've tried it and still have quite a few bags left. I will update if I have anything to add. I do like the individual packs that this comes in as it is kept fresher longer. If Bigelow EBT and this were side by side, I'd pick the Bigelow, but of course that's personal preference. It's a good tea and an worthwhile and interesting change from the usual."
70151,amazon_tea,overseas,Amazon US,Tea,B007I7Z3Z0,5,,Nice flavor,"I have purchased every one of the tea flavors they make. This is my personal favorite. The aroma is pleasing, the taste is refreshing and the overall experience is wonderful. The honey is what makes it my first choice. I don't need to add Splenda or other additives. It is all natural which I consume frequently."
61998,amazon_tea,overseas,Amazon US,Tea,B000CQG8K8,4,,Flavorful Peach Tea,"We have enjoyed this tea and the price was very reasonable. However, we expected a more robust taste. We felt we needed to add two bags to make it to our taste. Overall, we would recommned it, but we would like to see more tea put in the bag."
62061,amazon_tea,overseas,Amazon US,Tea,B000CQG8K8,4,,reasonably good tea,peach flavor could be stronger. I use it in iced tea and it makes a good fresh quality of tea.
145797,amazon_tea,overseas,Amazon US,Tea,B003D4F1QS,2,,OVERALL DISAPPOINTMENT WITH STASH PREMIUM TEA,"Stash Premium Coconut Mango Wuyi Oolong Tea is right up there with the flavored teas that don't have flavor. I'm extremely disappointed as I purchased 100-count box. Even doubling and tripling up on tea bags, there's little to no flavor. I've spent over $53.00 on 4 different flavors of STASH and it's like throwing my money away."
123159,amazon_tea,overseas,Amazon US,Tea,B000CQBZOW,5,,Herbal tea drinker,"Good, full bodied, cup of tea that does not get bitter, not as fruity as one might expect. Goes well with most desserts and is good at night if one wants something stronger than a mint or chamomille tea"
441832,amazon_tea,overseas,Amazon US,Tea,B004E4HUMY,3,,An Alternative to Carbonated Beverages,"Add a few drops of Mio's Sweet Tea water enhancer to a glass of water and it transforms ordinary water into something like the flavored waters you can purchase at the grocery store. The Sweet Tea liquid did give the water a tea-like taste, but don't expect it to taste just like sweet tea. It's more like essence of sweet tea. I found that I needed to add a bit more than suggested to give it enough flavor to my liking. As I'm not a diet-beverage fan, I didn't care for the slight diet-taste that the beverage had. Diet drink fans looking for something different should give this a try. It's a nice alternative to carbonated beverages."
145533,amazon_tea,overseas,Amazon US,Tea,B003D4F1QS,3,,Has STASH tea become weaker in flavor?,"It how takes three to four tea bags and steeping for at least half hour for me to get a large mug of licorice spice tea. This was always my favorite tea, however I have noticed a decline in the strength over the last year or two. However, the price is right."
33942,amazon_tea,overseas,Amazon US,Tea,B00412W76S,4,,licorice tea,Alvita changed their lea licorice tea not the same - but my daughter likes it. She normally uses tea in her tea but she said she does not use tea in licorice tea - it is sweet enough.
181829,amazon_tea,overseas,Amazon US,Tea,B0009F3POY,4,,Helped the colleague I bought it for...,"This is not from personal experience but from a colleague who has a 6 month old. She was having trouble with milk production and freaking out because she didnt produce enough for her baby. I had bought this tea for her as part of her baby shower gift and she says this has helped her immensely. She drinks about 3-5 cups and she says she can see visible increase in production. As far as I know, she tried bringing pictures of the little one to work, frequent pumping etc but this tea seems to have made the difference. Try it, at least for a week and if it doesnt make a difference, it doesn't, but you at least tried."
62132,amazon_tea,overseas,Amazon US,Tea,B000CQG8K8,4,,An enjoyable way to start the day,"I drank the regular strength Stash Chai for more than a year, and I liked it very much, although I always found myself wishing for a spicier version. When I learned that Stash also makes a Double Spice Chai I picked up a box of it at a local coffee/tea shop and decided it was actually closer to my preferences. When I had a chance to order a case of the Double Spice Chai on Amazon I made my purchase and have been happily drinking it at breakfast for the last couple of months. I make a large double-sized mug-full using two tea bags and I drink it fairly sweet and with a considerable amount of milk or Half and Half, since that is closer to the traditional way to prepare chai as I understand it. I do like it a lot, but I have to agree with the reviewer who commented that the double spice tends to overpower the strength of the black tea component and that Stash would do well to use a heartier variety of black tea in their formulation of this product. Nevertheless, I am still generally content with my Double Chai and am continuing to enjoy my morning brew of it."
521348,amazon_tea,overseas,Amazon US,Tea,B007JFXWRC,5,,Hits the Herb-Tea Spot,"I like it, I really, really do - and the little pyramid-shaped tea-bag seems to really let the various flavors come through, clean and clear. There is no vaugely papery after-taste. It is good and flavorful enough to even drink straight, hot or cold although I pefer hot, with a dash of honey. Lipton might not be my choice for breakfast teas - since I really prefer Wagh Bakri Tea (Special International Blend) - 1lb for my breakfast cuppa, but as herb teas go, this is one of the best."
33969,amazon_tea,overseas,Amazon US,Tea,B00412W76S,5,,Wonderful Tea.,"The tea helped me tremendously with getting a more restful sleep. I do however, think you should take it when you know you have more time to sleep in."
62032,amazon_tea,overseas,Amazon US,Tea,B000CQG8K8,4,,Not bad,This tea is best hot.. It's ok cold but I usually drink it plain and imagine it would probably taste better with stevia leaf or xylitol sweetner..
181916,amazon_tea,overseas,Amazon US,Tea,B0009F3POY,2,,it works but....,"Guys ... i bought this tea 2 weeks ago .. and it works a little But it made my baby diarhea, gassy , spit up , and stomach upset and It made my bleeding worse so i stop drinking this tea . I only drink this for 3 days then i decided to stop . The taste is so nasty . I bought the value pack of this so yeah ive waisted my money ! So my NP recommend the Fenugreek and my milk starts to increase but not right away it takes me 1 week . Even Thoug i stop taking this fenugreek my milk still increase. ! So it realy works ... cause there is no side effects To my baby and we are both happy !"
521400,amazon_tea,overseas,Amazon US,Tea,B007JFXWRC,3,,improvement over bagged tea but could be better,"We enjoy drinking tea at home and recently had tried Forte tea while on vacation. The Forte tea tastes like very high quality leaves which come in a pyramid style similar to these from Lipton. However, I noticed as soon as taking these tea pyramids out of the box, the string was a little tough to completely detach. Often when pulling the string away, it left a small hole in the pyramid. If you are not a fan of getting little tea ""dust"" in the bottom of your cup this is a little annoying. But more importantly, the flavor. The tea seems sweet all on its own, making me suspicious of what ""natural flavors"" is really about. I enjoy the overall fruity flavor on first sip but notice soon after there is something a little ""off"", not quite an aftertaste but just enough to have doubts about the ingredients. The concept of the pyramid to help enhance the steeping is excellent, but will likely look for higher quality loose teas in pyramid style bags to try out."
43802,amazon_tea,overseas,Amazon US,Tea,B001EQ5JLE,5,,This tea will spoil you.,"After drinking this tea in England, I immediately had to find it at home and fortunately found it here on Amazon. It is (to an American pallete) surprisingly strong, and I find it bitey without milk in it (I have tried it as iced tea - it still stung without even letting it brew for more than a few seconds). Regardless I still will five star it as it has entrenched itself in its selfmade niche in my cupboards. I won't drink hot tea of any other kind any more, wont drink tea without milk, and now no longer drink coffee save on a very rare occasion. It literally turned me around from the first cup. To the English - mix single cream with blue-cap milk 50/50 to add to this, and then you too will be doubly spoiled by it. :)"
222453,amazon_tea,overseas,Amazon US,Tea,B004E4CCSQ,5,,good-bye snapple,"I love the peach tea flavor. At the grocery store, one Snapple is nearly the same price as one Mio. I actually end up getting more out of the Mio than a case of Snapple simply because I can control how much I want to drink in one serving whereas sometimes I end up throwing half a Snapple away. I haven't noticed any chemical taste or smell like some of the other reviews. It's also great how this Mio has no calories or sugar so I love it when I need a water replacement. However, I wouldn't buy this product on Amazon it's far less expensive in the store."
33935,amazon_tea,overseas,Amazon US,Tea,B00412W76S,5,,Rose Hip Tea,"Prompt Service and I'm grateful to be able to order my rose hip tea on-line, from a reliable source, instead of running around from store to store looking for it."
33921,amazon_tea,overseas,Amazon US,Tea,B00412W76S,5,,Best pure St John Tea,"Best one if you are looking for pure St John Wort Tea, all the other St John tea have other items in them hence you effects like high blood pressure get this instead it is better then a regular anti depressant and works right away"
230029,amazon_tea,overseas,Amazon US,Tea,B000WB1YSE,1,,DO NOT BUY FROM THIS COMPANY: OLD TEA,"I received my green tea today and cannot believe that the expiration or ""best used by"" is in 30 days. This is unbelievable!! How can one use 100 tea bags in 30 days?"
37181,amazon_tea,overseas,Amazon US,Tea,B003CK2BQG,5,,Divine!,So flavorful and smells like heaven. Great price compared to stores. Arrived fast.
145745,amazon_tea,overseas,Amazon US,Tea,B003D4F1QS,3,,"Decent, not great","This is a great price for individually wrapped peppermint tea, but the flavor is nowhere near as sharp and fresh as Celestial Seasonings or Yogi tea. We'll probably go with those brands in the future."
62048,amazon_tea,overseas,Amazon US,Tea,B000CQG8K8,5,,DE-lish!,"I don't even remember where or when I bought this tea or if someone gave it to me, but I finally tried it and was totally blown away. Did you know that bergamot is a type of sour orange? When you smell the tea knowing that the scent is citrus, you can distinguish it but I didn't figure it out on my own. Anyway, oil of bergamot is what makes Earl Grey tea something different from just plain tea. The DOUBLE bergamot is what makes this particular Earl Grey tea a new taste experience (at least for me). Here's a link to the Wikipedia entry for Earl Grey tea: [...]"
145497,amazon_tea,overseas,Amazon US,Tea,B003D4F1QS,5,,Raspberry Herbal,"My husband and I use the tea as a cold and hot drink, When lightly sweeten and used as a cold drink for family and friends, it is love at first taste. Our 14 year old granddaughter loves the tea cold and drinks it with many of her meals and snacks."
43747,amazon_tea,overseas,Amazon US,Tea,B001EQ5JLE,5,,"Excellent tea, excellent price","I've been a PG Tips drinker for years and have recently converted my wife to the joys of hot tea. The tea is a rich, full flavored blend that I enjoy with and without milk. I drink several large cups of tea throughout the day and this is the best value I've found. I bought this on the recurring delivery plan and may have to change the interval as I'm barely 30 days in and more than half way through the first box."
441966,amazon_tea,overseas,Amazon US,Tea,B004E4HUMY,4,,"Handy, Small, Easy to Use","This is a great idea. A liquid water enhancer that comes in a small container. It would fit well in a purse or handbag. It squirts out easily and mixes with water. I put some in a glass of water from the refrigerator and it tastes pretty good. It did not require any sugar - it tastes like typical sweet tea. If you want to have this handy for mixing with water, it's really convenient. It tastes pretty good, and could be used anytime you don't have a lot of space to carry something (like hiking) but want something more in your water."
70096,amazon_tea,overseas,Amazon US,Tea,B007I7Z3Z0,1,,SULFITES!,IF you have to avoid them avoid this tea - it also has artificial sweetener in addition to honey. It tastes like the flavored waters and that is before the ice starts to melt:)
538441,amazon_tea,overseas,Amazon US,Tea,B0061IUIDY,4,,Full-bodied and flavorful,"Higgins & Burke is a name in tea that had escaped me until now, but I'm glad I found it. There are teas out there that I won't return to, but this tea has what's required: body, aroma, and flavor. I waited for the first reasonably cool morning to really appreciate it, and I'm just finishing my first cup. It won't be the only one today, now that I've had it. This is a take-it-out-on-the-front-step-and-watch-the-world-go-by sort of tea. A day-off, good-music-on-the-radio tea. I guess you could say I like it."
43889,amazon_tea,overseas,Amazon US,Tea,B001EQ5JLE,5,,Very Good,"If you like strong black tea that goes well with milk and sugar, then this is it."
458754,amazon_tea,overseas,Amazon US,Tea,B000FFIL92,3,,Label ruined the box.,"I thought this would be a great mother's day present. I was wrong. My mother loves wooden boxes, well this one turned out too ugly to present to her. When the label was removed there was damage to the box, real damage. Looks like water damage to wood. I am disappointed with this purchase and I am keeping it for myself because I am too ashamed to give it to my mom."
181870,amazon_tea,overseas,Amazon US,Tea,B0009F3POY,5,,Tastes great and works!,I drink this with some agave syrup. It tastes great and it definitely helped increase my milk supply!
62154,amazon_tea,overseas,Amazon US,Tea,B000CQG8K8,1,,Unpleasant,"This tea is unpleasantly heavy on the cloves, which is an ingredient that should ALWAYS be used sparingly for just a hint of flavor. It completely burned out my palate."
441780,amazon_tea,overseas,Amazon US,Tea,B004E4HUMY,2,,Chemical aftertaste.,"Let me start off by saying that I normally don't use artificial sweeteners, except for the occasional packet of stevia added to a fruit smoothie. If I have iced tea, I drink it unsweetened. I just couldn't handle the chemical aftertaste of MIO Sweet Tea. My husband and kids drink a lot of sweet tea that we brew at home, so I wanted them to give this sugar free version a try. They didn't care for it either. My youngest son, however, does like the Berry Pomegranate flavor. Maybe someone who is already accustomed to using artificial sweeteners would like this."
70092,amazon_tea,overseas,Amazon US,Tea,B007I7Z3Z0,1,,"""Partially"" sweetened with honey","Check the ingredients. Should say ""PARTIALLY"" sweetened with honey. Also includes several other kinds of sugars. I had a free sample but I won't purchase this item myself."
230004,amazon_tea,overseas,Amazon US,Tea,B000WB1YSE,5,,Great if you want tea bags,"I bought these back in 08, and I still have a ¼ package left in year 11. These will last you a while. (I don't drink tea everyday though). Each bag can be re-used a few times ~2-3 times each depending on the size of your cup. I usualy make tea from a cast iron tea pot, but sometimes i'm in a rush. This tea is excelent tasting (oishi desu) for baged tea. Your tea won't be a green as the photo, but it will be like a yellow green. If your in the market for bagged green tea, you my friend just found the right page."
70093,amazon_tea,overseas,Amazon US,Tea,B007I7Z3Z0,5,,Very good,"Lipton Go Stix are a new, convenient, portable way to make small amounts of iced tea. Flavor, of course, is a subjective matter, but I think the Honey and Strawberry Acai version is delicious. A box of these is a handy thing to have in an office desk drawer, or any location where you'd like to make only a glass or two. Green tea and acai are currently considered excellent for promoting good health. This product is fairly expensive if you want to make tea by the quart or half gallon, however."
145460,amazon_tea,overseas,Amazon US,Tea,B003D4F1QS,1,,Horrible,I normally love Stash Tea but this flavor is bad. It has a very weird chemical type taste. At first I thought it might just be me so I made my wife a cup and she yelled out to me from the other room that this is the worst tea that I have made for her. Too bad I bought the 100 count! I guess I will have to look for another flavor.
135973,amazon_tea,overseas,Amazon US,Tea,B005SPQENY,4,,A delicious drink that has the benefit of Aloe Vera.,"Chantea Aloe Vera Green Tea is a very delicious and great tasting drink. Aloe Vera did you say? Yes, not only is Aloe Vera good for your skin but it's also good for your insides. If there ever was a wonder plant with so many uses, it has to be aloe vera. I have tasted a lot of aloe vera drinks over the years and I have to say that this is one of the best. The mixture of passion fruit , aloe vera and green tea make this one a highly recommended beverage. So, if you are looking for a healthy drink that is not only good for you but great tasting then you will want to try Chantea Aloe Vera Green Tea (flavored with Passion Fruit) today!"
538347,amazon_tea,overseas,Amazon US,Tea,B0061IUIDY,3,,Too Strong,"Earl Grey is perhaps my favorite flavor of tea. But I wasn't impressed by the flavor of Higgins & Burke Earl Grey. The first cup was far too strong. Admittedly the second and third cups made from the same bag are much better, still the flavor is unremarkable. The first cup left a lot of sediment at the bottom of my cup. If you like Earl Grey, give ""Numi"" a try instead."
62023,amazon_tea,overseas,Amazon US,Tea,B000CQG8K8,2,,Not a fan,"Not familiar with what ""chai"" tea is supposed to taste like but this tea tasted like stewed cloves to me Yuck.Got this flavor in a sampler box and, so far, it's the only Stash tea I've tried and disliked strongly. Some are better than others, of course, but I find this particular flavor really, really unpleasant, which is odd given my love for most of the spices listed on label. The problem is that the clove just overwhelms everything and that's about all I could taste, outside a touch of cinnamon. IMO, clove has much too strong a taste to be used beyond sparingly...in anything. Perhaps adding milk and sugar might've made it more palatable - might even be the way it's 'supposed' to be prepared, but one of the reasons I drink tea is to stay away from having to add sweeteners or milk to make it taste good. In any case, I can't imagine using enough milk/sweetener to subdue the overwhelming clove taste would leave any room in the mug for tea or water."
145651,amazon_tea,overseas,Amazon US,Tea,B003D4F1QS,3,,Stick with Tazo,This is not really so good. IF you are limited in funds then it is an ok chai. I prefer Tazo and have made cuts in other places to afford the Tazo chai. Stash chai is just not a very balanced flavor. It is to heavy on the cloves which dominates the other flavors
181894,amazon_tea,overseas,Amazon US,Tea,B0009F3POY,4,,tasty,This tea tastes delicious & fresh. I think it helps maintain the milk production that you are already producing.
521351,amazon_tea,overseas,Amazon US,Tea,B007JFXWRC,3,,"5 Star Tea, 1 Star Packaging","I have been a longtime Celestial Seasonings drinker for years, but they do not have a blackberry flavor among their ""Zingers"". That is why I decided to try this Blackberry Vanilla Herbal Tea from Lipton. I use a large cup; therefore, I used two tea bags like I do for all of my other hot teas. After brewing my first cup, I was very pleased with the flavor. It started out with a strong blackberry flavor, but the hint of vanilla gives it a very mellow finish. The ""Zinger"" teas by comparison can have a somewhat harsh finish. If it were only about first impressions of taste, this would be a hands down five star product. However, I have a couple of complaints about the packaging. The tea bags are loose in the box with no container. Once you open the shrink wrap, the flavor will decay fairly quickly as the box does not close tightly. In addition, the is a small piece of tape or adhesive strip on the string attaching it to the tea bag and taking up the excess string. I understand that this is to keep the loose bags from becoming a tangled mess. However, wrapping each tea bag individually would solve all of the problems noted. If Lipton would do this, they would have a true five star product. Until then, they lose two stars. I would only recommend this if you intend to use the entire box quickly. Otherwise the flavor from your first cup will only be a faint memory on the last cup from the box."
521419,amazon_tea,overseas,Amazon US,Tea,B007JFXWRC,3,,Brews well & tastes good...but they should rename the flavor,"I am a frequent tea drinker (I have several varieties in my cupboard, mostly herbal, bag style)...but never tried these ""Pyramid"" products...until now. On the plus side: + they brew well: they even start to infuse when placed in cold water + they produce a fairly strong 12-oz mug of tea + I find the flavor of this one quite enjoyable: mostly hibiscus (rose hip) with other herbal overtones (similar to red-zinger-like teas)...which leads to the negatives: - there is NO vanilla in this mixture (at least, according to the ingredients) and, I really can't taste any; the rose hip, however, stands out, as described above. While there IS blackberry in the ingredients list, I can't say that I can single it out when tasting. - the ""Pyramid"" bags (technically, they are tetrahedron-shaped, not pyramid) are, I believe, made of PET (polyethylene terephthalate)*, which causes me concern for both health and biodegradeable/environmental reasons. Overall, I'd recommend trying this product if you like rose hip tea; if vanilla is important, then pass. I would like to see Lipton consider changing the bag material to paper, though (and keep the tetrahedron design). *based on some basic web searching; several blogs and forums say it's PET, although I couldn't find any specifics on Lipton's website. Thanks for reading!"
230017,amazon_tea,overseas,Amazon US,Tea,B000WB1YSE,5,,Delicious and noticeable health benefits!,"This is the best green tea I have consumed so far. I used to always have horrible breath and ever since I started drinking this particular brand of green tea , my bad breath has subsided immensely!! I cannot believe it myself, however I'm also not eating as much as I used to in the past. I also cut out a lot of processed foods, but in the past even if I did this, I would still have horrible breath. This is also helping me lose weight, which I was doing before consuming the tea, but this is helping a lot. I am an anxious, moody, and most of the time stressful person and when I'm feeling at a point where my head is about to explode, I just make sure to make a cup and the stress literally melts away. It helps me sleep, which I have trouble doing so (I also take melatonin). Melatonin by itself rarely puts me to sleep now a days, so this helps soo much. I'm truly grateful and happy to have found this tea and added it to my daily diet. It has helped me soo much to relax, sleep, fight bad breath and God knows what else that I haven't yet noticed! :) Highly recommend :)."
37278,amazon_tea,overseas,Amazon US,Tea,B003CK2BQG,5,,Stash Green Chai Tea is great,The tea tastes great and the price is right. It has a delightful smell when the envelope is opened and when the tea is brewed. Green tea has health benefits but the green chai is much more fun to drink than most green teas.
70349,amazon_tea,overseas,Amazon US,Tea,B007I7Z3Z0,2,,"fake sugar, fake flavors","Do you like the taste of artificial sweetener and generic fruitiness? If yes, try this product. If no, stay well away. Despite the claims of tea, honey, strawberry, and acai on the front of the box, it's the ingredients list that gives away the true flavors. Malic acid, maltodextrin, and sucralose are pretty much the only things my tongue registered. I think you'd have to be a professional food taster with an incredibly refined set of taste buds to recognize any hint of green tea or honey. What i really can't grasp is why they bothered putting any real sugar in this in the first place. Why not make it 0 calorie and skip the sugar entirely, instead of putting the 10 calories (per packet, which is two servings, hence 'only 5 calories per serving!') in with no effect whatsoever on the taste of the product. And worse yet, if they're going to grossly oversweeten it, why not use a zero-calorie sweetener like stevia that doesn't taste like a chemical factory exploded on your tongue? People who consume enough fake sugar that they've lost the negative reaction to the chemical aftertaste of those products will probably find this product pleasantly sweet and fruity. Everyone else, well, just don't buy this."
70363,amazon_tea,overseas,Amazon US,Tea,B007I7Z3Z0,4,,fruity blend,I liked it a lot. Not too sweet and very fruity. I liked being able to have it available for a refreshing drink where ever i might be. I would recommend it.
521365,amazon_tea,overseas,Amazon US,Tea,B007JFXWRC,4,,Surprisingly Hearty,"Opening the box, I got a good first impression: these tea bags have a pleasant aroma and are designed with a pyramid design to maximize their steeping power. But what really surprised me is how full-bodied and hearty this is for an herbal tea: a rich berry flavor tempered with notes of vanilla. This is not some flowery, pantywaist tea - it's genuinely satisfying. I'm more of a cold-weather hot tea drinker, and I can't wait to cozy up with a cup of this on a frosty winter day."
145664,amazon_tea,overseas,Amazon US,Tea,B003D4F1QS,3,,Coconut is more pronounced than mango.,"One of the biggest challenge to mix more than one fruit flavor in tea is to be able to balance the taste and aroma of the two fruits, so the tea doesn't taste and smell like one or the other. I love real mango and coconut, so when I saw this tea displayed in the grocery store, I couldn't wait to try it. I must say I was a little disappointed because after brewing a cup, I immediately noticed only the aroma of the coconut, and the taste of the tea proved it that way as well. Though there are other brands that utilize Mango and do a better job in their flavored tea, I am still happy that I got to know this Stash tea as there aren't that many brands that use the coconut flavor in their tea."
33930,amazon_tea,overseas,Amazon US,Tea,B00412W76S,1,,Not even close...,"This was a waste of money, the item was late, package was torn up,and the tea was terrible, not a good product in my opinion and bad handling."
70283,amazon_tea,overseas,Amazon US,Tea,B007I7Z3Z0,5,,Wonderfully refreshing,"I am not a fan of overly sweet drinks, but I'm always on the lookout for an interesting new drink. I loved this Lipton Blackberry Pomegranate Tea Mix. It is a refreshing, crisp taste that I will go back to again and again. I offered this treat to several family members and friends, who all were very enthusiatic about this product. I will be buying this in the market!"
181919,amazon_tea,overseas,Amazon US,Tea,B0009F3POY,1,,Side effect!,"Mother's milk tastes not bad. I am not sure whether it increased my milk since my production did not reduce after I stopped using it. However, be careful of the side effects! My baby showed diarrea, colic sympton, and stomach upset during my use of herb. All symptons went away after I got rid of Mother's milk. If you read PARENTING magazine of October 2011 issue(page 32), you'll know that ANISE, which is one of the main indegrients of Mother's Milk, might cause dangerous neurological problems of children. So, again, be careful of the side effects!"
123118,amazon_tea,overseas,Amazon US,Tea,B000CQBZOW,5,,The Best Tea!,"I love Red Tea by Stash. It is very difficult to find in my local supermarkets. I asked if one would special order, and they hemmed and hawed. So a friend suggested I check Amazon.com for the tea. And in just a short time I had a huge stock of Red Tea. It is great that this was so convenient and easy to shop."
222387,amazon_tea,overseas,Amazon US,Tea,B004E4CCSQ,2,,"For the price, I'd rather just drink water",I tried the MIO liquid peach tea in hopes of substituting it for an instant mix that I had been using. Unfortunately it does not even come close to peach tea. I was disappointed. When used as recommended (one squeeze per eight ounces of water) it has an extremely weak taste that does not resemble either peach or tea. It's difficult for me to understand why it is called an enhancer. I'll just stick with bottled water.
70017,amazon_tea,overseas,Amazon US,Tea,B007I7Z3Z0,3,,Artificial aftertaste weakens nice drink,"I was unsure how ""Lipton To Go Stix Iced Green Tea Mix"" would taste, I was interested but also a little leery. I decided to wait until I was in need of `refreshment' and not just a `drink.' Over the weekend I was working in the garden, came in and decided this was the time it was designed for. I poured a glass of water, added the powder and stirred. And stirred, and stirred again. The powder clumped a bit and took some work to break up. I took a small sip and mainly tasted the artificial sweetener. Not so good. I took the plunge and took a big swallow. That was rather better. It tasted of tea and the hint of honey and fruit. Not bad, I down the rest of the glass in two goes and was pleasantly surprised. Not bad. Then trouble creeped in as the main flavor ended and the taste of the artificial sweetener filled my mouth in the aftertaste. I do not make a habit of drinks with artificial sweetener and this aftertaste was the reason why. BLEAH.Since my wife is no stranger to diet soda's I asked her to give it a try. She had the exact same problems I did with the powder clumping badly and an even strong reaction to the aftertaste. In the end when you're downing it this is a nice, refreshing drink, BUT if you are not in the habit of `diet' drinks the aftertaste will be an unpleasant and unwelcome surprise."
538310,amazon_tea,overseas,Amazon US,Tea,B0061IUIDY,4,,"Not as ""robust"" as some, but overall not bad","Though the box shows ""1912"", I've not heard of this brand before. I'm certainly not a ""tea connoisseur"". . . but. . . but I know what I like.. . and I've always had a fondness for Earl Grey. . . and I like this Earl Grey. First, the packaging. Each sachet is of course individually-wrapped. But instead of being just a plain paper wrapping, the wrapper is lined with plastic to help hold-in the flavor even longer. I noticed that there was no staples used, which led me to believe that the product was kosher, and upon checking the box, it is indeed kosher. I certainly don't find this to be a ""robust"" Earl Grey, so if that's what you're looking for, then you might want to try another brand, such as Kusmi, which is one of my favorite teas, but considerably more expensive than Higgins & Burke. FYI, Kusmi offers a few different ""styles"" of Earl Gray. One of which is not even called Earl Grey but ""Anastasia"". If you have tried other brands of Earl Gray and felt they were somewhat ""overpowering"", then you might want to try Higgins & Burke. Especially for the reasonable price, it's not bad at all. Kusmi Earl Grey (20 Tea Bags) Kusmi Anastasia Tea Bags"
458642,amazon_tea,overseas,Amazon US,Tea,B000FFIL92,4,,tea time,"I was impressed with the quality of this product. It was nicely packaged, and the bamboo box is very pretty. Don't know how the tea works though cause I bought this as a gift for someone."
222279,amazon_tea,overseas,Amazon US,Tea,B004E4CCSQ,3,,"Taste is very subjective, but for me, this makes water taste worse than it does out of the tap.","I try to drink a lot of water every day but sometimes it gets a little boring. I thought this product might be a convenient and fun way to add some variety to my water. It does add variety and flavor, but I'm not sure if the flavor is anything I ever want to taste again. To me, it makes water taste worse than it naturally does. The only way to make this product the slightest bit enjoyable, for me, is to heavily dilute it. When you use half or less than the recommended quantity, it kind of accomplishes the intent of giving water a unique flavor, similar to the effect of adding a few jobs of fruit juice. If taste wasn't such a subjective thing, I would probably only give this product 1 star. Even though I don't like the way that it tastes, you might."
441837,amazon_tea,overseas,Amazon US,Tea,B004E4HUMY,5,,Better than expected!!,"I am so glad that I decided to try the MIO liquid. This stuff tastes great and very handy for travel. I have been hesitant to try the MIO because it is a little more expensive than other types of water enhancers but this is definetly worth it. I love that I can control how strong I want my ""tea"" to taste and I get a lot of use out of one bottle. This product is very quick and easy to use especially if you are on the go. It's great how MIO is liquid so I don't have to worry about powder residue in my drink. I always hate the gritty residue that the powder leaves in my drink and in my mouth after the fact. The bottle is small but remember it has enough water enhancer in it to make 24 servings. I am very happy with this product and I will be trying other flavors of MIO as well. **This product does have added dye in the ingredients so please be aware of that if you are allergic to dyes.**"
458680,amazon_tea,overseas,Amazon US,Tea,B000FFIL92,3,,Not for elderly asians,This is a cool gift for friends/ or artsy people. But don't get it for the elderly asian folks. It really doesn't taste all that great. And they aren't into the beauty of looking at the flowers unfolding. They want a geat cup of tea.
145488,amazon_tea,overseas,Amazon US,Tea,B003D4F1QS,5,,Favorite bagged tea,"This is my favorite bagged tea, with a little half and half and a couple sugars this tea makes a strong, authentic Indian spiced chai. I use this as an alternative when I can't have my own homemade chai mix."
441852,amazon_tea,overseas,Amazon US,Tea,B004E4HUMY,4,,Hydration Needs Met,"I get dehydrated easily and struggle to get water in my system every now and then. I decided to try MIO out, hoping it would get me to drink as much water as i could. Well, it does work for me so far. All i need in my water is just a hint of flavor. Nothing too overpowering. A tiny squirt gets the job done. A little taste goes a long way for me. Would have been better without the added coloring though. Will be getting another MIO in mango peach when this current supply runs out. No nasty aftertaste for me. The only bummer that i encountered with this shipment was the bottles of MIO were leaking despite them being sealed in their individual plastic wrapper. I had to wash them off before stashing them away in my locker. No way will i want to carry them around in my pocket or bag. In the condition that i found them in when i opened the package, i don't want them anywhere close to my bag or clothes since they leaked so easily during shipment."
441849,amazon_tea,overseas,Amazon US,Tea,B004E4HUMY,5,,MIO vs the lemon slice,"Tap water is a funny thing and it's not a generic taste that we might otherwise expect. Cross into a neighboring city and you can imagine a dead carp sucked hard against the grate on the city's water intake and flavoring every glass of water. Eat in a restaurant down the road and you might imagine the water originating from someone's swimming pool. In another place, the water well might be too deep and has struck some brimstone ring of Dante's inferno. Water is not a generic taste. Airport water by the bottle is perhaps a higher profit per margin/gram then cocaine. I buy one bottle of airport water just past TSA (if I forget taking and empty from home) and refill the bottle from drinking fountains for the entire round trip. In a blind taste test, I believe I can identify the airport by the taste of the water. Some have taken to adding a slice of lemon in the tap water to `normalize' the taste. This MIO concentrate is far more effective. A drop or two will titrate the water into a common, generic and appealing taste experience. It works. It's an expensive water treatment but not nearly as expensive in the long run as paying the enormous sums for the truly generic taste of refined, distilled Dasani and the like temptation. MIO is a far better value for your travel $ then the airport water vendor looters."
61953,amazon_tea,overseas,Amazon US,Tea,B000CQG8K8,2,,Stash tea can vary batch to batch,"I have, in the past, positively reviewed other Stash flavors, Ginger Lemon and Holiday Chai. Had a problem with the Double Bergamot tea once, but then a second shipment was excellent. But this Double Chai Spice has a strange chemical flavor. Tried mixing it with regular black tea because the chai seems to be lacking a tea flavor. I have tried other brands of chai and have made my own. There's something off about this - it's got a strongly astringent, bitter flavor. I wonder if it's because the spices are ground to a powder? The best chai is made with whole spices."
37296,amazon_tea,overseas,Amazon US,Tea,B003CK2BQG,1,,Not that great,"I love the Stash brand tea. I love the flavors of Pomegranate, Raspberry but put them together with green tea isn't a taste I like. I figured given the fact that I love the taste of Pomegranate and Raspberries I would like this one but personally I don't like it. But just because I don't like it doesn't mean someone else wouldn't like it. It is something you should judge for yourself."
70296,amazon_tea,overseas,Amazon US,Tea,B007I7Z3Z0,5,,Great Tasting Ice Tea,"I was not expecting much with all the instant flavored drink mixes out there. There are ten packets in each box. I added one too 20oz bottle of cold water. It dissolved quite well with some vigorous shaking. When I took my first sip I was shocked. This tasted very good and as advertised. The water had become a refreshing and tasty Blackberry & Pomegranate Green Iced Tea sweeten with honey. I wanted this for flavor and did not care about calories but for those who do one warning. The box list that these are 5 calories per serving, which is eight ounces. But each packet is designed too be used with 16 ounces so is 10 calories. So for two servings (which is what I drink) you are consuming a drink with 20 mg of caffeine, 2g Fat, 0g Sodium, 0g Protein, and 2g each of Sugar and Carbohydrates. As another reviewer mention the packets are very convenient too carry with you and too use anywhere you can get a glass or bottle of water. I enjoyed the taste so much I have ordered two more flavors."
222487,amazon_tea,overseas,Amazon US,Tea,B004E4CCSQ,3,,"Good, but Too Sweet for My Taste","I love the idea of Mio. The bottles look cool, and now that so many people are trying to drink more water, Mio offers a chance to drink water without, you know, having it taste like water. I love actual peaches, and Mio Peach has a lot of peach flavor and color, which is great. My only criticism is that, IMHO, Mio Peach is way too sweet. If I flavor the water lightly, it comes out as lightly peach flavored and heavily sweet, but if I go any heavier, it's super-sweet. It uses sucralose for sweetening, and various other colors and flavors, so if you're sensitive, be careful. I don't think I'll be buying more Mio Peach myself, but if you like peach and have a sweet tooth, give it a try. (But definitely don't buy a four pack until you're sure it works for your taste.)"
145805,amazon_tea,overseas,Amazon US,Tea,B003D4F1QS,1,,white stash tea,this white chai tea is infused with cinnamon and other spices. it tastes like liquid pumpkin pie! yuk!
123134,amazon_tea,overseas,Amazon US,Tea,B000CQBZOW,2,,not as good as Yogi Tea's Lemon Ginger tea,"I am used to Yogi Tea's Lemon Ginger Tea, and for a change I wanted to try Stash's. Unfortunately, I will go back to Yogi Tea's Lemon Ginger which tastes much nicer."
521389,amazon_tea,overseas,Amazon US,Tea,B007JFXWRC,5,,Excellent Herbal Tea!,This tea has a wonderful aroma to it. I love the taste of the berry with a hint of vanilla. Its not to over powering. Its just right! If you like herbal teas give this one a try!
123147,amazon_tea,overseas,Amazon US,Tea,B000CQBZOW,3,,It is not real Acai,"I am dissapointed!! When I bought this product I thought I was buying the real Acai Tea. But when I read ingredients it occured that Acai is the only one of the ingredients from a lot of others. So I blamed myself because I had to read those ingredients before I bought this Tea. I was fooled because the tea is named as ""Acai Tea"" so I thought it really was Acai. I reccomend everybody to read ingredients carefully before buying the product."
458629,amazon_tea,overseas,Amazon US,Tea,B000FFIL92,5,,A great gift!,"Thinking about what to give to someone as a gift, this is a perfect idea, of course if only the are tea drinkers , this was a thank you present to a lady i know, she is a tea drinker and she loved it! it is very cute, and a great gift, the delivery was fast and i am very satisfied with this product."
33951,amazon_tea,overseas,Amazon US,Tea,B00412W76S,3,,feel better,It seems like this product is working as I do feel better. Will probably order some more. Good service after their stock was replaced. M. Weiner
33895,amazon_tea,overseas,Amazon US,Tea,B00412W76S,2,,useless - I feel no effects whatsoever,"I'm not a tea drinker, so I'll start with that right off the bat. However, I was reading online about some non-medication ways of coping with a stuffy nose. One of them mentioned Mullein tea as a natural remedy to combat mucus, so I schlepped down to my local health food store to buy a box of 24 tea bags, for about a buck more than they are here on Amazon. Not only did drinking this tea 3-4 times a day for a couple days have ZERO effect on my stuffy nose, but this was the worst cold/cough/flu I've had in about 10 years. Obviously I can't prove that this was BECAUSE of the tea, but I am convinced that I wasted my money on this useless product, and that, at least for me, it provided absolutely no results for anything. Sorry."
441821,amazon_tea,overseas,Amazon US,Tea,B004E4HUMY,3,,Not great but not terrible (and easy to use),"I can't say that I'm crazy about this stuff - it's not the best sweet tea flavor I've ever tasted (and I'm a fan of sweet tea) - but it's also not terrible. The container is cool - very easy to store and even easier to use (pop the top and squirt it into your water). It does take a good amount of the liquid to make your drink taste like sweet tea; the first time I tried it I used what I thought was quite a bit and still had a drink that tasted like watered down tea. After getting the balance right (too much vs. too little) I've worked out how to balance the amount of MIO with the amount of water, but I'm not particularly thrilled with the sweet tea flavor. Easy to use but I like water enough that I can't see using this that often."
458673,amazon_tea,overseas,Amazon US,Tea,B000FFIL92,1,,False Advertising,This is soooo false!! The box looks great and it is but the actual tea pot is smaller than my tea CUP!! It makes barely enough tea for one person.
538334,amazon_tea,overseas,Amazon US,Tea,B0061IUIDY,5,,delicious!,"I recently tried Higgins & Burke's green tea and thought that the taste and quality of the tea was excellent so I jumped at the chance to try the Earl Gray as this is one of my personal faves. Again, I wasn't disappointed. No fancy packaging here, just 20 individual tea bags full of high quality and excellent tasting Earl Gray tea. If you are a fan of Earl Gray you would not be disappointed. I would definitely consider buying more of the Higgins & Burke teas as I have been very pleased with both teas I have tried."
34022,amazon_tea,overseas,Amazon US,Tea,B00412W76S,4,,stinky tea,"Seems to help, I sleep well and if I do wake up I'm not long getting back to sleep. I ordered two boxes and I'm about to buy two more."
538228,amazon_tea,overseas,Amazon US,Tea,B0061IUIDY,2,,Where's the spice?,"Chai? Really? I'm used to most bagged chai teas to be a bit on the weak side when it comes to spice, but this is by far the most weakly-spiced chai I've ever tasted. I even tried it in water rather than milk, and I still can barely taste any spices; however, that way I did learn that the tea is of good quality and taste. But if you want some spicy kick to your chai, let alone some depth of flavors, I'd definitely look elsewhere."
458704,amazon_tea,overseas,Amazon US,Tea,B000FFIL92,5,,An Amazing Gift Idea,"I purchased this teapot for a friend's birthday present. I figured it would be a novelty because she loves tea sets... Her reaction was stunning, though! She is absolutely nuts over this little glass teapot and beautiful flowering teas. She called me when she opened the package and saw the bamboo box. Then she called me again when she opened the box and saw the tea pot and bundles of wrapped tea leaves. She just e-mailed me because she was finally done playing with the tea bundles and made a pot - her first try was the 'Jasmine Pearl' - she said it smelled heavenly and her husband said the flavor was excellent and the whole process reminded him of an opportunity he'd had to spend time w/a tea master in Berkeley. All in all, this was a big hit with my friend, and her surprise and enjoyment speaks volumes of the quality of the product."
70311,amazon_tea,overseas,Amazon US,Tea,B007I7Z3Z0,1,,Lipton To Go Stix need to go somewhere else!,"These are convenient to carry in your purse or pocket, but I expected them to taste more like green tea and less like fruit juice. I didn't care for them at all."
34016,amazon_tea,overseas,Amazon US,Tea,B00412W76S,5,,Love spearment tea,I bought this product and love the flavor. A great and relaxing way for me to end or begin a day.
43849,amazon_tea,overseas,Amazon US,Tea,B001EQ5JLE,5,,Some of the BEST tea I've tasted,"I talked with an English person about tea, and she told me ""You can't go wrong with PG Tips!"" The reason she said that is because you cannot go wrong with this stuff. Overall, this is some of the best tea I've tasted and has real flavor. I almost forgot to mention that this stuff is actually from England and has less caffeine than other teas."
538373,amazon_tea,overseas,Amazon US,Tea,B0061IUIDY,2,,Higgins and Burke Earl Grey tea,"while Earl Grey is not my favorite tea flavor i usually like it, especially in the morning, but i didnt like this tea. There is flavor that is left in my mouth and its kind of biter. I love their green tea and was looking forward to a good, full bodied tea, and i was disappointed. It wasnt awful, id drink it if it was herd, i just wouldnt go out and buy it."
136062,amazon_tea,overseas,Amazon US,Tea,B005SPQENY,1,,Revolting Taste & Texture!,"Based on the copy, which boasts awards, I was excited to try this tea. I should have known I was in trouble when I couldn't get the plastic off the cap. I'm sure that's a safety measure, but it's not exactly ""save the earth,"" now is it. The pungent smell was the next clue. It's supposed to taste like passion fruit but it tastes like chemicals---and it probably is. The ingredient list states passion fruit ""flavor."" I only had a few sips, and I cannot get the taste out of my mouth. The final straw is the globs, and I do mean globs, of aloe vera gel that are floating around, waiting to assault your mouth. With 19 grams of sugar, you'd be better off having a cup of water and a cup of fruit yogurt instead. Blech."
136063,amazon_tea,overseas,Amazon US,Tea,B005SPQENY,1,,Ick!,"Normally I enjoy a good green tea - I am aware that the nutritional value of these drinks is questionable but taste is relative. In this case I couldn't get past two things: the smell, passion fruit is not a pleasant scent to me, particularly artificial passion fruit. Second, I only got one sip of this stuff down. The aloe vera floaties & taste completely overides whatever sweeteners & artificial flavors they injected into this drink. Indeed it is kind of a slimy, gelantinous texture (the floaties are in perpetual suspension - there is NO settling to the bottom.!) with an odd funky flavor with an unfortunate after taste. I could not finish it nor can I recommend it."
145789,amazon_tea,overseas,Amazon US,Tea,B003D4F1QS,2,,Which is more important? That it be decaf or taste like chocolate?,"I am a chocolate fanatic and pairing chocolate with tea only seems natural to me. I've sampled several chocolate flavors and this Stash tea, when compared to the others, is nothing spectacular. When unbrewed, the Stash tea bag smells like chocolate but that scent does not translate to much of a chocolate flavor once the tea is brewed. I could taste quite a bit of vanilla and some nut but the chocolate was just negligible. Additionally, there was a strange aftertaste with this tea. It just wasn't pleasant. If you are committed to a chocolate decaffeinated beverage, your choices will be limited. I have sampled quite a few chocolate teas and many use a black tea base. However, if interested in a caffeine free tee that has a good body, I would recommend Chocolate Chai Tea by Zhena's Gypsy Tea , which is a naturally caffeine free tea. Zhena's chocolate chai is supposed to taste like chocolate, but it has a lot of spices. Still, Chocolate Chai Tea by Zhena's Gypsy Tea has a much richer overall flavor than the Stash Premium Chocolate Hazelnut tea. If you don't care about caffeine and are just looking for a chocolate tea, there are several others that I would recommend before this one. They include: Tisano Organic Chocolate Tea , SerendipiTea ChocolaTea, Chocolate, Vanilla, Rooibos & Black Tea, 4-Ounce Boxes (Pack of 2) , and Bigelow White Chocolate ObsessionTea, 1.6-Ounce Boxes (Pack of 6) . The first two are loose teas and the last is a bagged tea. At the end of the day, I don't think I would recommend this Stash tea to any chocolate lover. It doesn't taste like chocolate and the overall flavor is poor."
145554,amazon_tea,overseas,Amazon US,Tea,B003D4F1QS,4,,"Lovely tea, horribly packed","This is one of my favorite winter teas! The ginger-peach flavor is absolutely wonderful, especially when I have a cold or flu. Next time, I won't order this specific packaging. I expected the tea bags to be arranged in rows in a box, but STASH appears to have dumped and squashed 100 tea bags into too small of a box. The individual packs are crumpled, folded and mangled. If you prefer more pristine tea bags, order the multi-pack box."
62075,amazon_tea,overseas,Amazon US,Tea,B000CQG8K8,2,,Too oily,"I enjoy many types of tea, the more flavorful the better. I received this in a sampler that I purchased and did not find it to be very good. It has a very oily taste to it. I will finish off the tea bags that came in the box but would not purchase this type again."
145485,amazon_tea,overseas,Amazon US,Tea,B003D4F1QS,4,,Great go-to relaxing tea,"I have been looking for tulsi in blends like this, so it's a nice change from when I have a stinger tulsi flavor. Hints of chamomile, mint and a little citrusy surprise. Very nice any time of the day"
521488,amazon_tea,overseas,Amazon US,Tea,B007JFXWRC,5,,"very nice, strong herbal tea","If you're looking for a very flavorful herbal tea, then you really should try this product. Lipton's Blackberry Vanilla has a wonderful, sweet fruity flavor that doesn't seem to need any enhancement (I usually take a little bit of sugar with my black teas, sometimes with my herbal and this one doesn't need any - but neither does it seem too 'sweet'). I've tried this hot, but if the temperatures were cooler this would definitely make a wonderful iced tea as it so robust. The vanilla flavor imparts a wonderful aroma to the tea and tempers the berry tartness. The pyramid bags helps to ensure that the tea brews well. All in all, it's a great tea."
222432,amazon_tea,overseas,Amazon US,Tea,B004E4CCSQ,4,,One way to wean yourself off soda,"If you're trying to wean yourself off of sugary drinks, this could be a good option. The fact that it's a squirt bottle means you can use as much or as little flavoring as you like, and gradually step down the amount you're adding. It's also a small package you can carry around rather than ending up buying soda or over-sweetened water drinks. On the minus side, I don't really detect any 'tea' flavor, just peach. On the plus side, I didn't detect any unpleasant aftertaste, but perhaps that's because I wasn't using a large amount--just a single squirt in a glass of water. One thing I do wish they'd do is skip the acesulfame-K and just use sucralose for the sweetener; sucralose is generally considered safe, whereas acesulfame-K is not. Probably won't be drinking it on a regular basis for that reason."
222424,amazon_tea,overseas,Amazon US,Tea,B004E4CCSQ,4,,Useful,"This egg-sized container of concentrated flavor/sweetener is much easier to use than powdered drink mix. This bottle is strong enough that it doesn't accidentally open, and the drinks mix almost instantly with very little swirling or stirring. In fact, if you just squirt it in before you finish filling your glass with water, there is no need to stir. The flavor of this peach tea iteration is my favorite. My spouse says they have an aftertaste like many diet drinks, but I can't taste one. I think I'm relatively sensitive to artificial sweeteners, and find this to be a lot more palatable than most diet drinks. However, you can still tell it's not real sugar (it's sucralose, aka Splenda, and acesulfame k). I often like very, very mild flavored water, so I need just a very short squirt. This thing will last me two weeks if I drink twice a day. The twenty dollar Amazon pack will last me two months. That's a much better deal than most competitors that will taste good. I also like this for camping because it mixes well, masks the tastes of field purified water, and importantly, leaves no residue like powdered drinks do. It's one of those neat little products I know I'll actually be buying several times in the future."
441873,amazon_tea,overseas,Amazon US,Tea,B004E4HUMY,1,,Terrible!!!,I love sweet tea. LOVE it. It's hard being in Ohio and having an immense love for sweet tea... as it's not common around these parts. Luckily it's become more popular lately but rarely is the sweet tea served southern style. When I saw this flavor I was pretty excited to give it a whirl. My first try I thought I put too much in as it was overly syrupy. The second try I didn't think I had enough. On and on and on I tried and I've yet to find a happy medium for this product. It's either bland or ick. So sad :(
441922,amazon_tea,overseas,Amazon US,Tea,B004E4HUMY,3,,"Good, not great...","This little thing makes some decent sweet tea. It does leave a slight, indescribable aftertaste which prevents me from rating it higher. All things considered, a great idea of you are on the go and don't want to pay for 'real' sweet tea, just don't expect to get quite the same taste."
61983,amazon_tea,overseas,Amazon US,Tea,B000CQG8K8,5,,Tasty Tea,"I used to spend a fortune on good Chai Tea at the coffee shop. Then, I discovered the double-spice tea. We both loved the stronger flavor of the spices. To my dismay, on my next trip to the grocery store, the double-spice tea was nowhere to be found! It was one of those items that apparently wasn't on their regular ordering schedule. I looked it up on Amazon, and, there it was...six boxes at a time, on subscribe and save, a decent price, and quick delivery! This tea is great with a ""sweetener of choice"" (I generally use stevia or agave in mine) and some milk or cream, hot or cold. My hubbie drinks it with no additions at all and it is his ""pre-sleep"" tea of choice. I've also used 5-7 bags in my iced tea maker and the result is yummy iced tea (or, add just a bag of this tea to regular tea for a hint of spice). Stash teas are great overall. I like the fact that they are individually wrapped in a ""foil"" wrap that holds together well and can be taken to the office or wherever without dissolving in one's pocket or purse! It IS black tea and contains caffeine! If this is a problem, try the Good Earth Original Caffeine-Free tea. Also available on Amazaon, it is a delicious, slightly sweet, cinnamon-y tea!"
33918,amazon_tea,overseas,Amazon US,Tea,B00412W76S,2,,Not my cup of tea..,"Supposedly increases milk production? Yeah, I didn't see a difference after drinking this for a good 3+ weeks. Aside from that, it doesn't smell or taste very good. Very herbal medicine-like."
37192,amazon_tea,overseas,Amazon US,Tea,B003CK2BQG,4,,Lemongrass and Mint,"It should probably be called Lemongrass Mint to more accurately describe the taste. It's especially good as ice tea, but drinking it hot is enjoyable too. The mint taste is not as strong as the lemongrass. I notice that some reviewers here say they barely taste the lemongrass, while others think it overwhelms the mint. It's a good idea to buy a box of this tea to try it out before ordering 6 boxes. I usually drink Bigelow Plantation Mint black tea, so I'm accustomed to a strong mint flavor. Lucky for me that I like lemongrass too, so the balance of lemongrass and mint was not a problem for me."
136039,amazon_tea,overseas,Amazon US,Tea,B005SPQENY,2,,"I did not like this, my husband did.","From the first sip, I knew I did not like this drink. It was overly sweet, the aftertaste lasted way too long and the small bits of passion fruit and/or aloe were slimy. I thought this would be similar to Kombucha tea with it's bits of the cultured mushroom at the bottom of the drink. My husband liked the Chantea, but he also likes the Odwalla Super Food drink which I find gross and slimy. I gave this 2 stars only because he liked it. This is not a product I will be buying in the future."
145595,amazon_tea,overseas,Amazon US,Tea,B003D4F1QS,2,,93 instead of 100,"I received a package with 93 tea bags instead of 100. But tea is tasty. Stash company, please count better."
145786,amazon_tea,overseas,Amazon US,Tea,B003D4F1QS,2,,powder in baggies,Shipment arrived promptly but inside each baggie seemed to be a powder that was not consistent with the same type of tea purchased in the grocery store.
62034,amazon_tea,overseas,Amazon US,Tea,B000CQG8K8,1,,Not like chai at all!!,"I'm looking for a really good chai to make at home. This had good reviews and my local grocery store actually carried it. I brought it home, made a cup and literally couldn't drink it. I had to put 3 tsp the sugar in it and extra cream to even be able to take a few sips. And thats reslly saying domething because i usually take little to no sugar in my tea. I actually like bitter black tea. This chai by stash isn't bitter so much as just plsin bad. I love chai and used to order loose leaf ( at a high price) from a place online that doesn't have it anymore. I guess you get what you pay for. This tea has a terrible after taste i can't begin to describe. Like dirt or sour cinnamon. I like both cinnamon and cloves so i'm not sure my complaint is the same as other reviewers. It really tastes like old bitter, sour, cheap spices to me! Glad i got this on sale at the store rather than wasted money ordering here. This box willbe going to work, annonously so no one knows it's from me! Or perhaps i should just throw it out. Don't like to be wasteful but I can't bear the thought of drinking a whole box of this!"
145798,amazon_tea,overseas,Amazon US,Tea,B003D4F1QS,3,,Poorly packed,"The tea was smushed into the box so badly that a couple of the individual wrappers were damaged and bust open. The box itself had a hole in it. I had read other peoples reviews that said the same. It was so poorly packed I wondered if it was even legit or if someone had just cleaned out their cupboards and stuffed all of their leftover tea bags in a box. Anyhow, I found the double spice too bitter so I won't probably buy it again. The 100 ct Stash tea probably won't tempt me again either due to the careless packaging."
222384,amazon_tea,overseas,Amazon US,Tea,B004E4CCSQ,5,,Another MIO Winner!,"I have now tried three types of liquid flavor enhancers from MIO and all of them have been excellent. The peach tea has a subtle, yet full flavor and turned an ordinary bottle of water into something with some pizazz. As MIO comes out with new flavors, I will be trying them, especially since I have had no adverse reactions to them. Since I have many allergies, this was a worry, but eased quickly."
37314,amazon_tea,overseas,Amazon US,Tea,B003CK2BQG,4,,"Very nice green tea blend, fine flavor, great value","**** This tea is good---it is a meld of green and white teas: White tea, Japanese green tea, Chinese green tea, Assam green tea, Darjeeling green tea, and organic green tea from Sri Lanka. It has a mild and interesting taste, and doesn't appear to be as strong in its caffeine effects as some other green or white teas. I went to Stash's website to find out more about Fusion Green and White and it says that white tea is a very rare and healthful tea, even more so than green tea, containing powerful antioxidants; it is thought that white tea may have the strongest anti-carcinogenic effects of all teas. White tea is not oxidized, but withered and dried by steaming. It is not clear exactly how much white tea is present in this tea compared to all of the greens---I'm thinking there might be far more green than white. Still, it is a fine tea nonetheless. For a basic green tea, with some extra-healthful white tea added, it is a not-overly-exciting but certainly tasty tea. I would especially recommend it for people new to tea drinking who want to branch out from orange pekoe to something different, and are looking for a gentle introduction to the wide world of teas. Note that this review is for the bulk packaging of six tea boxes, for an incredible Amazon price break! ****"
43932,amazon_tea,overseas,Amazon US,Tea,B001EQ5JLE,5,,"PG Tips, warms the heart of any ex-Brit","There really isn't much I can say. If you've had PG Tips you know the difference. If you haven't you don't know what your missing. I'm from the UK originally and for years in the States I drank Lipton as it was the only brand I could readily find. But along came Amazon and restored my access to my favorite tea. If you're used to drinking Lipton, PG TIps has a stronger flavor and if you brew it real strong it can get bitter on you. However I used to use 2 Lipton bags to get the strength I like and just one PG Tips bag does the job nicely. If you're not sold, wait until it goes on sale or special and at least try one box. Its particularly good if you brew it in a proper ceramic or china teapot rather than making it directly in a cup. Actually that is one thing to note. These tea bags don't have little strings so make sure you've got something handy to fish them out with. From an Eco-friendly perspective I also like the fact that you only have the tea bags and the main box they come in. Only the plastic shrink wrap is not recyclable. If you drink a lot of tea using individually wrapped tea bags you are going to be generating a lot of unnecessary waste. Particularly for those teas in plastic envelopes. At least in Lipton's favor they do use paper wrappers you can recycle."
37330,amazon_tea,overseas,Amazon US,Tea,B003CK2BQG,5,,Wake Up Call,My wife and I enjoy a pot of Green Chai Tea each morning. It has a great flavor. It is a little hard to find in grocery stores at the quantity that we like. Hint... set it up as a subscription and you will pay less than most grocery stores and you will have it delivered to your door.
33889,amazon_tea,overseas,Amazon US,Tea,B00412W76S,4,,"Tastes ok, good for ya!","This tea was surprisingly hard to find at the health food store, so I bought it online. Reading about possible ways to off-set liver damage 2/2 medications (statins in particular), I figured, why not--I drink tea, so I can try this one. It tastes ok. Not great. But drinkable. I think this tea is a fair alternative to taking another pill."
222495,amazon_tea,overseas,Amazon US,Tea,B004E4CCSQ,3,,interesting...,"This product is ok. I didn't hate it, but I also didn't love it and want to drink it every day. The peach taste seemed a bit muted and there was something about it that had its first moment on the palate seem really good, but then it settled into just ""OK"" afterward. I will try another cup later today and see if I think it's better. It's possible I didn't use as much as I should, so I should factor that in and try it with some more."
441899,amazon_tea,overseas,Amazon US,Tea,B004E4HUMY,5,,Delicious AND No Calories,"Mio drink flavorings have no calories and are in small enough containers that you can carry them in your purse. The Sweet Tea is delicious. It tastes like tea with sweet flavor. I love all the Mio products and they are a hit with me, especially now when I'm dieting. I highly recommend this product for a thirst quencher. All you do is add a few drops to iced water and voila! Your drink is ready."
43857,amazon_tea,overseas,Amazon US,Tea,B001EQ5JLE,1,,Horrible Tea,"I am from West Bengal, India. I grew up with finest quality Darjeeling and Assam tea. I never got such good tea here in the US. All the glowing reviews made me buy this tea thinking that I would at last find a good tea. The tea is simply horrible. I am not sure how the other buyers are making this tea but this tea is far from strong and it has no flavor. Two packs of simple Lipton tea make a better cup. Don't waste your money on this one."
521487,amazon_tea,overseas,Amazon US,Tea,B007JFXWRC,5,,Loved it!,"I love this blackberry/vanilla tea from Lipton! The pyramid bags help to distribute the flavor better. Unlike some fruity teas, this is not too overpowering with fruit. It's just the right amount with a hint of vanilla. I've tried it with one bag and with 2. 2 is a bit strong but 1 is just right. I would definitely recommend this to anyone who loves blackberries and vanilla flavor .... and to anyone who doesn't want anything too over powering."
37274,amazon_tea,overseas,Amazon US,Tea,B003CK2BQG,5,,"Morocco, the land of Babel","Maybe you can't speak the language, but you will appreciate their tea - very refreshing."
521457,amazon_tea,overseas,Amazon US,Tea,B007JFXWRC,5,,Surprising,"I love tea. It is my favorite warm beverage, so I have to say I was a little skeptical with a Lipton product. I was so pleasantly surprised. If you like vanilla and berry, this is a nice sweet tea flavor, without being super sweet. I would buy this again."
222515,amazon_tea,overseas,Amazon US,Tea,B004E4CCSQ,4,,I like it,"I've tried two different flavors of Mio. Peach Tea, and Mango Peach. To be honest, they both taste almost identical to me, but I like them. This stuff is potent. After adjusting the amount used, I got it to where I really like it. Less is definitely better. The flavor isn't all that natural tasting, but it is very pleasant when you don't use too much. I highly recommend you start out with only a drop or two, until you reach your desired level of flavor. I like MIO Peach Tea, but I only recommend it if you're a fan of fruity diet drinks. If you're more of a juice drinker, and/or someone that does not like diet soft drinks, you may want to look elsewhere."
123102,amazon_tea,overseas,Amazon US,Tea,B000CQBZOW,5,,LOVE this tea!,I absolutely love licorice and I love this tea. I have a glass nearly every night in the winter. It tastes great and settles your stomach. Highly recommend.
37201,amazon_tea,overseas,Amazon US,Tea,B003CK2BQG,4,,ITS ALL NATURAL AND IT TASTE LIKE IT....VERY HEALTHY THOUGH..,"So this is the first green tea ive bought and the second ive tasted. The first one i tasted was alittle better tasting. This stash green tea however does taste lets say, 'natural'. what i mean by that is it taste exactly like what it is, all natural dried herbs. It does look like leafs though not just crushed up almost powdery stuff like the other bag i drank. Im not quite sure what green tea is supposed to taste like but this one is NOT good but its NOT that bad either and its also NOT sweet at all. But hey i am drinking green tea for its health benefits not for its flavor. Overall though i DO recommend this green tea just like the name says it does appear to be premium green tea judging by how it looks and the 'natural' taste, so if your just after those health benefits you wont be disappointed if you want good taste this probably wont make you happy."
230098,amazon_tea,overseas,Amazon US,Tea,B000WB1YSE,5,,Traveled a long way...well done.,"I am stationed in Afghanistan and quality foods and beverages can be difficult to come by. Being so close to Central Asia, my friends here know a thing or two about good green tea. Folks can't get enough, and considering the long shipping process through hot and cool temperatures, there is no change in the great taste. Thanks!!"
70067,amazon_tea,overseas,Amazon US,Tea,B007I7Z3Z0,4,,Delicious!,"This is the second flavor of Lipton To Go Stix Iced Green Tea Mix that I have tried. This mango/pineapple is delicious! It mixes easily and leaves no residue. My two gripes: Why on earth package a drink mix designed for water bottles as "" mix 1/2 package with an 8 oz bottle""? Who buys those? The most common size of water bottles in my section of mid-america is 16 oz. Just stupidity. And, the misleading title of ""tea with honey"". If you check the ingredients, there is way more than honey sweetening this beverage. How about sucralose and maltodextrin? So, basically, it's just another sugared beverage. But it is pretty tasty!"
43827,amazon_tea,overseas,Amazon US,Tea,B001EQ5JLE,5,,Briton's #1 Tea - PG Tips,"The folks in the United Kingdom drink more PG Tips tea than any other brand, and perhaps after you try it; it will be your #1 choice, too! (By the way, the folks in Ireland drink more tea per person than in any other country.) PG Tips Tea and PG Tips Special Blend Tea is our home's standard tea. There are a few specialty retailers in the USA that now offer the PG Tips Special Blend Tea and hopefully Amazon will do so soon. In the 1930s (the pre-digestive era in history) this tea was introduced by the name ""Pre-Gest-Tee"" suggesting the tea could be consumed before food was eaten, but it was the grocers who gave it the abbreviation of ""PG"" - and the company added ""tips"" (since the company uses only the best part of the tea plant, the two top leaves and bud of the tea plant to make the tea). Many black teas sold in the USA are graded the basic medium grade Orange Pekoe (generally the tea leaves below the top two and bud), which is one of the reasons PG Tips gets higher reviews than most other teas. PG Tips also uses their pyramid tea bag that allows ample room for the tea to expand as it is infused. Additionally, in my opinion, PG Tips blends only two blends, rather than blending a wide assortment, thus becoming really good at what they do. Here at Amazon PG Tips is priced at just over a nickel a tea bag (a good value for an imported product) when you order the 240 count boxes in a set of two, and even less expensive in the higher volumes. PG Tips makes wonderful ice tea too, and that's good news since Americans drink about 80% of their tea as iced tea and only 20% as hot tea. Worldwide more hot tea is consumed than iced tea, and worldwide tea is the most consumed beverage (next to water), while in the USA it is the sixth most consumed beverage (next to water). A very good question to ponder is ""Why this is?"" Drinking an adequate amount of tea daily is now being considered to be very good for one's health, and it is much more enjoyable to drink a really good cuppa (cup of tea), especially at the nominal cost of about a nickel a cup when compared to one of those gourmet coffee places who charge upwards of four to five dollars for a large cup of coffee. When we have a guest in our home we always offer them a PG Tips cuppa, and they always say they have never tasted a tea this good - thus, I rate it 5 stars for its quality and very nominal price!"
230041,amazon_tea,overseas,Amazon US,Tea,B000WB1YSE,1,,it deserves half star!,I drink tea for more than 20 years and I tell you: this tea sucks! I brew it with 6oz of water at 70 degrees celsius. Tea is flavorless! Cheap stuff! I am going back to mitsuwa supermarket or maruka supermarket for green tea.
43907,amazon_tea,overseas,Amazon US,Tea,B001EQ5JLE,5,,Really smooth full favor tea,This tea is really very smooth and the favor is like no tea you will buy in the states. A real Engish Tea and once you try will never drink anything but P&G Tips. Well worth the money.
37183,amazon_tea,overseas,Amazon US,Tea,B003CK2BQG,3,,Not bad.,"I actually like this tea, but I did give it three stars for a couple of reasons. The tea, in my opinion, is average... nothing really to set it apart... three stars is average... The tea is not organic, no really high points, no really bad points... again... average. The biggest negative for me is the price... at the supermarket they usually have sales on tea that would make this a lot cheaper if bought there."
37243,amazon_tea,overseas,Amazon US,Tea,B003CK2BQG,4,,stash tea review,this is exactyl what i have been searching for for over a year. it was availabe for a while in my local grocery store and was discontinued. the item arrived in a very timely fashion.
145586,amazon_tea,overseas,Amazon US,Tea,B003D4F1QS,2,,Not Earl Grey,"I did not receive the tea in its original packaging and there is no way this is ""double bergamot"" since it doesn't taste like Earl Grey at all. As a tea it is very good one though. The batch I received had no flavor or the nice smell of Earl Grey even though it says on the packaging it is. Upset with this purchase."
538352,amazon_tea,overseas,Amazon US,Tea,B0061IUIDY,5,,Higgins & Burke Green Tea,"A tea expert I am not. However, my husband and I recently switched from coffee in the morning to English breakfast yea and we drink green tea with dinner and since we use and like Higgins & Burke green tea, we were anxious to try their Earl Grey. We've had Earl Grey in the past and I'm not sure why we settled on breakfast tea instead with breakfast, probably just because of the name, you know breakfast tea with breakfast. But now, after having tried this, we're switching. We drink it with milk and it like it very much."
441874,amazon_tea,overseas,Amazon US,Tea,B004E4HUMY,1,,This MIO not for me-o,"I like tea, and thought that maybe this would be something great to jazz up my bottled water at work. As I put the drops in the bottle, I was a little surprised at how vividly colored this stuff is; I'm sure colorless liquid would be less exciting but this tiny bottle of flavoring packs a TON of color! The flavor effect fell flat; I could not add enough to get the flavor I expected, it just got sweeter and sweeter, to the point of being unable to drink it. I would like to suggest to the MIO maker that if they just took out the higher concentration of color and replaced that with a higher percentage of flavoring, that would go a long way in improving this product. It has an aftertaste that is even more pronounced than Crystal Light, and another side effect that is not refreshing. After dumping my bottle, I then had to get another bottle of plain water to wash the weird icky feeling out of my mouth. My mouth felt like I'd imagine Astroglide would act if you drank it; it had this weird slippery aftereffect and my mouth felt like it just wasn't hydrated with the water, as if I needed to keep on drinking. Bleh! Not a purchase or even a recommendation for me."
123207,amazon_tea,overseas,Amazon US,Tea,B000CQBZOW,5,,Wonderful Teas,I drink it everyday and it tastes great! Each box came packed in clear plastic and I feel secure buying it again. Good deal for the money.
538368,amazon_tea,overseas,Amazon US,Tea,B0061IUIDY,5,,Great Tea,I really enjoy a great cup of tea when I want to relax. This tea has a good strong flavor and I look foward to drinkinh it.
538452,amazon_tea,overseas,Amazon US,Tea,B0061IUIDY,3,,Weird Aftertaste,"I am a tea fan. I tried this tea both hot and cold. It is much better hot than cold. The tea itself is just your average black tea. Nothing special. It does seem to have an odd aftertaste. I like that the tea bags are individually wrapped and they open without tearing the tea bag, so that is a plus. But as far as tea goes, this tea is like other mediocre black teas I've had. Nothing special."
70243,amazon_tea,overseas,Amazon US,Tea,B007I7Z3Z0,5,,Great product but Overpriced,"This is a great convenience and great tasting product. I can find it in small quantities on the shelf at Walmart and other grocers but, not in higher quantities. The price point per box is less than 2.00 in most grocers but, do the math from the various merchants as I have found it frequently over 2.50 a box."
123123,amazon_tea,overseas,Amazon US,Tea,B000CQBZOW,5,,five star product,"Very good product, my wife drinks it all the time. Stash premium licorice to her is very good tasteing."
458656,amazon_tea,overseas,Amazon US,Tea,B000FFIL92,3,,It's okay.,"The teapot does not have a spout. Also, the tea blossoms are not labeled. You have to guess by matching the picture to the little balls of tea in a bag and hope you got the right one. The tea is light, if you don't like strong tea you'll like this and has a pretty good flavor. Keep in mind that this is a 16oz teapot--a smaller bottle of water is 16.5oz just to put it into perspective. If you use regular size coffee cups for it and not actual tea cup then you will get about 1 1/2 cups of tea each time you fill it. The blossoms also will come apart slightly and you will get small tea leaves in your cup, I would suggest using a tea strainer. If you don't own a tea strainer already you can use a coffee filter to catch the smaller pieces of tea leaves by simply holding it over your cup as you pour allowing the tea to filter through into the cup through the coffee filter. Also, the blossom may float if it has a few air bubbles in it from drying. Poke it down with a spoon to make it settle--more for presentation."
33888,amazon_tea,overseas,Amazon US,Tea,B00412W76S,5,,Great Stuff!,"I have been having problems with my bladder. Interstital Cystitis is a chronic condition and also effects the colon. I suffer from severe constipation (IBS) also. I take fiber during the day and make sure I get enough in my diet. In the morning I drink a cup of Alvita Senna tea and within 1 to 1/2 hrs. I have elimination. This is the only thing that has worked for me. I have tried many other laxatives which do not work and bother my bladder. This product does not. I have also drank it at night with good results in the morning. Doctors have said not to use this continually because you could develop dependence. However, my condition is unbearable without it. At last my doctor agreeded that if I was going to take something daily then he suggested this tea. I highly recommend it for people with my condition or for individuals who take a lot of medications that tend to slow down the system. I have placed an order for more and will continue to use this great product. By the way, I had purchased another brand before I bought this brand and it was of terrible quality. What a difference. This product has great quality and also I like the tea bags being natural and not bleached with chemicals."
70150,amazon_tea,overseas,Amazon US,Tea,B007I7Z3Z0,5,,Lipton To Go Tastes Great and Is Convenient,"I got a sample of the Mango/Pineapple flavored tea and really liked it a lot so I now buy this product regularly in the grocery store. I am on the go a lot and like to keep a cooler of ice with bottled water in it in the back seat. Plain old water is just boring after a while. I do carry a bottle of home brewed iced tea with me but still I like to use the little to-go stix of all sorts from different companies and this is a very nice addition to my options. I really liked the Mango one so I tried the blackberry/pomegranate one and liked it less. My favorites are the mango, peach, and strawberry ones. As a diabetic, I like to watch the calories and carbs and this is a refreshing way to flavor water without a lot of sugar. It is quite convenient to carry along to flavor water and tastes fruity. If you are avoiding sugary drinks , this is a good choice. Kids also love this and it is nice if you are having a fast food lunch with kids to carry along a cooler of ice with bottles of water and add their choice of Lipton To Go Stix to the water instead of buying tooth-rotting sugary sodas at restaurants. There is only one gram of carbs and it has 10% of your Vitamin A requirements (at least the Mango Pineapple one does). It is made with real green tea leaves instead of just artificial flavoring and green tea has health benefits. I recommend this product."
521492,amazon_tea,overseas,Amazon US,Tea,B007JFXWRC,2,,lipton tea,"I never quite got over the pyramid shape to begin with...it seemed messy to me, as it dripped more than other regular shaped tea bags for me. The smell of the tea brewing was nice, and inviting. I could smell the vanilla and the blackberry and I was excited to try it. but, the flavor was a disappointment all around. I didn't taste right, it was ""off"". I am not sdure how to describe it really, it just didn't taste like it smelled at all. Yeah, not liking this tea so much..."
538232,amazon_tea,overseas,Amazon US,Tea,B0061IUIDY,3,,More Spice Than Tazo,"In the world of brew-at-home chai, you have the purists who watch for spice sales (""Oooh, oooh, I found star anise in the bargain bin at Vons!"") and people like me who are just looking for a more exotic version of English breakfast tea with milk. The Higgins & Burke Chai was alright. If my supermarket choice was this, Tazo or Good Earth, I'd get this in a second. However, unlike other brands I buy frequently, you can't really see the individual pieces of spices (cardamom pods, arms of star anise). I prefer the more premium teas that have identifiable spices. I did notice more spice/tea dust than usual inside the envelope. More finely powdered teas lose their flavor quicker than the more chunky stuff. If homemade/authentic restaurant chai is a 10, Good Earth a 1, I'd give this a solid 4. (Two Leaves and a Bud Black Chai is an 8, Bombay Chai is a 8, Coffee Bean and Tea Leaf is a 6, Stash Double Spice is 6, Tazo is a 3, Bigelow/Twinings are 1s, any premade chai liquid/powder with sugar is a -3). Numi made with Roobios doesn't count on the scale."
230043,amazon_tea,overseas,Amazon US,Tea,B000WB1YSE,1,,diluted tasteless crap,"if you think this tastes like japanese green tea you must have been drinking cardboard which would be the next step below what this ""green tea"" tastes like = colored water. 2 tea bags make it a little better, there is some matcha flavor to it, but the true, real, japanese green tea flavor is not here."
136064,amazon_tea,overseas,Amazon US,Tea,B005SPQENY,2,,"Not Tea, So Much as a Side Dish","It wasn't kidding when it said it included aloe vera pulp, and it's not in minced bits. This is the chunkiest ""beverage"" I've ever had. It really is more like a side dish. The trend of bubble tea and other bits floating in one's beverage must be to blame. Just a note to those who think this is an elegant green tea: If you like pulp, expect to chew. If you don't, expect to spit. It's actually quite thick. Initially the flavor is nice, albeit a tad bitter, as a back note. The acidity of the tea and passion fruit--and I suppose the citric acid--is really strong and quickly overwhelms the fruity flavors. The tea is also extremely sweet. 19 grams of sugar per serving, which if you read the extremely fine print closely, the bottle is 1.3 servings. How does that work, exactly? So it really has 28.5 grams of sugar in the bottle. That's quite a lot for such a tiny beverage. Nothing healthy about that. For the expense, I'd choose other bottles teas over this one that are less sweet, more healthy, and certainly less chewable."
145723,amazon_tea,overseas,Amazon US,Tea,B003D4F1QS,5,,Best tea EVER!,"This tea is, by far, the best tea I have ever had. I've tried many different teas (green and white mostly, not a big fan of black tea). I originally tried the white christmas tea at my neighborhood farmer's market during the holidays, but haven't been able to find it since (except for on Stash's website, where the shipping is pretty pricey). So, I got this brilliant idea to try to find it on amazon, and lo and behold, here it is! Shipping was reasonable, and I received it within a week. One thing I noticed that I think they could have done better with was the packing of the tea. The individual tea bags are sealed of course, but they were all scattered about inside the box. One thing I did like also is the fact that the expiration/use by date was clearly stamped on the outside of the box. It's always good to know you're getting a fresh product. All in all, I would say this is a good, reasonable way to purchase hard to find teas."
222532,amazon_tea,overseas,Amazon US,Tea,B004E4CCSQ,4,,Pleasant Tasting Soda Alternative,"This is the third MIO flavor I've tried. The taste of this one is not much different from the Peach Mango. It's definitely more of a peach flavor. I don't detect much tea in it. Still, I find this to be pleasant and refreshing. Since I'm trying to get myself off diet sodas, this is a good alternative. The one problem I've had with all the MIO flavorings I've tried is that it's not an exact science on how much to squirt into your liquid. It doesn't come out in drops but instead in a stream. I think I'd prefer drops so I had a better idea of how much I was putting into my drink."
62133,amazon_tea,overseas,Amazon US,Tea,B000CQG8K8,5,,My Favorite,"I have tried many different brands and types of chai, and this is definitely my all-time favorite. Lovely with a splash of milk, or try the recipe on the box of brewing in a saucepan with milk and sugar for added flavor and creaminess."
441760,amazon_tea,overseas,Amazon US,Tea,B004E4HUMY,3,,Not quite tea,"First of all, let me say that this product is not bad... it actually tastes very good, but there is a misnomer here... it does not taste like tea. Not sure what flavor I would assign to it, but it's certainly not tea - at least not the tea I grew up drinking. Would I buy this again, probably not; their mango flavor is the best by far (5 stars)... But if you try this and enjoy it, more power to you."
538426,amazon_tea,overseas,Amazon US,Tea,B0061IUIDY,3,,An average cup of tea,"I am a huge tea drinker and enjoy having a good chai in my tea stash. Unfortunately, this tea is a very average chai tea. This is not a bad product. The tea had good flavor and tastes like chai tea should. There is, however, nothing extraordinary or unique about it. It tastes very much like other chai teas I've had (from a tea bag). I don't know that I would recognize or pick this brand of tea over any other boxed chai tea bags. If you need a good staple chai tea to have around, this one is okay. Just don't expect anything special from it."
181909,amazon_tea,overseas,Amazon US,Tea,B0009F3POY,5,,Tasty Tea that Works!,"Along with pumping often, this tea has helped to increase my supply after returning to work. I tried fenugreek tablets, took the maximum dosage (12 tablets daily for the brand I purchased), and it did nothing. Lactation consultant said that for some people, the combination of herbs found in the tea is more effective than a single herb. I had a very hard time w/ my supply when I returned to work, but am determined to continue nursing. Here is what has helped: 1. Drinking this tea. I need to drink 4-5 cups a day for it to be effective. I just boil a pot of water in the morning, steep 5 bags for 15 minutes, and then drink the prepared tea throughout the day. 2. Pumping at least 3 times per day, either instead of nursing or 30 minutes after nursing. 3. Bringing pictures of the baby to work (not sure why this helped... maybe hormones?). Good luck!"
458577,amazon_tea,overseas,Amazon US,Tea,B000FFIL92,1,,Not for the true tea lovers,"Got this for myself since I do usually enjoy Numi tea bags. Howerver, I would NEVER consider giving this to any one as a gift! The box itself is very flimsy, the tea pot is a joke! There was no strainer included, the lid of the pot, does not even fit on the pot! It's very dangerous to pour hot tea when the lid does not want to sit on the pot! Yes, it was cool to see the flowers unfold, but it ends there. The color & the flavor is just not as impressive as what I had expected. I wanted to return the item, but LATER found out that as a ""grocery"" item, it is NOT returnable! I wish that had been noted on the item page or before I checked out!!! I do not recommend this item at all!"
136009,amazon_tea,overseas,Amazon US,Tea,B005SPQENY,1,,"Like them separate, not together","I purposely get aloe vera products for first aid and for cosmetics (lotion especially). I drink at least two mugs of green tea a day. I thought that putting these two together would be cool. Not so much. No matter how much you shake it, you're basically drinking a meal, and I just don't like the taste of it. I can't even handle drinking orange juice pulp so these random aloe vera portions floating around gross me out. I'll stick to just green tea."
33980,amazon_tea,overseas,Amazon US,Tea,B00412W76S,5,,I Love Sage Tea!,"I heard about drinking sage tea on the Dr. Oz show. Though sage is most commonly used in cooking, sage tea has been shown to boost alertness and mood, while decreasing anxiety, I was told. I find it very soothing. I was surprised that I actually like the taste. It's a woodsy taste just very appealing. It always makes me feel good afterward. The tea is caffeine free so I normally drink it in the afternoon or evening as I still need the caffeine coffee provides in the morning. This is a great product and I will most likely order it again."
181984,amazon_tea,overseas,Amazon US,Tea,B0009F3POY,1,,Seems to be counterfeit,"I bought a 6 pack box since it looks exactly like the one my wife was buying at Whole Foods. but just slightly less expensive. Unfortunately it was the only similarity with the one from Whole Foods. It tastes differently and not as intensive, but the most important is that it doesnot help with the lactation, so after using one pack, we had to come back to Whole Foods and now trying to return remaining 5 packs."
34009,amazon_tea,overseas,Amazon US,Tea,B00412W76S,5,,Great quality Raspberry Leaf,"I trust Alvita's brand because all of the teas I have tried from them are pure and excellent quality. The Raspberry leaf is no exception. The taste is mild and it works like a charm to ease menstrual cramps. A must have during your moon cycle. Good value for the price. Also check out Yogi Woman's Moon Cycle, Herbal Tea Supplement, 16-Count Tea Bags (Pack of 6)"
61979,amazon_tea,overseas,Amazon US,Tea,B000CQG8K8,2,,Too much clove!,"There is nothing but a strong clove flavor to this tea. I have had better chai teas with more subtle flavoring. The Yogi brand is a good one. If you love clove, then this is your tea. Unfortunately, I don't."
222526,amazon_tea,overseas,Amazon US,Tea,B004E4CCSQ,4,,"Simple to use, tastes great","MIO Liquid Peach Tea A co-worker showed me her MIO Berry drink and how it worked, and that got me thinking about trying the MIO liquid peach tea. The packaging is very small, so it fits in a lunch bag or pocket of a back pack without taking up much room, and it is very secure. The valve used to dispense the fluid is similar to the valve used in Heinz upside-down ketchup bottles, the ones that require quite a bit of force to squeeze out and does not leave a mess. I found that 4 or 5 squirts into a 16 oz water bottle was enough to provide a good tasting drink. The Liquid Peach Tea tastes just like peach tea, but with a strong hint of citric acid. My co-worker's berry drink contained some Vitamins, and we noticed that there was also an Energized version of MIO. This liquid peach tea was just a regular MIO water enhancer, no extra vitamins or caffeine is added. Overall: 4/5, easy to use, tastes good, but the actual metering is variable - just use as much as you feel is needed"
441964,amazon_tea,overseas,Amazon US,Tea,B004E4HUMY,4,,Pretty good flavor and very convenient as a take-along,"I was surprised at how good this tasted. No, it won't compare to fresh made sweet tea, but it's pretty good. I like how easy it is to use - you can put in just a touch if you want a hint of flavor, or use a lot if you want a stronger taste. I also like that it has zero calories. However, there is a bit of an artificial sweetener aftertaste, which knocks it down to 4 stars. The packaging is also a strong point. While it does use a lot of plastic, it makes it very easy to toss into a bag to take with you. For example, my gym has some really poor tasting water (strong chlorine smell) in the drinking fountains. This will be handy to have with me when I run out of my own bottled water and have to refill the bottle at the fountain. (They sell bottled water but I just can't fathom paying two bucks for water at the gym when I can bring my own tap water for next to nothing). Nice concept, thoughtful packaging and decent taste. Definitely worth trying."
123129,amazon_tea,overseas,Amazon US,Tea,B000CQBZOW,5,,The VERY BEST Lemon Ginger tea out there!,"This tea is the ONLY lemon ginger tea I will buy! All other brands have some off-flavor, or are mixed with others. This one has exactly the right blend and is always wonderful. Do yourself a favor and try it!!"
70168,amazon_tea,overseas,Amazon US,Tea,B007I7Z3Z0,4,,"Great taste, but I would recommend bulk packaging","I like experimenting with different drinks, and I found these ready to make ice tea mixes to my taste. They really have the mango flavor, without a significant aftertaste. The powder itself dissolves without buildup. So overall it's a good ice tea product. (Be sure to have good water ratio, though. For example I like it stronger, thus I use less water than the recommended amount). However, buying this separately is not a good option, especially when amazon offers good discounts when you buy in bulk with the ""subscribe and save"" program. For example Pack of 4 , or even good old canister based mixes -- though the second one is not the same exact flavor."
181897,amazon_tea,overseas,Amazon US,Tea,B0009F3POY,5,,the best tea for nursing moms,"i love this tea! it tastes great and although i can't really tell what it does for my milk, i know i am doing something good for myself and my baby by drinking it! i've tried other nursing teas and this one is by far the best!"
136075,amazon_tea,overseas,Amazon US,Tea,B005SPQENY,4,,Delicious,"I'm generally NOT a fan of green teat. That being said, I'm always on the hunt for a good green tea beverage to try. I may have just found it. I really did enjoy this beverage. There is a fair amount of pulp, but that did not deter me from liking it. The flavor is rather subtle, but very delicious. There is the usual bitterness from the green tea, but it was only a slight amount. Overall, I like it and will purchase on my own. Give it try."
441846,amazon_tea,overseas,Amazon US,Tea,B004E4HUMY,4,,convenient but not for me,If you want a substitute for the powdered stuff and prefer a liquid then this is for you. It is certainly convenient to just make one glass and add more of it to get the taste you want. I must have a crazy sweet tooth because I had to squirt quite a bit this stuff to get the right amount of sweetness. It tastes great and similar to McDonalds sweet tea or Arizona Southern Style sweet tea which is my absolute favorite.
123169,amazon_tea,overseas,Amazon US,Tea,B000CQBZOW,5,,Best chamomile we've tried,"This is the chamomile tea my husband drinks every night. It has the best flavor of any of the chamomiles we've tried. This one deserves the ""premium"" label, and yet the price is not premium. Very soothing."
441880,amazon_tea,overseas,Amazon US,Tea,B004E4HUMY,5,,perfect instant,Taste great and already slightly sweet so you don't even need to add any sweetner. I like it cause its small enough to fit in your purse or not take up much space in your desk at work.
181832,amazon_tea,overseas,Amazon US,Tea,B0009F3POY,3,,"Tasted good, but didn't seem to work for me",This product didn't seem to do anything for me. Good ol' fashioned demand does the trick when my supply seems to be decreasing.
70312,amazon_tea,overseas,Amazon US,Tea,B007I7Z3Z0,1,,Garbage! False Description!,"All you can taste is artificial sweetener. It is inconceivable how they can describe this product as ""sweetened with honey."" I can't taste any fruit either. This stuff is horrid!"
230044,amazon_tea,overseas,Amazon US,Tea,B000WB1YSE,1,,Very Confusing,"Some of the comments here come from folks who seem to be very knowledgeable about tea. I am in no way an expert, but I drink green tea and have tried many different kinds. I found this one to be my least favorite. It's very confusing. It's not matcha. If it was it would not be in tea bags. When it's brewed, it does seem a bit like Japanese tea, but not at all like matcha. I'm not even sure what it is. It tastes terrible. If you want to try some good green tea, I suggest Numi brand tea. You should be able to find it at most well stocked supermarkets and health food stores. It is the best boxed tea you can get."
43848,amazon_tea,overseas,Amazon US,Tea,B001EQ5JLE,5,,thrilled to find this on Amazon.com,WOW! Amazon.com you made me so happy today. I love this tea and am thrilled to find it at such a good price. You even have the milk! Thanks so much!
37255,amazon_tea,overseas,Amazon US,Tea,B003CK2BQG,4,,Great tasting green tea!,"I am a big fan of Earl Grey tea, because not only does it taste good, but I love the way it smells. I decided recently to try to switch to green tea because of the health benefits but I find I don't like most green teas out there. This one, however, is great. It tastes good and has the wonderful aroma that I like. I hope they keep making this for a long time because I will be drinking it!"
135940,amazon_tea,overseas,Amazon US,Tea,B005SPQENY,5,,Very Good,I love this drink but buyer know it has a LOT of pulp in with it so if you do not like pulp do not order this... Its sweet but not too sweet and a nice change to the regular green tea blends I drink. I would order this.
37277,amazon_tea,overseas,Amazon US,Tea,B003CK2BQG,5,,Stash Premium Green - The Best Of The Best,"After trying about 30 different brands of Green Tea, I have found this to be the best tasting. This Green Tea is a blend of Japanese Green Teas, which are more robust and flavourful than typical Chinese Greens. The only Green Tea I've tasted that compares is straight Yama Moto Yama from Japan. I believe Yama Moto Yama is also in the Stash blend. As far as Green Teas go, this blend is among the naturally sweetest and has no bitterness... unless you overcook it. The trick I have found to getting the best flavour from Green Teas is not using too high a temperature to steep it. Steep at a lower temp (170F-180F) for a longer time which will result in a tea that is actually green in colour, not brown or gold. Also, this tea tastes best as is, don't put any sweeteners in it like sugar or honey. If you are addicted to sugar, ween yourself off of it and enjoy the great flavour of this premier Green Tea. Of course, Green Tea is incredibly healthy, rich in anti-oxidants and relaxing theanine, is not harmfully acidic like coffee and there is also one quarter the amount of caffiene than in coffee - easier to brew too! The price is quite reasonable considering the quality of tea you are getting. Better yet, buy it in bulk for great savings. If you want to be even healthier, Stash also sells their Premium Green Tea in organic form for only a few more pennies per bag. Enjoy and be healthy!"
61962,amazon_tea,overseas,Amazon US,Tea,B000CQG8K8,5,,As a person who has never really liked tea,"this is my drink of choice. I'm addicted. I drink 3-4 cups a day simply because nothing else tastes this good. I've tried other chai-spice teas; none of them compare. The downside to telling everyone to buy this tea is the prospect that you might actually do it, raising the prices. You should try it, it's good."
230099,amazon_tea,overseas,Amazon US,Tea,B000WB1YSE,5,,It's really green!,"I just had my first cup, and I loved it! Anyone who has enjoyed hot green tea in Japanese restaurants and missed that actual bright green appearance and flavor in home tea bags, try these. Perfect!"
145792,amazon_tea,overseas,Amazon US,Tea,B003D4F1QS,4,,Pretty Good,"This tea has a pretty good flavor. I was a little disappointed, because it isn't as good as the kind I used to get, but hey, it's a good price for the type of tea."
62029,amazon_tea,overseas,Amazon US,Tea,B000CQG8K8,4,,Very Good Tea,"I have enjoyed the Stash Orange Spice Black Tea for years. While I like and drink it often, I actually enjoy the Lipton version better. I bought this again because it seems that Lipton has discontinued theirs, at least on a temporary basis. There is a subtle difference between the two and it's a personal thing with me, but I do hope the Lipton has not been discontinued. If so, I will certainly buy this again. I would also compare this to Constant Comment (Bigelow). If you've tasted and enjoyed that brand, you will like this one. All in all, a very good product!"
43817,amazon_tea,overseas,Amazon US,Tea,B001EQ5JLE,5,,Does what it says on the box,"PG Tips is PG Tips- if you like middling tea bag tea, this is a good brand. Now you can buy countless hundreds of bags via Amazon."
521495,amazon_tea,overseas,Amazon US,Tea,B007JFXWRC,3,,Only one cup of tea per teabag,"In a blind tasting, i doubt i would have pegged this tea as 'blackberry vanilla'. It has some definite caneberry flavor to it, but it's as much raspberry as blackberry. I've not noticed the vanilla. The pyramid-shaped teabags are sorta neat, i guess, but probably not going to impress anyone unless they've been living under a rock for 10 years and you serve your tea in glass mugs. Taste is personal, and some people will like the flavor of this tea more than i did. My major complaint is that each tea bag is basically good for exactly one cup of tea. I drink a lot of herbal teas, and my usual method is to top off the cup with hot water when i gets too cool or too low. Most tea bags, even fruity teas, can make three or four cups worth of tea before the flavor gets too diluted or unrecognizable. With this tea, any blackberry/raspberry flavor is gone in the first cup. The color goes, too. If you drink a cup of this down 2/3 of the way, put the tea bag back in, and refill the mug with water, you'll get a pale, pale pink beverage that tastes light straight rosehips. If the tea had really spectacular flavor of the first go-around, then i'd still recommend it on flavor alone. But for a generic fruity tea, why go with this one when there are plenty of others that taste better and can last a whole morning of idle sipping?"
458672,amazon_tea,overseas,Amazon US,Tea,B000FFIL92,1,,Item never received after 1 month,The item looks great but we never received it. I ordered it in NOvember and it is still January and have not received it yet. I have contacted the company.
441900,amazon_tea,overseas,Amazon US,Tea,B004E4HUMY,2,,A neat idea but this tastes to fakey to me.,"Okay, I think this is a great idea, super concentrated drink liquidin a nice tiny bottle that you can customize the stregnth by how much you add to the water. The main gripe I have is with the taste, way to fakey in my opinion, does'nt taste exactly like brewed sweet tea to my taste buds, it's not horrible, just no the greatest either. I guess I do got to remember this is a concentrate, and not the real thing. I love real tea (iced sweet and hot) , so I guess I'll be sticking with my good ol' tea bags. Some will like this stuff, I for one did'nt care that much for it"
441902,amazon_tea,overseas,Amazon US,Tea,B004E4HUMY,1,,Definitely did not taste like tea!,"I drink a lot of iced tea and was hoping this would be a quick way to make a glass if I run out of the bottled tea. Instead I am not even sure what this tastes like but it definitely does not taste like any kind of tea that I am used to. And it doesn't have a good sweet taste, it is more like an odd tasting sweetener. I also drink diet soda (both Pepsi and Coke) and this does not taste like any diet soda that I have tried. Overall a really poor imitation of something as I can't say it is an imitation of tea since it is not even close to tasting like tea. I made one glass, took a few sips, added more MIO, tried it again then spit it out and dumped the rest down the drain and threw the MIO away. It tasted that bad that no way was I going to drink this stuff. The other issue is that this MiO has propylene glycol and nothing of value. No real juice, no vitamins, actually nothing but some unnamed artificial flavors. Perhaps one of the other MiO flavors might have tasted better but I'm not going to try them as I would not want to waste my money. I'll stick with the bottled brand name teas."
458580,amazon_tea,overseas,Amazon US,Tea,B000FFIL92,5,,What a gift!,"Perceptions about this innovative box of flowering teas and accompanying teapot range from ""Buyer Beware"" to ""Gift of the Year."" Here's my take: The Good: 9 tea selections that are unique in bloom, taste and fragrance. Each bloom yields 3 pots of tea. Lidded Glass teapot to view the spectacular blooming. 2 attractive, reusable and sustainable bamboo boxes (1 containing the individually wrapped flowers and a larger containing the whole kit and caboodle. Amazon's price, which at wholesale is a steal for this type of handmade, artisan product. And the sensory experience itself is priceless (though many a tea salon now have put a price on it). The Bad: All selections do not quite yield 3 pots, and speaking of the pot, yes you may want to invest in a back-up. For the price, I haven't seen a better gift. The nay sayers are looking for a product that would have to retail at twice the full retail value of this set. And you don't like the flavors? Isn't that a matter of personal taste? It certainly isn't a reflection of the tea quality, which is very good. To add to your experience, enjoy with friends and afterwards flip through The Tea Box by Gilles Brochard."
135954,amazon_tea,overseas,Amazon US,Tea,B005SPQENY,5,,Excellent,"My 8 y/o grandchild loves tea and this was excellent. She loved it. What can one say? If an 8 y/o loves it, it has to be good."
521415,amazon_tea,overseas,Amazon US,Tea,B007JFXWRC,2,,Deceiving,"I love tea, tea of all kinds. I prefer loose tea or cake tea that you have to break off a piece and steep it in hot water, or I go in my backyard and gather some leaves from plants like wild strawberries, or Perillo. I sometimes mix them together, so when I opened this box and found this new, to me, pyramid tea bag I was surprised. I liked it, I boiled the water and let it steep for about 10 minutes. I do not usually use any sweeter, if I do it would be raw honey from a friends' hives. Time to taste, I do not like this tea. First it claims to be Blackberry Vanilla tea, you would think that meant Blackberry Vanilla, here are the ingredients in order of their appearance, Hibiscus flowers Rosehips Sweet blackberry leaves Natural Flavor Dried Black Currant pieces Dried Blacberry pieces Dried Raspberry pieces Sunflower Lecithin I don't think so, where are the Blackberries? Some leaves that is all no blackberry like it says on the label?. I could make my own blackberry teas with my own blackberry leaves I thought this would taste better. When I see blackberry tea I expect blackberries and not Rose hips and Hibiscus flowers. It is very tart I guess I am spoiled with my natural tea I pick myself. I cannot put enough honey in this to make it taste good enough. I am sorry this is not for me. It is leaving a very odd taste in my mouth one I do not want again."
521388,amazon_tea,overseas,Amazon US,Tea,B007JFXWRC,5,,"Rich Color, Robust Flavor","Very pleasant tea-drinking experience indeed from beginning to end. From the start, the tea bags are quite exotic and classy looking. The aroma of the tea as it steeps is ""berry"" mild, while the color is vibrant! The flavor of the tea is quite powerful even with very little sweetner added. My husband Patrick & I enjoyed the experience immensely. One caution, since the color is so vibrant, be careful of staining opportunities."
538275,amazon_tea,overseas,Amazon US,Tea,B0061IUIDY,3,,"Any way I brewed it, a bit of a stale taste","To give this tea a fair shot, I first brewed it exactly as the box said to, and had a cup black, as I usually drink tea. I was underwhelmed. There just seemed to be some kind of stale taste there---it didn't taste sharp or whatever the taste is called that I like tea to have! It wasn't just that it was mellow, you want that in a breakfast tea a little, but it just didn't have a standout taste, and it made the bitter bit of taste not something that complemented the tea flavor, but took away from it. Then I tried it with sugar. I liked it a little better that way, but no better than very basic tea like Red Rose or Salada. Finally I brewed it strong and made ice tea. I liked it the least that way. The flavor issues came out more with the strong and the cold, and I didn't finish my glassfull. I like the ideas of this tea---that they are part of the ethical tea partnership and that the box is made from recycled materials, and I will certainly use the rest of the teabags, but it is not a product I would seek out or pay extra for."
521490,amazon_tea,overseas,Amazon US,Tea,B007JFXWRC,4,,Delicious tea!,"This is another delicious tea from Lipton. The blackberry taste is definitely stronger than the vanilla. The pyramid shaped tea bags gives more room for water to flow between the tea, spices, and chunks of blackberries. Yes, I said chunks of blackberry - you can really see the fruit in the tea bags. This is perfect for the cool fall weather. One of my favorites!"
458694,amazon_tea,overseas,Amazon US,Tea,B000FFIL92,2,,Numi's Bouquet Tea Set,"The tea is not quite what I expected. The ""flowers"" are already opened. Other teas of this type that I have had, have been tightly rolled up and expanded in the hot water to form the flower. That was a let down. The tea its self did have a good flavor. As for the pot, the lid has no catch so you have to try to hold it on when you pour, or it falls off (usually into the cup and splashes). The pot gets VERY HOT and is hard to hold - especially the lid. On the whole, I was very disappointed with this set. I would not recommend it to others."
521460,amazon_tea,overseas,Amazon US,Tea,B007JFXWRC,4,,"Pleasing flavor, but vanilla is a bit weak","The Lipton blackberry vanilla tea has a very nice fruity taste. There is hibiscus in the tea, which helps give it a deep ruby color and adds to the flavor. Unfortunately the vanilla flavor is a bit difficult to detect because I think the hibiscus overwhelms it, so I gave it only 4 stars. But the tea tastes good -- it's just not very vanilla-ey. When I first opened the package and saw the little pyramid-shaped tea bags I was skeptical because it really did not look like there was enough tea in the bag to brew a cup of tea. But perhaps pyramid power worked its magic, because the tea brewed up tasty enough, even with a 12-ounce cup of water. This is a herbal tea so there is no caffeine. The tea tastes just fine once it cools and would probably make a great iced tea as well. However, I'm a hot tea fan, so I haven't tried this yet. There is no bitter aftertaste."
37193,amazon_tea,overseas,Amazon US,Tea,B003CK2BQG,5,,fabulous everything,"Stash teas are one of my favorites. The green and white tea is healthy and delicious- hot or cold. I enjoy a cup of hot tea in the morning, during the day relaxing in the evening. I keep a jug of iced green and white tea in the refrigerator year 'round."
70316,amazon_tea,overseas,Amazon US,Tea,B007I7Z3Z0,1,,Full Body Shake GROSS,"Wow! This stuff is full body shake GROSS!!!! It has a very unnatural gross sweetness and I can't even find words to describe the disgusting mango pineapple flavor. It sounded so good - two of my favorite flavors and I love tea, but I can't make myself drink another sip of this grossness. Wish I hadn't been roped in by the lightning deal. This is going in the trash. Save your money."
181969,amazon_tea,overseas,Amazon US,Tea,B0009F3POY,4,,Evaluate your entire lactation profile.,"First of all, I really don't like the flavor of black licorice, but the taste in this tea was not overpowering. I was able to drink it just fine. I was worried about making enough milk to feed my baby and to store for when I returned to work, so I started drinking this tea. I would brew a whole box, stick it in the fridge and sip glasses throughout the day. The box recommends that you drink 3-5 cups per day. So one box (16 bags) will last 3-5 days. I didn't notice a huge change in my milk supply with this product. I drank the tea for about 10 days before my midwife recommended I start fenugreek supplements. I tried fenugreek capsules as well as More Milk Special blend AND I upgraded to hospital grade pump. I noticed a significant increase in the number of dirty diapers my baby made when I started the supplements. However, I did not pump a lot of extra milk until I upgraded my pump. My point is that you really need to evaluate your overall lactation profile (I just made up that term, I don't know if anyone else calls it that.) I recommend the book ""The Breastfeeding Mother's Guide to Making More Milk"" by Diana West. It covers all the reasons you may not be making enough milk and many strategies on how to tackle your issues. I found it very comprehensive. The tea is not a bad option. I gave it 4 stars because the company doesn't make any promises about milk supply, it tastes alright and the price is right. If you just want a little boost or if you are sensitive to any sort of pharmaceutical (herbs are drugs too!) starting with this tea might be a good option for you. I really think you should also speak to a lactation consultant if you can. Or find a breastfeeding support group in your area. Happy nursing!!"
521335,amazon_tea,overseas,Amazon US,Tea,B007JFXWRC,4,,Pleasant berry taste with just a trace of vanilla,"Lipton's Blackberry Vanilla herbal tea comes in a cute little bag shaped like a pyramid. The flavors of blackberry and raspberry are a pleasant change from the norm, with the smallest trace of vanilla. I will use this product again. It's a very nice way to fill my teacup."
136004,amazon_tea,overseas,Amazon US,Tea,B005SPQENY,2,,Ummm sort of weird tasting and flecks of stuff in it..,"This wasn't for me. It was very sweet tasting and it had bits and flecks of aloe vera in it, which looks weird to me. I prefer a plain, non sweetened drink. Just my 2 cents."
521499,amazon_tea,overseas,Amazon US,Tea,B007JFXWRC,5,,Tasty tea!,"Love the pyramid shape bags and the little fruit pieces found within do provide a lot of flavor. A great tea, and a perfect way to relax on a cold day."
229991,amazon_tea,overseas,Amazon US,Tea,B000WB1YSE,5,,Green Tea,"I was quite pleased with all phases of the purchase through Amazon. The price was a key factor in choosing to buy from this seller. However, the delivery was made in a minimum amount of time and though I was a bit concerned with possible damage to the product during shipping (I had ordered six boxes of the tea), the item arrived in a well packed box in perfect condition. The tea is a new selection for us and we are very pleased with the quality of the product. Perfectly satisfied with the purchase through Amazon. It could not have been better handled."
222306,amazon_tea,overseas,Amazon US,Tea,B004E4CCSQ,2,,Bitter Aftertaste,"I love the packaging and idea behind this product, just not the flavor. I tried it in water with just a few drops and a bunch, but every time I got a lingering artificial sweetener bitterness. I will say that the squirt action on these bottles is very cool and works quite well for controlling the amount you add."
181944,amazon_tea,overseas,Amazon US,Tea,B0009F3POY,4,,I Really Like It As An Ice Tea,"I have been using this tea for around 2 years now and recently discovered that I really enjoy it as an iced tea. I brew up some concentrate (about 5 bags in a cup), then add the concentrate and additional cold water (to taste), chill, and then drink. When I'm ready for a glass I simply pour myself some and add a little sweetener if desired. My favorite is a little real maple syrup. Sometimes I struggle drinking enough fluid each day. I have found this to be a way that I readily drink enough and enjoy it. This in and of itself helps my lactation. A friend of mind who is a certified lactation consultant said that she often recommends this to women who are feeling ill and need to be sure they are drinking enough fluids to maintain a milk supply."
33934,amazon_tea,overseas,Amazon US,Tea,B00412W76S,4,,Hawthorne Berries,Received in good condition and in a timely manner. Great for relaxing the heart.
538306,amazon_tea,overseas,Amazon US,Tea,B0061IUIDY,4,,A mild Earl Grey,"This is a fairly mild Earl Grey, although it is an excellent black tea. When you open one of the individually-wrapped tea bags, you can clearly smell the bergamot oil -- it is quite pleasant. After steeping for about 3-4 minutes, the tea is very dark, but the bergamot remains somewhat subtle. Considering the great aroma when you open the package, I was hoping for more flavor. Regardless, it isn't a bitter tea and is quite smooth. 20 bags are in the box, each individually wrapped. The individual packets do a great job at preserving the product, because you can barely smell the bergamot oil through the packaging. The box is made of 100% recycled fiber, and the product is blended and packaged in Canada. Overall, a good tea, but I wished it was a little more ""Earl Grey""."
135993,amazon_tea,overseas,Amazon US,Tea,B005SPQENY,4,,Like,"I got my sample bottle of the Chantea in the mail today and drank it right out of the package. I thought it was good, so I know it would be even better chilled. It was fruity, but not too sweet, so it was truly refreshing. It did have little chunks of pulp that gave it some bite, but they were not overwhelming. It is currently a little over $2 a bottle, so it is priced competitively with other drinks of its kind. However, please be aware that this is not a diet drink, since it has approximately 120 calories per bottle (11.5 fluid ounces)."
538277,amazon_tea,overseas,Amazon US,Tea,B0061IUIDY,5,,Earl Grey...,"All Earl Grey tea's aren't created equal. I've always heard this but just recently experienced it. I've recently discovered I love all sorts of flavored teas..from loose leaf to quality bagged. So, when I rec'd this Earl Grey I was excited to try it. Full flavored tea that tastes a little like some lavender tea i've tasted recently. Guess I should add here that when I first brewed this tea I tasted it hot and can tell you it was just nasty to me. I brewed a little more and iced it.....wonderful tasting with just a little bit of sweetener. I traveled to Washington, DC this past week for a short vacation and happened to pick up some Bigelow Earl Grey for breakfast. It barely had any flavored compared to the Higgins and Burke brand. I'm quickly learning that all tea brands are different, just like people. Try this brand and you won't be disappointed."
33902,amazon_tea,overseas,Amazon US,Tea,B00412W76S,5,,This works!,I dont do this as much as i should becuase it makes you poop all day!!!! but its awesome for detox and sometimes it makes you nausous but other than that its good. tasts good
230091,amazon_tea,overseas,Amazon US,Tea,B000WB1YSE,3,,"Good green tea, but barely ""Matcha""","This is a good green tea, but only has a light sprinkling of matcha powder that you put in the tea after you have removed the tea bag. The tea bag is just normal green tea. For those looking for a pure matcha tea, than you would not like this. If just looking for a Japanese green tea, then this is fine. I got mine from Costco not from here, but same thing. Can't opine on the price."
538282,amazon_tea,overseas,Amazon US,Tea,B0061IUIDY,5,,Perfect tea!,"This Higgins & Burke Earl Grey tea is the perfect one for morning refreshment. It is full flavored, smooth, and delicious - plus it really perks me up to get ready for the day. I was told its a traditional English breakfast tea - don't know about that, but it sure is my favorite am tea!"
145758,amazon_tea,overseas,Amazon US,Tea,B003D4F1QS,1,,NO TASTE! TERRIBLE PRODUCT!!!,"I drink many types of teas, some hot and some cold. This tea claims to be ""orange spice"" but has NO TASTE AT ALL!!! I cut a tea bag open to examine the contents and I found NO SPICES, just black tea...This was a total waste of money. I will continue buying a different brand and this will go in the trash, literally!"
70056,amazon_tea,overseas,Amazon US,Tea,B007I7Z3Z0,5,,"*wishes for a candle in ""this"" scent* :)","Lipton To Go Stix Iced Green Tea Mix, Tea and Honey, Mango Pineapple, 10-Count In Summer, I like to re-hydrate with something extraordinarily sweet with a nice ""take-Me-away to a Tropical Island (because I deserve it) sorta thought provoking taste to it"". How about You? :) Lipton To Go Stix Iced Green Tea Mix, Tea and Honey, Mango Pineapple -- take anywhere -- make anywhere -- kind of modern convenience that blends with, just about, any lifestyle. just tear off the top, pour into a 16.9oz bottle of chilled water, put lid back on and shake-shake-shake. Dissolves almost instantly, nice color, pleasurable taste -- and, ahhhhh, Lipton To Go Stix Iced Green Tea Mix, Tea and Honey, Mango Pineapple smells soooooo Summer! :). *wishes for a candle in this scent* *Sips Lipton To Go Stix Iced Green Tea Mix, Tea and Honey, Mango Pineapple* -- Paradise! 'nuf said! :) Does this sound like your kind of refreshment? Off to buy More, before it is all gone! Highly Recommended! --Katharena Eiermann, 2012"
61963,amazon_tea,overseas,Amazon US,Tea,B000CQG8K8,5,,Excellent,"This tea is very hearty...definitely ""double"" in spicy, chai flavor! I recommend it to anyone who likes a stronger tea. And you can't beat the deal especially with the Prime program -- save a couple of dollars + free shipping! Add a little sweetner and cream and it really enhances the flavors!"
37259,amazon_tea,overseas,Amazon US,Tea,B003CK2BQG,4,,Pretty good,"I've had to cut back on coffee, and my doctor suggested I try green tea. I've tried many versions of green tea, and Stash Mangosteen is the most palatable I've found. I know...it's not coffee, but it smells wonderful and tastes pleasant."
37230,amazon_tea,overseas,Amazon US,Tea,B003CK2BQG,4,,Best Jasmine Green Tea so far,This is the best Jasmine Green Tea so far. I have tried a couple other brands but Stash comes out as the best.
43764,amazon_tea,overseas,Amazon US,Tea,B001EQ5JLE,5,,Pg Tips Tea,"This is the best tea in the world, and it is endorsed by some famous people in England and abroad. The taste of this tea both with milk and without stands out, and the longer you let the bag steep, the better the tea. You can use the same bag for about 3 cups, or you can let the bag remain in the cup invoke a new pleasure everytime you take a sip."
521414,amazon_tea,overseas,Amazon US,Tea,B007JFXWRC,2,,Bleh!,"I consider this a fail on all counts. - It doesn't really have much of a smell. - It tastes as much like tea as it looks like tea, which is not at all. It's an berry red color that would make an attractive blouse but is somewhat off putting in a tea. - It's like settling down with a warm cup of fruit flavored water. Unappealing. The longer I drank it, the less I liked it. I much preferred Lipton's Bavarian Wildberry tea."
181866,amazon_tea,overseas,Amazon US,Tea,B0009F3POY,1,,Didn't work for me,"I ordered this product and after a week of drinking it 3 times a day, I didn't notice a thing! It sucks bc now I am stuck with 5 unopened boxes of the tea. I do like the taste now espically with adding honey. I ordered the fenugreek and blessed thistle and I am producing much more now!! Hope this helps somebody"
37340,amazon_tea,overseas,Amazon US,Tea,B003CK2BQG,5,,Very mild green tea,"I am not a very big fan of green tea. I have always found the flavor to be a bit strong. I have had real Moroccan mint tea and found that to be a bit strong as well (in the mint direction). This tea was the perfect mild blend of both for me. And because it is all natural (no artificial or ""natural"" flavorings) I have been able to drink it every other day on my detox. Please Note: I did not purchase through Amazon. I purchased a box at Target. I would recommend trying it before investing in 6 boxes. I do plan to order this offer thru Amazon once my current box is depleted."
70159,amazon_tea,overseas,Amazon US,Tea,B007I7Z3Z0,4,,Very refreshing,"If you like ice tea and green tea and don't mind subtle flavors of blackberry & pomegranate & honey, then you will like this product. It is refreshing and just toned down enough that you can put it in your mountain bike water bottle and do a serious work out to be followed by an enjoyable re-hydration. I will definitely buy this product again."
521459,amazon_tea,overseas,Amazon US,Tea,B007JFXWRC,5,,Impress with strong berry taste,"This is my first time trying Lipton pyramid tea bags. The tea bags are triangle-shaped, and have a silky texture. The tea bags are big enough so that when you drop them into your cup of tea, you get more flavor out of the ingredients. It has a strong berry taste with just a hit of vanilla. If you love fruity teas, you'll love this tea!"
62057,amazon_tea,overseas,Amazon US,Tea,B000CQG8K8,5,,Excellent Tea,"Well, I am an Earl Grey Fan - I drink 1 cup a day. I have tried Earl Grey from Tazo, Twinings, Bigelow, etc but this one beats them in taste. The aftertaste is what makes the tea good. It has a smooth flavor - and I can taste that flavor with milk and sugar too."
222519,amazon_tea,overseas,Amazon US,Tea,B004E4CCSQ,2,,Not A Great Taste,"The concept is pretty cool. Customize the amount of flavor in your water. What's not to like? Maybe it is just the peach tea flavor, but I found that I just could not get a good balance. It is mostly peach flavored, but the tea portion means that in lower quantities, it has a weird lacking taste. In larger quantities, it is too overwhelming peach a artificial sweetener. I didn't enjoy this at all. I had hoped the kids would enjoy this flavor, but they didn't enjoy it either. Bummer. (The kids like to order water at restaurants and add drink mix to it since they don't like soft drinks very much. This just didn't do it for them.) I do like the little container. It is small and discreet. So, when you are adding it to a glass of water at a restaurant, it isn't like you're pulling out some giant container to use. I also didn't have any leaking issues (which I worried about) in my purse."
458664,amazon_tea,overseas,Amazon US,Tea,B000FFIL92,1,,"False advertising. Tiny pot and drab ""flowers"".","I bought this as a gift, I didn't realize that the pot would only be big enough for one small cup. Also, the pictures are nothing like the actual ""flowers"" which are drab and unimpressive. I was asked ""I hope you didn't pay too much for this thing?"". I think I did."
182012,amazon_tea,overseas,Amazon US,Tea,B0009F3POY,5,,"Good tasting, and generally effective","Mother's Milk Tea, by Traditional Medicinals, is a common drink of nursing moms wanting to maintain a healthy milk supply. The tea relies on the herbs fennel, aniseed, and coriander, believed to increase milk production. I like that Traditional Medicinals uses organic, vegan, non-GMO, pharmacopoeial-grade herbs (at least in the organic version of the tea, which is the only one that I have seen sold for some time now). To use the tea properly, it needs to be steeped, which can be a minor inconvenience, but necessary to get the full effect. The teabag should be added to 8 oz. of boiled water and steeped covered for 10 minutes. If you plan to drink a lot of medicinal teas like this, it's probably worth investing in a teacup with a cover - otherwise, covering the cup with a flat coaster, plate or saucer works just fine. Once uncovered, it will probably take between 5 and 20 minutes before it's cool enough to drink. I think the tea is really delicious, with the caveat, that in order to enjoy it, you must like the flavor of black licorice due to the aniseed. If you don't *like* licorice, you need to at least be able to tolerate it, or you'll never get this tea down! I drink it with nothing added, but it could also be lightly sweetened with some honey or agave nectar if it's too bitter for you. So the big question is...does it work? As with anything medicinal or herbal, in the western or eastern tradition, some things will work for some and not for others. I can tell you that I personally do see a direct effect from this tea. At the beginning, I would drink a cup and quickly notice the increase. As nursing has gone on, the effect is more subtle, but definitely noticeable. I drink one cup a night simply because I believe this is a healthy herbal preparation to support milk supply, and it supports my supply through night nursing. I usually increase that to two a day while menstruating, because my supply drops slightly during that time. When my baby is sick or going through some other increased nursing period, or if I cave in to an illness and take a decongestant, I will increase it to three or more. If you are having (or think you might be having) true milk supply issues, though, this tea alone will probably not have enough of an effect to correct the problem. Amazon's subscribe and save program offers as good a price as I have seen on it anywhere."
521383,amazon_tea,overseas,Amazon US,Tea,B007JFXWRC,5,,What can I say?,"What can I say? It's as simple as this. If you love a good cup of tea and you love flavored tea, you're going to go wild over blackberry vanilla. OK. One more thing. It's a secret only for tea lovers who don't mind the grit of tea leaves in their mouths. Tear open the bag and let the blackberry bits that cling to the tongue stay there. Now chew. (-:"
181819,amazon_tea,overseas,Amazon US,Tea,B0009F3POY,5,,Great for lactation,"I love this tea for helping bring in my milk after my babies are born. It also helps me get a little extra boost for when I need to pump more. Just remember to follow the directions, drink 3-5 cups a day, I do 5 cups for a couple days then go down to 3 cups to maintain."
230123,amazon_tea,overseas,Amazon US,Tea,B000WB1YSE,5,,"Very Green, Very Flavorful!","As someone trying to replace my coffee addiction with something healthier (but still caffeinated!), I was very pleased to find this product in my local Costco for fifteen dollars. I was somewhat skeptical, as I have always found green teas to be somewhat unremarkable, but this product is excellent. It is aromatic, flavorful, and makes me feel like I am ingesting something healthy! If you buy this tea, you will not be disappointed. If you do not live near a Costco, $23 is not a terrible price for this tea - that's only $0.23 a bag. Just don't forget to tap the remaining matcha in the packet onto your tea . . . it enhances the flavor of the product."
458741,amazon_tea,overseas,Amazon US,Tea,B000FFIL92,2,,expensive and disappointing,I bought this for my mother-in-law for Mother's Day. I was very excited for her to receive the Numi flowering tea set with bamboo basket because she is an avid tea drinker. _After_ ordering I was informed that this item was on backorder and would not arrive until the week following Mother's Day (May 13). It did not arrive until May 25th. I saw it this weekend and was very disappointed with the quality of the tea flowers (a big mushy ugly mess in the tiny teapot provided) and with the bamboo box it was sent in (very cheap). This was surprising to me considering how much I paid and the quality I associate with the Numi brand normally. Don't buy this if you're expecting a beautiful and lavish gift set. It's not.
458682,amazon_tea,overseas,Amazon US,Tea,B000FFIL92,2,,Good price and an okay product but cheap looking bamboo gift box,"Amazon has a good price on this product compare to other places. This tea set is allright, and the idea to have the flowering tea is kind of cool, (There are better tasting flowering tea in the market such as Harney & Sons.) however. the bamboo box that contain the tea set is poorly made. The orange paint on the box will come off on your fingers when you touch it, and you need to be careful not to get splinters when you are openning the box. If they can package it better it would have been a really cool gift. I originally bought it as Xmas gift to give to a friend, but the quality is not as good as my expectation so I decided to keep it. The flowering tea looks cool but don't expect too much on the taste. I wouldn't buy this product again."
145524,amazon_tea,overseas,Amazon US,Tea,B003D4F1QS,5,,Excellent,Tea has a very smooth and refreshing taste to it. One of the best teas I have had so far.
458669,amazon_tea,overseas,Amazon US,Tea,B000FFIL92,3,,Tiny tea pot!,"Bought this item as a gift, and I was disappointed to see how tiny the tea pot is. It's definitely a one-person pot. The gift box looks nice. Can't comment on the tea itself, however."
62085,amazon_tea,overseas,Amazon US,Tea,B000CQG8K8,5,,Double Earl Rocks!!!!!,I have tried many brands of Earl Gray tea and Stash is by far the best. I enjoy several cups a day.
62139,amazon_tea,overseas,Amazon US,Tea,B000CQG8K8,4,,"it's got double the spice, but. . .","the tea itself doesn't seem hearty enough to stand up to the spices. What I mean is that even after waiting the right amount of time for my cup to finish steeping, I have a cup of chai that's spicy but not really strong enough for me. I don't like stuff toxic; that's not the problem. I think perhaps this tea is just not meant to be very strong. It's got a great level of spiciness, however, and it smells wonderful as it's brewing. Stash Company--how about just a titch more black tea in each bag? :-)"
230012,amazon_tea,overseas,Amazon US,Tea,B000WB1YSE,4,,Good Japanese Green Tea,"I was pleasantly surprised by how good this Japanese green tea blend is. I feel that many of the negative reviewers are not familiar with Japanese green tea. Many of the American brands such as Lipton are not Japanese green tea. It is likely a blend of Indian and Chinese leaves that make a pale to dark yellowish brew. The taste is often slightly bitter with a cleaner aftertaste. Japanese matcha tea is milled under-processed tea leaves and makes a rich dark green brew. Depending on how you brew it, it can be quite hearty and has a sweet nutty flavor. The Kirland Signature Matcha Blend uses matcha powder along with sencha tea leaves. Sencha leaves are matured leaves and has a similar taste to common store brand green tea. The combination makes a slightly lighter, yet still rich dark green tea. The color is a transparent pea green. The taste is complex with notes of sweet grass and nuts. And it leaves a clean aftertaste. I won't give it 5 stars because of a few issues. The tea comes in individually sealed plastic packets. If you're not careful, the matcha powder goes all over the place. I'd recommend you open it away from your face over a sink. Also the sencha tea leaves are not very good quality as they have a lot of stems and non-leaf parts in it. The teabags do have a notched paper handle that wedges in the rim of your cup, but it has a tendency to fall in if you're not careful. One plus though is that it does not use staples. Overall, I feel this is an authentic green tea very similar to those served in Japanese restaurants. If you like that, then you will like this product."
222291,amazon_tea,overseas,Amazon US,Tea,B004E4CCSQ,1,,Not One of My Favorites,"I wanted to like MIO. The peach taste was disappointing. I tried more concentrated taste, which was only more disappointing; and less, which was faintly disappointing. Other members of my family also tried it, to see if it was just a taste thing I lack, and no one liked it enough to take a second sip. The flavor reminds me of the smell of a sweaty steam sauna."
33879,amazon_tea,overseas,Amazon US,Tea,B00412W76S,5,,Great Tea,Helped when I had a cold and soar throat and could not make it to the doctor-- I would purchase again
145860,amazon_tea,overseas,Amazon US,Tea,B003D4F1QS,1,,"review is for the misleading product presentation, not the product","This is not a comment about the tea, but the screwed up listing, the box shows regular tea, which is what I want, but the product features says it is DeCaf, please please fix this so we know for sure when we place an order, if it is decaf, I will be returning it. I tried to comment in other ways but there is only a wrong picture spot that doesn't give you anywhere to comment, just pick a answer and none apply, so I'm posting here in hopes that they can get their description fixed."
43860,amazon_tea,overseas,Amazon US,Tea,B001EQ5JLE,4,,Joyeuse,"When we were in London three years ago, I loved the tea I was served at a hotel breakfast. I asked the waitress what brand it was so that I could buy some and take it back home. She returned from the kitchen and said, ""It's just PG Tips."" I didn't have a chance to buy any before coming home, but did buy it from Amazon upon our return. Shortly after starting to drink it daily, my husband and I became very jittery. We mentioned it to our doctor who is British and she said, ""You can't drink that! It's too strong for Americans."" We continue to buy it from Amazon, in bulk, but now we use one teabag per teapot (3 to 4 cups) instead of one per cup, to cut down on caffeine. It's still good. And recently we purchased the decaf bags to have in the evening."
123151,amazon_tea,overseas,Amazon US,Tea,B000CQBZOW,2,,STASH LEMON GINGER TEA (CAFFEINE FREE),"I purchased due to one of the review saying this was much better than yoki tea,I feel this tea has a bitter taste and not much ginger,in fact I added ginger,which did not help the taste at all."
136025,amazon_tea,overseas,Amazon US,Tea,B005SPQENY,4,,Yummy!,"Natural passion fruit and yummy aloe vera taste. There is no ""tea"" taste but it tastes more like a juice drink. My kids love it!"
123220,amazon_tea,overseas,Amazon US,Tea,B000CQBZOW,5,,The best tasting hibiscus tea!,"My local grocery store didn't carry it anymore and due to the large amounts of coffee I drink, I like to detox from time to time using this tea. The hibiscus is great for your kidneys. The flavor is great hot or cold. If you are wondering what this tastes like, if you have tried Starbucks' ""Berry Berry Hibiscus"" drink and liked it then you will like this also as the flavor is quite similar. The price is very reasonable, it cost the same as the grocery store including shipping. Definitely will continue to purchase here @ Amazon!"
70156,amazon_tea,overseas,Amazon US,Tea,B007I7Z3Z0,3,,Tastes good!,"This looks like a ""good for you"" product, what with the honey and green tea and acai and all, but I was disappointed to find sucralose (artificial sweetener) on the ingredients list. I love the convenience of having a tube of powder to pour into my water bottle and shake... and I did like the taste, but I probably won't be buying more because of the sucralose."
222350,amazon_tea,overseas,Amazon US,Tea,B004E4CCSQ,4,,LOVE the flavors!,"I am addicted to these...we keep a cooler of water bottles in the SUV at all times now and we have at least (5) MIO flavors at all times... they are a little pricier on Amazon compared to our grocery store but I have these on re-order and the convenience factor wins out. The Peach Tea, Strawberry Watermelon and Mango Peach are favorites, while the Sweet Tea is the least enjoyable. These really help me get my water intake up and reduce my sodas as I get bored of the water taste."
70231,amazon_tea,overseas,Amazon US,Tea,B007I7Z3Z0,5,,Delicious and Not Overly Sweet,"Lipton's To Go Stix Iced Green Tea Mix in Blackberry Pomegranate is a delicious addition to a bottle of water. Initially in cold water, the mixture clumps up if not shaken well, but it eventually disolves completely. The flavors complement each other well, the sweetness of blackberry tempered by the tartness of pomegranate. Lipton's product is much more flavorful than some of the Crystal Light varieties I have tried. I would definitely buy this product and try some of the other flavors."
521333,amazon_tea,overseas,Amazon US,Tea,B007JFXWRC,5,,Lipton Blackberry Vanilla Tea,"The blackberry vanilla tea has a nice aroma and a great taste. I can taste the berry and a hint of the berry. Also, makes a great iced tea. Caffeine- free means I can enjoy in the evenings. Also not that the ingredients include rosehips, hibiscus flowers, blackberry leaves, dried blackberry and raspberry pieces. It comes in a triangle-shape mesh bag, so you can see the ingredients. Very enjoyable."
181941,amazon_tea,overseas,Amazon US,Tea,B0009F3POY,1,,Does not work,"DO NOT WASTE YOUR TIME OR MONEY. This did not work and it was gross. I tried it for a week with no results. I was very disappointed. I then started eating oatmeal (my Dr. recommended it) and it increased my supply a little. If you are going to try it, by the single box. I really think this is another way for someone to make money off nursing mothers. Godd luck =)"
62062,amazon_tea,overseas,Amazon US,Tea,B000CQG8K8,1,,Not like other Earl Greys--in a bad way,"I love Earl Grey tea. I dislike this. The bergamot is some weird essence very different from others I have had, and I do not enjoy it at all. Kind of too fruity and flowery, and not woodsy and sophisticated. My office mate said it smelled like whisky and Southern Comfort added to tea. Not what I was looking for."
441835,amazon_tea,overseas,Amazon US,Tea,B004E4HUMY,2,,Hope you're not wearing white,"Got this stuff because the wife was interested in it. BLUF, don't bother with it. The directions say to use a few drops per xx ounces and I couldn't even taste it when I did that. The second time I tried squeezing some into my glass it shot out at about a 45 degree angle all over my counter, narrowly missing my shirt sleeve. FAIL! After suiting up into a rubber protective suit and goggles, I managed to direct some of the liquid fun into my cup finally and it was a mediocre letdown. I don't know what the people have been drinking that gave this stuff good reviews, but I rate it one step above pond water."
145788,amazon_tea,overseas,Amazon US,Tea,B003D4F1QS,1,,Terrible tasting tea; also contains citric acid,"Unfortunately, I found this tea to have a simply awful taste. I did not mind the box haphazardly-crammed full of 100 tea envelopes, but the tea itself has a nasty bitter taste--I have used lots of different kinds of ginger teas, so I believe I know how ginger tea should taste. I was surprised to find that one of the ingredients is citric acid, though I don't understand why they would include that ingredient in an herbal tea."
230128,amazon_tea,overseas,Amazon US,Tea,B000WB1YSE,2,,I've never had Matcha before but I didn't really care for this tea,"Someone told me I should start drinking green tea because it's good for you. So I tried some Bigelow Green Tea which I thought tasted very good and kinda gave me a little lift. Then I read an article about how the matcha green tea was supposed to be even healthier for you so I thought I would try the Kirkland brand especially since it had so many good reviews. Well, I didn't like the taste of it as much as I did the Bigelow. It's not bad, I just prefer the taste of the other green tea better. Getting through this box and then going back to the Bigelow. I didn't feel any different as far as I can tell other than I didn't feel that little lift. And I figure might as well drink what I like. Maybe the matcha is better for you, maybe it does taste better than regular green tea to green tea connoisseurs, maybe I have weird tastebuds, I just prefer the Bigelow."
70114,amazon_tea,overseas,Amazon US,Tea,B007I7Z3Z0,2,,Very artificial,"I was so excited to get this through the Vine program as it sounded delicious. I love nearly all drinks that contain blackberry or pomegranate so I thought this would be a home run. What a disappointment! I cannot even describe the taste aside from to say it is very artificial. The clean crisp natural taste that was expected never occurred throughout the two packages that I drank. The smell was even artificial. In fact when I first smelled it, I nearly dumped it down the drain. It also took some time and a lot of shaking for all of the particles to dissolve into the water. I did not enjoy this product and will probably not buy or even finish the remaining in the package that I have."
62156,amazon_tea,overseas,Amazon US,Tea,B000CQG8K8,1,,worst tea in the world,How this tea could get any stars is beyond me. I tried one bag and could not taste anything...you got it nothing. So next I used two bags in a cup to see if that improved the taste...still no taste. At my age I will not waste time on useless things so I gave the rest of my order to a friend who also enjoys Earl Grey Tea without my comment. The next day she asked if I wanted my tea back saying it was the worse tea ever!!! I will bet they do not publish this review but hope they will. Do not buy this tea.
136094,amazon_tea,overseas,Amazon US,Tea,B005SPQENY,5,,Yummy!,"I really like the taste of this tea. It contains bits of aloe vera pulp, which is quite a nice change from the standard tea drinks. I found it very refreshing and somewhat filling, almost like a snack. The fruit and tea flavors have just the right mix combination so that one doesn't overpower the other. It's a little on the pricey side, but as I've mentioned, this could be used as a healthy snack substitution. One bottle contains 18 grams of carbs, 17 grams of sugar and 25 mg of sodium, as well as 40% of the minimum daily Vitamin C value. It's a healthier alternative to candy or soda, and I recommend that you give it a try."
441868,amazon_tea,overseas,Amazon US,Tea,B004E4HUMY,1,,YUCK! NOT SWEET! NOT SWEET TEA -- Just light citrus flavor and hint of tea. Do not expect any real tea flavor.,"This is just plain awful. It tastes like you went to a self serve bar in buffet and filled you cup with 1 tea to 3 waters. It has a slight hint of citrus / lemon flavor, and you have to stretch your taste bud imagination to even get a hint of tea. Even after putting 10 of the MIO it still had hardly any tea taste. We much prefer the mango MIO Liquid Peach Tea, 1.62-Ounce, (Pack of 4) OR MIO Mango Peach, 1.62 Ounce (Pack of 4)"
222455,amazon_tea,overseas,Amazon US,Tea,B004E4CCSQ,5,,Yummy!,"We came across these at our local grocery store. We grabbed a bottle of the fruit punch and tried it and before long we have tried every flavor! Mango Peach is my favorite flavor out of all of them, but each one is exceptionally good!"
538421,amazon_tea,overseas,Amazon US,Tea,B0061IUIDY,3,,"Not bad, but not great either - bags have staples","I've tried the Earl Grey from the same company, and wasn't impressed. The same goes for the English Breakfast Tea. This tea is not very robust. Perhaps this is just a personal preference, but I prefer a bolder tea, such as from Kusmi Tea. . . but it's a lot more expensive. It should also be noted that these teabags have staples, if that is of a concern."
145599,amazon_tea,overseas,Amazon US,Tea,B003D4F1QS,2,,not much flavor,"I was pretty happy when I found a decaf chai tea. However, the flavor intensity of this tea is very weak. Even when steeped for several minutes in boiling water."
62146,amazon_tea,overseas,Amazon US,Tea,B000CQG8K8,1,,Cinnamon Water.,"My mom gave me a box of this a few years ago and I had just recently gotten around to trying it. It was excellent. I bought another box and the second I opened the first packet I could smell that they had changed the recipe. Checking the back of the two boxes confirmed it. Cinnamon is about all I taste when I drink it, although the aftertaste has a hint of clove. Pretty expensive for something that tastes mixed by a child."
70019,amazon_tea,overseas,Amazon US,Tea,B007I7Z3Z0,4,,Tastes like Strawberry Kool-Aid,"This completely reminds me of Kool-Aid. Pretty sweet, no particular green tea taste. I appreciate that I can have something this sweet and refreshing without a ton of calories or caffeine. The granules take forever to dissolve so it is best used in a water bottle you can shake rather than a glass you have to stir. I notice they've added a pitcher sized pack to the single serve lines which I assume would be more cost effective."
458481,amazon_tea,overseas,Amazon US,Tea,B000FFIL92,2,,Not what I expected,"I bought this product partly because I love tea and mostly because I had high hopes for re-using the bamboo box pictured on the website. The informational material that seems to be ""gorilla glued"" to the front/sides of the box does not come off easily so there are unsightly patches of paper once you pry off the outer wrapper. Maybe they should have used ""elephant snot"" or a rubbery type of glue that actually comes off. While the flowering teas are visually stunning & different, I disagree with the claim that each one makes 3 pots. Are they talking about the small/flimsy pot that comes with the teas (which does not hold more than 8 oz)? That doesn't constitute a pot of tea to me. I tried making a 2nd pot (16 oz) & it turned out to be so weak as to be undrinkable. Also, even with looking at the provided photo ""legend"" of each tea, it is still hard to distinguish some teas from another. I enjoyed the 2 black teas, but mostly was unimpressed with the flavors of the green & white teas. This was not what I expected & given the chance, I would not re-purchase this in the future. Such a disappointment."
230037,amazon_tea,overseas,Amazon US,Tea,B000WB1YSE,2,,All packaging and tea bags are plastic,"This green tea is decent, however, every single tea bag is in its own plastic pouch. Further, the tea bags themselves are nylon, which they claim enhances the tea somehow. All of this non-bio-degradable packaging is unnecessary, so you end up tossing everything in the trash can rather than the compost bin. Next time I'm trying Harney and Sons Japanese Sencha, which I hear is pretty good with a much smaller carbon footprint."
458549,amazon_tea,overseas,Amazon US,Tea,B000FFIL92,2,,Not so good,"I give 2 stars for a great bamboo box,but so far the tea is not drinkable. Also without labels you don't know if you pour hot water on delicate green tea leaves or boiling water on the black leaves. I wouldn't buy it again. This review is for Numi Tea Bamboo Flowering Tea Gift Set Frustration-Free Packaging I got this gift box of Nami flowering tea leaves for Christmas. Sat down to my first cup this morning. No labels on the flowers so I decided to choose the darkest leaves as it might be the best morning tea. After pouring water over it a horrible smell came off of it. I had to pour it down the sink."
230103,amazon_tea,overseas,Amazon US,Tea,B000WB1YSE,4,,People are just confused,"This kirkland imported tea from japan is good. But do note it is more like green tea leaf tea and not ""matcha"" like it tries to state on the label, it is more like a hybrid of both. Real matcha tea is green tea leafs pounded into a fine powder and is quite expensive for good quality. There is nothing wrong with green tea leafs but matcha will have more nutritional value since it is powdered and drank in full while your just extracting from green tea leafs."
521384,amazon_tea,overseas,Amazon US,Tea,B007JFXWRC,5,,This Will Be a Guilty Pleasure for Me From Now On,"When I first ordered this, I really didn't think it would taste that good. Vanilla and Blackberry sounded really weird. The big surprise was that the vanilla didn't overwhelm the blackberry, and the whole flavor was well blended, like blackberry with only a hint of vanilla. If you've ever eaten wild blackberries after they've been freshly picked, then you know exactly what this tastes like: sweet on the front, with a slightly tart taste at the end. The best part is that you don't even need sugar to enjoy this and get the full effect of the flavors. It tastes so wonderful without it. I'll definitely buy this product in the future, and I'll mix it with my green tea so I get the healthy of green tea and the sweet flavor of this. I highly recommend this product. It is so delicious, you'll forget that it's low cal/no cal and just enjoy."
222391,amazon_tea,overseas,Amazon US,Tea,B004E4CCSQ,1,,"Convenience, Convenience, Convenience !","If one likes a drink that comes across as having been made in a junior high chemistry lab, is packaged such that--to get to use it--all the info is stripped away and destroyed, and that is inferior on the palate by far to even KoolAid or Sunny Delight, then this product might prove (marginally) desirable. But, if only convenience matters as to storage and application, however, it is outstanding !"
123172,amazon_tea,overseas,Amazon US,Tea,B000CQBZOW,5,,Best Mint Tea I Have Ever Had,"This is my 'go to' tea out of all the tea brands and flavors I have tried. I average two of these tea bags at my office every day. I particularly like the fresh blend in Stash brand and I think this particular brand makes superior mint tea over other fancy tea brands. My husband and I each have a box in our separate offices and a box at home at all times. Yes, it really is that good- just try it and you'll see what I mean. On a related note- we have tried the Moroccan Mint bags and the Premium Peppermint is much better."
62044,amazon_tea,overseas,Amazon US,Tea,B000CQG8K8,4,,Spice tea + International French Vanilla = Yummy,"I didn't like the tea by itself or with just cream and honey. After adding Maxwell House International Coffee French Vanilla to this tea, it was delicious! It tasted like a 5 dollar cup from the coffee houses. Yummy"
458627,amazon_tea,overseas,Amazon US,Tea,B000FFIL92,2,,Looks so much better than it is.,"So, the tea didn't taste bad, and the box is adorable, but the ""flowers"" were mostly just brown crap and aren't at all like the photographs. The idea was interesting, but the actual product, not so much."
222283,amazon_tea,overseas,Amazon US,Tea,B004E4CCSQ,1,,Bad after-taste,"Okay, I really wanted to like this product. I tried and tried, but hated it every time, no matter how much or little I used in my water. Love the concept - a small container that travels easily and has very little packaging, but that just doesn't make up for an unpleasant taste! I found it very hard to measure a consistent amount, because it doesn't ""drip"" out (thereby you could at least count the drips). You have to squeeze it, and guess how much you are putting in. And each squeeze delivers a different amount. Very annoying. I have used competing products on a regular basis (the powdered stuff that comes in single packets), and since I enjoy almost any brand of those, I figured I would probably like this stuff. Wrong. This product has an ""off"" taste, and leaves a very bad aftertaste in your mouth. It's a very ""chemical"" taste, and just not enjoyable. In fact, it made me nauseous most of the time. It was so bad, I ended up throwing this away before finishing the bottle. They get one star for clever packaging and clever concept."
123082,amazon_tea,overseas,Amazon US,Tea,B000CQBZOW,5,,My Favorite Herbal Tea,Been using this tea for over a year. Tastes great. I sometimes have trouble with indigestion and heart burn. This tea definitely seems to help a lot. And I really like the savings and convenience of Amazon.com's Subscribe & Save.
458494,amazon_tea,overseas,Amazon US,Tea,B000FFIL92,4,,Numi Bamboo Flowering Tea Gift Set,Very nicely packaged. An attractice gift. Numi's teas generaly taste good though I have not yet tried the flowering tea.
222333,amazon_tea,overseas,Amazon US,Tea,B004E4CCSQ,5,,I love these little things!,"I find that something with some flavor quenches my thirst better and motivates me to drink more. So I always carry the sticks of powdered flavoring or the True Lemon packets. These, however, don't have to dissolve, which is a problem with some of the powders, especially if you have ice in the beverage. Some of the Mios taste great, like this one, and some not so great (like the mango) but they're all convenient. I think perhaps I don't like the ones that have too strong a Splenda taste, which I've never liked. The peach tea seems to hide it better. I tend to make mine with a lot less flavoring than recommended and this one lends a nice light flavor. One word of caution: if you like to carry the little bottles in a bag or purse put it in a ziploc. I've had them come open and get that highly colored liquid all over!"
70329,amazon_tea,overseas,Amazon US,Tea,B007I7Z3Z0,3,,Do not use as directed. This product needs diluted.,"First I want to say that one packet is way too much for 8oz of water. I used 2 packets with 2-quarts of water and this brings a nice, light flavor that does not taste artificial. Using one packet in a bottle of water would make me choke. Second, don't put these packets into your purse or bag. The starter cut that allows for easy opening of the package is too deep. I had taken the box to work with me. When I realized I needed to mix the powder in greater quantity, I put three packets into my work bag. Between leaving the office and arriving home (with the majority of the trip the bag sat on the passenger seat of my car), all three were open and I had powder everywhere. Lastly, the powder does not completely dissolve, even mixing with more water. It could be that vigorous shaking of the product in a water bottle would help dissolve better than a spoon in a glass pitcher, but I would expect it to eventually dissolve either way, and this is not the case. Overall, the taste is good but only if you dilute it tremendously. I was reading another review regarding the sweeteners and there are some excellent points to contemplate in that review. I'm not even going to discuss what is on the label. I'm just basing my opinion off my direct experience. My rating is a 3-star. Had I used as directed, it would probably be a 1-star."
145581,amazon_tea,overseas,Amazon US,Tea,B003D4F1QS,4,,"Great, subtle tasting jasmine green tea","Taste is very personal, but I do enjoy this jasmine green tea. I've found the taste to be more subtle than some other brands I've tried, but it is still very pleasant. If you like a stronger tea, this might not be for you. The jasmine has a wonderful aroma and is not overpowering at all."
181986,amazon_tea,overseas,Amazon US,Tea,B0009F3POY,5,,This tea has helped SO much!,"I started drinking this tea a few weeks ago when my daughter was about 4 weeks old. I was worried about my supply. She was fussy (especially in the evening, which I know is normal, but she seemed very hungry). I went to a lactation consultant when she was 2 weeks old and found out she had a tongue-tie. We went to an ENT and got her tongue clipped, but she didn't seem to really learn to nurse correctly and I think she still wasn't drinking enough. At four weeks I was getting more worried. A friend heard about this tea from a lactation consultant and recommend this as well as pumping several times a day after feedings to stimulate more production. I think both the tea and pumping were very helpful. Now my daughter is 6 weeks and starting to look a bit chubby (so cute!). She is much less fussy too. I am pumping only after her 4 AM feed (so just once a day now) because I get extra milk then for my freezer stash. I borrowed a hospital grade scale from a friend and did test weights before and after feedings for the past 24 hours. My daughter drank 24 ounces in 22 hours and I pumped 2 extra ounces for the freezer. I think this is fairly normal for a six week old, but I am so, so happy because this is much more milk than I was making just 2 weeks ago! I think this tea may also be helping my milk ejection. My daughter eats so much more quickly now. In about 15 minutes she takes 3 or 4 ounces. Weeks ago I did a test weight and she had drunk only .5 ounces in 40 mins. It is so nice that she is nursing faster! In short, I highly recommend this tea. I love the licorise taste and feel it was a major component in increasing my milk supply!"
70342,amazon_tea,overseas,Amazon US,Tea,B007I7Z3Z0,2,,This one is NOT all that good,"We were happy to see a flavor of instant tea from Lipton that didn't have aspartame in it. Mind you, this tea has THREE sweeteners in it - really? Did it really need so much? I vote a resounding NO. Lipton at least didn't load this one up with aspartame, which is a shocker, but they did use plenty of other sweeteners, then added SUCRALOSE too. Too much. Way too much. The honey adds a really pleasant smooth taste to the tea. Most of us at our house like pomegranate and love blackberries, so thought how bad could it really be? Answer - BAD. This tea is more like kool-aid than flavored tea. The color is a medium pinkish red, not anything like tea and more like kool-aid. The taste is overly fruity, with hardly any tea taste at all. We tried adding some other instant plain tea to it, and it helped somewhat so the box was not a total loss. Would we buy it again? Nope, not this one. What could have been a healthy, refreshing tea drink ended up being more of a glass of kool-aid instead. We'll pass."
123109,amazon_tea,overseas,Amazon US,Tea,B000CQBZOW,4,,Finally!,I've asked for this flavor in three local groceries...no luck! It's delicious...best hot after steeping for a full 5 minutes. Thanks!
123175,amazon_tea,overseas,Amazon US,Tea,B000CQBZOW,4,,Nice tea,"I have been drinking this tea for some time. I happen to like Chamomile teas they are very a mild, I do not like teas that are to strong. One bag is enough or me I can put it in a cup of hot water and leave the bag in without worrying if it was to get too strong like other teas do. Adding just a little raw honey enhances the flavor also. I enjoy this tea before I go to bed and it has a very soothing and the warmth of the liquid allows me to slip into a nice sleep. I like the convenience of a foil package, I can carry one or two with me when I go out to lunch with friends, I just order a cup of hot water and slip this tea into it. I have on occasion I have put this is a cup with some fresh ginger and it makes a totally different tea, and he ginger helps sooth the tummy while the Chamomile tends to relax you. Doesn't get much better than this."
37267,amazon_tea,overseas,Amazon US,Tea,B003CK2BQG,4,,Great Tea,"I recently dropped coffee for tea. I bought some Moroccan mint to compliment my Stash double bergamot. The Moroccan mint wasn't exactly what I thought it would be. It tastes almost exactly like spearmint. It isn't very strong either. I guess I like super strong teas (being a black coffee drinker). Either way, it is a great tea. Definitely recommend it."
123194,amazon_tea,overseas,Amazon US,Tea,B000CQBZOW,4,,Tatsteh Tea,"This tea is really tasty...I wasn't even a tea person until tasting this, and once I did, I was hooked. The flavor is light and super-refreshing but you can still taste and smell the mint. The only reason why I took off one star is because I tend to like things that taste strongly, and this one is a little bit delicate for me. To remedy that, I either steep it with hibiscus or black tea, or I steep it at double strength and all is well. Putting it with honey and stevia also tastes great, and makes me feel better when I have colds. I love this tea!"
70121,amazon_tea,overseas,Amazon US,Tea,B007I7Z3Z0,2,,sucralose = yuck,"I tried both this flavor and the pomegranate version and while both were unpleasant, at least this one is somewhat tolerable. By initial appearances, this looks like it could be very good. Sweetened by honey - good, natural - good, but then take a look at the actual ingredients. Not much natural about this. Sure honey is one of the ingredients, but so is sucralose. I know plenty of people are fine with this or use it as a substitute for sugar for dietary reasons, but I can't stand the stuff. Of course tastes vary between any two people and you may enjoy this, but be aware that it does contain artificial sweeteners if that is not what you are looking for."
70306,amazon_tea,overseas,Amazon US,Tea,B007I7Z3Z0,1,,"Doesn't taste like Tea, Honey, Pomegranate or anything else natural","This is false advertising at its worse. This taste like a chemically infused berry sugar drink made not with real sugar, but with sucralose (diet sugar). Left a metallic tinge in my mouth."
43762,amazon_tea,overseas,Amazon US,Tea,B001EQ5JLE,5,,Superb tea,"While it doesn't quite have the strength of British Typhoo tea, PG Tips makes superb iced-tea. Ted"
70035,amazon_tea,overseas,Amazon US,Tea,B007I7Z3Z0,3,,More like Kool-Aid than tea,"I love the concept of a mixture in a small packet form that you can add to water in order to transform the taste. I know many companies have embraced this idea and have branched out from juices to coffee and I think it is a good direction to take. A few of these packets in the side pocket of my bag provides a convenient way to have my own beverage when I want it without the danger of a flask or a bottle spilling on your stuff. This concept I give 5 stars and will gladly purchase more in the future. However, as far as taste goes Lipton has sold out to the sugary sweet guys. Lipton's Iced Green Tea Mix really is more like Kool-Aid fruit punch. For my tasting preference, a 20 oz bottle of water is not enough water for one of these packets. I ended up using half of a packet for 20 oz of water. Using more water with the packet brings out the tea in the drink which is normally hidden by the sugar sweetness in the 20oz water. If Lipton calms down the sweetness level in the packet I would definitely purchase again. It isn't very practical to use only half of the package per beverage."
181960,amazon_tea,overseas,Amazon US,Tea,B0009F3POY,5,,Doubled my milk supply!,"After hearing so many wonderful things about Mothers Milk Tea I decided to try it after my 3rd daughter was born. I started by drinking only 2 cups a day(one in the morning, and one right before bed) In only a few days I was able to pump 8-10 oz of milk a day besides nursing my daughter every 2 hrs. I wasn't sure if it was really the tea because I had started taking it the day after she was born, so I stopped using it for several days. My milk supply dropped and I was only able to pump 2 oz of milk. I started taking the tea again and am once again pumping 8-10 oz a day. Well worth the money!!"
33894,amazon_tea,overseas,Amazon US,Tea,B00412W76S,4,,It is better than I expected,I really recommend this product. It is well packaged and protected. Also it smells and taste better than I expected!
230108,amazon_tea,overseas,Amazon US,Tea,B000WB1YSE,5,,Best green tea!,"I tried all sorts of different green tea. I usually drink 4-5 cups a day. When I got this one at [...], I thought the taste was too strong and added a few lemon drops. I got so addicted to it and like it so much, that I ran out of it and no other green tea seems to be a good substitute. Definitely the best green tea around (and great price too!)."
37242,amazon_tea,overseas,Amazon US,Tea,B003CK2BQG,5,,Unique blend. Highly recommend it.,"A buddy of mine got me hooked on this blend while deployed to Afghanistan, and I was glad to find it on Amazon at such a good price. It is about $3.00 cheaper per 120 count on amazon vs the Stash product website!"
222292,amazon_tea,overseas,Amazon US,Tea,B004E4CCSQ,1,,Terrible!,"To quote my husband, ""It never tasted like tea. It just tasted bad."" I don't know what more to say than that. My husband and kids both like the packets of peach tea mix that you can add to 20 oz bottles of water to make a tea-like drink. I thought the MIO liquid would be a nice way to provide the same type of drink. It wasn't. It was horrible. I do not recommend it at all. Yuk. Even when we added more, trying to make it taste less like weakly flavored water and more like tea, it just got worse and worse. Do not waste your money."
37329,amazon_tea,overseas,Amazon US,Tea,B003CK2BQG,4,,Yum!,The Moroccan Mint Green Tea by Stash is simply delightful. I generally enjoy 1-3 cups a day (considering I have six boxes to consume) and each one is delicious. The mint and lemongrass keep the tea from being too astringent.
145683,amazon_tea,overseas,Amazon US,Tea,B003D4F1QS,3,,tea review,This tea smells wonderful but I think it needs to be made very strong to get the taste.It helps to add some sweetener. It was not as rich in taste as I had hoped for.
33882,amazon_tea,overseas,Amazon US,Tea,B00412W76S,2,,I liked it at first...,"The first box I ever bought was good. The tea, to me, tasted better cold than hot so I would make an ice tea of it and refrigerate it until I wanted it. The last few boxes I bought, however, were awful. I would boil the water and steep it and the tea would make this oily film over the top. It would just float and wasn't tasty to drink. I know sometimes plants have oils in them but this was excessive and killed the flavor. Not buying this brand again."
181891,amazon_tea,overseas,Amazon US,Tea,B0009F3POY,5,,increases milk supply,"it works. helps to keep prolactin level up, and increases milk supply. it's best when taken 3-4 times a day."
441776,amazon_tea,overseas,Amazon US,Tea,B004E4HUMY,3,,"Flavor fine, user-friendliness fine","I also recently tried the peach variety of this Mio water enhancer. As with that one, I felt I had to do two squeezes here to really get some flavor. And you do have to stir -- the liquid is not going to automatically dissipate in the water. Not bad things, just observations. But hey, it's a tiny little package that will flavor up to 24 glasses of water, so that's convenient. As far as the taste, it's definitely sweet tea coming through. I never knew what sweet tea was before moving to the South, having been a huge fan of straight (unsweetened) hot tea all my life. But this flavor is fine and reminds me a bit of the instant tea mixes like Nestea. At two squeezes, it's lightly sweet, not overly sweet."
43750,amazon_tea,overseas,Amazon US,Tea,B001EQ5JLE,5,,the best tea in the world,PG Tips is the best tea in the world. I usually find it in local stores but the prices have gone up recently and this bulk packaging is much more affordable in the long run. Thank you!!!
61989,amazon_tea,overseas,Amazon US,Tea,B000CQG8K8,2,,Too much cinnamon!,This cinnamon flavor in this tea is overwhelming. It really hides any tea taste. Would not buy it again.
538349,amazon_tea,overseas,Amazon US,Tea,B0061IUIDY,5,,Worthy of Jean Luc Picard,"I'm big on organic and all natural teas from manufacturers that are environmentally friendly and free trade approved. Higgins & Burke serve an all natural tea and do a good job environmentally - 100% recycled (55% post consumer packaging), and are certified from the Ethical Tea Partnership, Rainforest Alliance, OCIA, US Organics and have Kosher certification (according to their website). So check, check, check and check. Great pedigree but how about the taste? This Earl Grey is a mild mix that tastes clean and crisp. A very good tea for sipping while unwinding at home (or on the star ship Enterprise.) I think I could go with some brands at the local market that are less expensive but compared to the organic section at local markets this is a very good value as the cheapest I've found good all natural teas in this quantity would be closer to thirty-five bucks. Overall, this is a good tea from a socially responsible company at a very good price. Recommended."
441863,amazon_tea,overseas,Amazon US,Tea,B004E4HUMY,2,,Cough Syrup,"This is the second MiO product I've used. I haven't considered either with the highest regards but they do make a convenient emergency beverage enhancer. MiO comes in hadny 1.62 ounce packs, easy to carry and simple to use. If you're thirsty but don't feel like drinking plain old boring water then just give MiO a squirt. A quick shot for a little splash of flavor or a long squeeze for a stronger flavor. The problem is that a small dose of MiO Sweet Tea tastes like murky water. And a strong dose tastes like cough syrup. There are much better MiO products than Sweet Tea. If you can get past the taste though MiO is a really great product. Easy and convenient, you can get plenty out of each container. It's better than carrying around a bunch of those Crystal Light singles packets for sure."
538222,amazon_tea,overseas,Amazon US,Tea,B0061IUIDY,5,,"Spicy Chai, not from Oregon","This chai tea focuses on spices such as clove, cinnamon and cardamom rather than the sweet sugary stuff you get from a box. This strong black tea is a strong and powerful representation of traditional Indian spices. Some palates might find so much flavor off putting. I tried it both hot and iced, with sweetener and without and all combinations were tasty, though some sugar and milk really brings out the flavors well. A great do it yourself and versatile beverage solution"
70347,amazon_tea,overseas,Amazon US,Tea,B007I7Z3Z0,2,,Simultaneously bland and artificial tasting,"I find that these travel-sized ""flavor enhancers"" are a mixed bag. Some, such as ""Mio"" Sweet Tea and ""Vitamin Squeeze Energy Drink, Fruit Punch"" are pretty good for what they are. However, most are just either bland or too artificial-tasting for my palate. Unfortunately, ""Lipton To Go Stix Iced Green Tea Mix, Tea and Honey, Blackberry Pomegranate"", falls into the latter category, somehow managing to taste bland and artificial-tasting, all in one felled swoop. In all, there are far better drink alternatives out there. Avoid."
70358,amazon_tea,overseas,Amazon US,Tea,B007I7Z3Z0,3,,OK - But I would Not Go Out Of My Way For It,"Lipton To Go Stix Iced Green Tea Mix is convenient and refreshing. One ""stick"" makes 16 oz of iced tea when mixed with water. (Note, the nutrition information shown on the package is for 8 oz, so you need to double the nutritional values if you consume the whole beverage.) The tea crystals do not dissolve easily, it will take some time to do it right. The flavor is variable, from sweet to sour to bitter at times. The sweeteners include honey, sugar and suclarose (Splenda.) Blackberry and pomegranate is an odd combination, but is not too bad. The packets are small and easy to carry around with you. If you like, you can just dissolve a packet into a 16 oz container of bottled water on the go. It is an ok drink, but I wouldn't go out of my way to find it."
123230,amazon_tea,overseas,Amazon US,Tea,B000CQBZOW,5,,Flyboy Cessna,"I had a hard time finding the tea I had purchased in the past at my local market. They had stopped carring the flavor of tea I like eventhough they still carried Stash Tea products. So I went on the internet and was directed to Amazon and found it right away. Not only that, the pricing was very competitive and I received delivery including freight and handleing cheaper than I could purchase the tea at the market. By the way Wild Rasberry Hibiscus is a very good flavor if anyone wants to be adventersome and try it."
538279,amazon_tea,overseas,Amazon US,Tea,B0061IUIDY,5,,Deliciously addictive!,"I've been a tea drinker for about 30 years... I love tea. And although I have been a professional tea blender, and I know my Darjeeling from my Assam, I'm not one of those hoity-toity tea purists who just won't touch it if it tippy golden flowery orange pekoe, or worse, mixed with flavorings (you heathens!). No, I am more the kind of tea lover who thrives on Earl Grey and Orange Spice, and will drink Red Rose if that's what's around, because it's better than no tea at all. This chai is delightful. It has just the right balance of tea-ness and spice-ness, with just a hint of bite. I can taste cinnamon, cardamom, and I think black pepper, and it goes so perfectly with sugar and milk that I'm restraining myself from a third cup because I don't want to set off my arrhythmia. I could drink this all day. It definitely goes on my list of ""yes"" teas."
33993,amazon_tea,overseas,Amazon US,Tea,B00412W76S,5,,nice flavor,"I have a friend who is a dandelion warrior. Everytime she see's one, she pounces and that plant is history. As a little joke, I ordered and sent her the tea. To my surprise, she reported that she actually liked it, mentioning it had a rather nice smooth flavor. Although that has not stopped her from still being a dandelion ninja, I give it 5 start just knowing that if she liked it - it HAS to be good!"
37317,amazon_tea,overseas,Amazon US,Tea,B003CK2BQG,1,,overpowering lemon grass,"This tea sounded great. I lived in the middle east and love the real moroccan mint tea. The real tea includes spearmint and green tea only. Honey is typically added. In this case all you can taste is lemon grass and the only hint of mint is peppermint, not spearmint. I really regret buying a whole case of this stuff. I would highly recommend buying Twinnings green tea with mint. It doesn't have ""Moroccan mint"" as a title, but it is a lot closer to the original namesake. Stash has a little bit of false advertising going on here. It should really be called lemon grass green tea with a picture of lemon grass on the box. It is anything but Moroccan."
70307,amazon_tea,overseas,Amazon US,Tea,B007I7Z3Z0,1,,Totally UNnatural!,"I can't write a review of this product because I cannot use it. I got it thinking it was a natural alternative to the mixes with aspartame or high fructose corn syrup...but no. This product (as a couple other reviewers have stated) has sucralose in it. If I drink or eat products with sucralose in them, I get migraines. So I can't even taste it to tell you how it tastes. When a product description says ""naturally sweetened with honey"" And the second ingredient IS honey, WHY why why why throw in an artificial sweetner? That's like adding peach flavour to a slice of peach. Why make something that IS healthy, unhealthy and more expensive to produce by adding unnecessary ingredients? Depending on how you feel about Stevia, try the True Orange/True Lemon products...or enjoy your plain water :-) That's the way I'm going to go."
145520,amazon_tea,overseas,Amazon US,Tea,B003D4F1QS,4,,Pleasant,"This is a pleasant tea that is perfect for a relaxing cup during the day. Some Earl greys come on strong, but this is mellow and just what I was looking for."
43770,amazon_tea,overseas,Amazon US,Tea,B001EQ5JLE,5,,Defines Britishness,This is the only way that I've found to have decent (IMO) tea in the US. A pint mug ensures the correct dosage :) (although my Doctor doesn't agree).
70259,amazon_tea,overseas,Amazon US,Tea,B007I7Z3Z0,5,,Lipton To Go Stix,"Delicious! I love the Lipton To Go Stix and now I think the tea and honey, mango pineapple is my favorite. It's so convenient to take of few of these with me at work or when I'm traveling. And, I'm not ashamed to admit that I've even taken this into a restaurant with me, ordered a glass of water, and had a delicious tea with my meal for much less than I would pay for one of their drinks."
145563,amazon_tea,overseas,Amazon US,Tea,B003D4F1QS,4,,Tea for Me,"This tea has a smooth, delicious and delicate flavor. This in conjunction with the health benefits of a green tea."
181938,amazon_tea,overseas,Amazon US,Tea,B0009F3POY,3,,"It's Ok... Not for ""nosey"" people :)","I understand that the product does not guarantee increase in milk production, that is why I can't complain that it did not or helped in any way. It has a very strong herbal fragrance, which my coworkers weren't crazy about. So, if you have a sensitive nose, you will probably have a hard time consuming it."
37205,amazon_tea,overseas,Amazon US,Tea,B003CK2BQG,5,,No Bitter Taste like Other Green Teas,"My first impression of Stash's green chai tea is that it isn't bitter like other green teas. The spices are also mild. This tea contains green tea, cinnamon, ginger root, allspice, nutmeg, cinnamon flavor, clove bud oil and cardamom oil. I normally would not add milk to a green tea but adding two tablespoons of nonfat milk powder and a packet of stevia makes this tea perfectly soothing. If you don't like tea overly spicy this will appeal to you. I think it tastes better than a lot of chai teas made with black tea leaves. ~The Rebecca Review"
123135,amazon_tea,overseas,Amazon US,Tea,B000CQBZOW,4,,Disappointed with Amazon's policy,Price dropped by $5 in matter of 2 days. Item didn't even arrive but Amazon refused to price match. Disappointed with policy but tea itself is good.
230021,amazon_tea,overseas,Amazon US,Tea,B000WB1YSE,4,,Green Tea,Green tea is healthier than regular Lipton tea thats why I bought it. If im going to drink tea why not drink a healthy tea.
222272,amazon_tea,overseas,Amazon US,Tea,B004E4CCSQ,2,,No side effects yet,"A few drops of MiO caused the water in my glass to turn brownish red. I tasted it. A somewhat pleasant bitter-sweet, vaguely hinting at Crème Brûlée or maybe just burned sugar. I forced myself to finish the glass and, 24 hours later there were no side effects other than some mild aftertaste that slowly faded away and changed into more bitter and less sweet. I must disclose that I haven't submitted myself to a thorough medical exam yet. My review sample had a sticky label over the contents disclosure but patience goes a long way. This is what I learned after I removed the sticky: this product contains mostly... nothing. 0 calories, 0% fat, 0% sodium, 0% carbs, 0% protein. It has no or only trace amounts of cholesterol, fiber, saturated fat, transfats, Vitamin C, Calcium or Iron. Then... what is this tea made of? According to the ingredients list, the main ingredient besides 'water' is Propylene Glycol. It's worth checking it out on the Wiki because it's a very useful chemical. They have a long list of good uses there including as a: solvent used in mixing photographic chemicals, working fluid in hydraulic presses, the main ingredient in deodorant sticks, the killing and preserving agent in pitfall traps and to capture ground beetles, cooling agent for beer and wine glycol jacketed fermentation tanks and so many other useful activities such as to regulate humidity in a cigar humidor. All of this is great because, like I said, one day later I'm still okay and smell like a rose or... Crème Brûlée? - the deodorant effect- but... where's the tea? I am going to grant this product 2 stars because, after I consumed it in moderation (one glass) it did not make me sick."
222392,amazon_tea,overseas,Amazon US,Tea,B004E4CCSQ,1,,Not for me,I absolutely love peach tea. My favorite is diet peach by Snapple so I was very excited to try the MIO Luiquid Peach Tea but I did not like the product at all. I usually drink 4-6 16oz bottles of water each day so I thought the compact size of the MIO would be good to keep in my purse for when I wanted a change to my routine. The size and convenience was the only positive of this product. The directions specify 1 squirt per 8oz. The first time I tried the product with a 16oz water bottle I gave the flavoring two healthy squirts and the result tasted like cough medicine. Blech! I poured water out and watered that disaster down and managed to finish the rest of the water. On my next try I started out with a teeny tiny squirt and worked my way up to a decent flavoring but it still had a bad aftertaste that just didn't work for my tastes. I'll stick to plain old water or Snapple when I need a peachy fix.
61954,amazon_tea,overseas,Amazon US,Tea,B000CQG8K8,5,,Delicious!,"Everytime I brew this in the office, co-workers come up to me asking what smells sooooo good! This is really a very nice tea!"
37210,amazon_tea,overseas,Amazon US,Tea,B003CK2BQG,3,,Mint?,"This is the first STASH tea I will not purchase again. I won't be giving it away or toss it out to get rid of, but . . where is the mint!? Very, very mild mint flavor. With Moroccan Mint clearly plastered on the box, I really expected more flavor."
145738,amazon_tea,overseas,Amazon US,Tea,B003D4F1QS,5,,My favorite tea,"This is my favorite breakfast tea and my local store had discontinued selling it. Imagine my great pleasure at finding it for sale on Amazon and at a very reasonable price. The packaging is generic, but I keep mine in a canister so it doesn't matter."
136074,amazon_tea,overseas,Amazon US,Tea,B005SPQENY,3,,"Taste good, but has strange lumps of stuff (aloe?) in it","Tastes good, sweet, but not overly so. The lumps of aloe pieces are a bit strange though, soft & kind of mushy - not my favorite part. Tastes great otherwise. I think it would be far better without the pieces of aloe in it - would be better if blended into the drink. Sweetened with cane sugar, so not as bad as some drinks with beet or other sugars. 22 carbs per bottle & 28g of sodium, so not good for those sensitive to sodium. It would be better if they dropped the sodium & got rid of the lumps of aloe."
521370,amazon_tea,overseas,Amazon US,Tea,B007JFXWRC,4,,like swallowing late summer,This tea is delicious. It's much like drinking liquid late summer with the fragrance and subtle flavors blending in such a delightful experience. I'm reminded of the blackberries I used to pick as a child that hovered around the edges of a field not far from where I grew up. The pungent aromas with the light suggestion of vanilla are wonderful. I'm sure I'll devour the few tea bags in no time and my one hope is to be able to find this delectable drink on the shelves of my local grocery.
145590,amazon_tea,overseas,Amazon US,Tea,B003D4F1QS,3,,It's OK,The tea is ok. It isn't very strong; I want to love Stash teas yet they are very weak in flavor. One has to use extra tea bags to make the taste come out right. Why oh why can't they get the flavor right? I want to love this tea yet I cannot because the amount of tea in each bag is so weak!
62149,amazon_tea,overseas,Amazon US,Tea,B000CQG8K8,5,,Delicious tea,"This is one my favorite black teas. It isn't sweet or too spicy like many orange teas, which is why I like it so much. We moved from Oregon to Pennsylvania and I couldn't find it in my local grocery stores, so I was happy i could order it online."
123131,amazon_tea,overseas,Amazon US,Tea,B000CQBZOW,3,,Good Tea,Tea was very good with a mild hint of mango. Rather expensive compared to other brands. Also made iced tea with the tea bags and it was very refreshing. The Passionfruit with the Mango is a great combination
458501,amazon_tea,overseas,Amazon US,Tea,B000FFIL92,2,,More packaging than gift,"Flowering tea is a nice gift idea, so I bought five of these based on the ratings here. Big mistake. What you get is a cheaply made, garish box that is stuffed with a lot of cardboard shred. This all comes packed inside an outer cardboard box. Somewhere in the middle of all this cheesy packaging is a Dollar Store quality glass teapot and a small box of flowering tea. I am embarassed to give this as a gift. I took the tea out of the box and put it in a small gift bag. I will recycle as much of the pile of packaging junk as possible. A complete waste of money and even though it is mostly packaging, Amazon calls it ""grocery"" and I cannot return it. Please don't waste your money on this one."
181908,amazon_tea,overseas,Amazon US,Tea,B0009F3POY,5,,It works!,"This is my second child, and I didn't produce well for the first one, so I'd pretty much resigned myself to minimal milk production and the theory that anything was better than nothing. I was pumping at work three times a day and taking home about 9 ounces of milk total (and at that, it's more than I'd managed with the first child) when I caught a cold, and my production started to dwindle again, even though I wasn't taking any drugs. Frustrated but unwilling to wean my baby at only 2 months old, I started taking this tea in the hope that it would at least sustain my current level of production. Because it's a little on the expensive side (I was buying it locally at the full retail price) I only drank 3 cups a day. (It recommends 3-5.) A week later, with my cold only just starting to clear up, I was taking home almost 12 ounces of milk. Another week and a half later, I'm catching another cold (the downside of having 2 kids in daycare...) but I'm taking home a solid 14-15 ounces of milk every day. This tea is the ONLY THING I have done differently -- no other supplements or dietary changes, no changes in feeding or pumping schedules -- so I know for sure it's the tea that's doing it! I don't know where its effectiveness will level out, or if my production will continue to stay elevated if I stop drinking the tea, but at this point, I'm just thrilled with the short term results!"
62067,amazon_tea,overseas,Amazon US,Tea,B000CQG8K8,3,,Why Different Packaging?,"Oddly, the tea bag wrappers are paper instead of the usual foil used for the very same Stash tea when purchased in the supermarket. We assume that this will have a negative bearing on tea leaf freshness."
123158,amazon_tea,overseas,Amazon US,Tea,B000CQBZOW,5,,This Tea is a Must Try,"The flavors of this tea are spicy, rich and complex, but nothing stands out too strong screaming ""this spice is overwhelming."" When preparing ensure your water is sufficently heated and that you streep the tea for a minimum of 5-10 minutes."
458705,amazon_tea,overseas,Amazon US,Tea,B000FFIL92,3,,Poor packaging,"The tea seems fine, although I have not had a chance to try it yet. The teapot is also lovely and adorable. The problem I had was with the box. Some of the parts weren't finished (the coloring of the wood) and then, when I took off the picture on the front, there were dead bugs underneath it. There were also dead bugs where the paper had been glued. Moreover, the glue would not come off, at all. For the price, the tea and the teapot were an good deal, but for someone like me who's scared of bugs.. it was a bit of a shock. I realize that many people had perfectly good boxes and no bugs, so I most have just got a bad one."
441826,amazon_tea,overseas,Amazon US,Tea,B004E4HUMY,5,,"Refreshing, clean, dulcet","This is a great treat for those of us who are not disciplined at drinking as much water as we should. With just a short squirt, you can change plain water to a refreshing, clean, dulcet drink. A little bit is all you need so even a small bottle goes a long way."
441770,amazon_tea,overseas,Amazon US,Tea,B004E4HUMY,4,,Convenient and tasty...,I don't use these all the time but they are handy to have around when you just want something a little different. Impact is mostly psychological since it's really just food color and artificial flavors/sweetners. But the squeeze bottle puts it ahead of the powders by several steps. No mess or empty pouches to deal with. I'll continue to keep these around.
123191,amazon_tea,overseas,Amazon US,Tea,B000CQBZOW,1,,TERRIBLE TASTE,"I was excited about receiving decaf tea, but it tastes absolutely horrible! I can't even drink a full cup of it, I tried making it several different ways, but it is not good at all. Just donated the unopened boxes of it to a food kitchen, I hope someone there enjoys it. I love all different kinds of tea, but this was the worst I've ever had!"
222419,amazon_tea,overseas,Amazon US,Tea,B004E4CCSQ,1,,Eh . . . Peach Tea In A Squeeze Bottle . . .,"I was hoping to like this, at least a little bit. Essentially, its a small squeeze bottle you can carry in your pocket and squeeze into water to flavor it. It does flavor water well, but the flavor is just not appealing. Here's what I don't like about this product: * NOT TEA. I get the peach flavor, but zero tea flavor. I guess it has some born food coloring. * Way too sweet. If you want flavoring like this for your water, you could get the same effect carrying around Kool-Aid mix in a plastic ziplock. * Look at the ingredients. Nothing real. 0% juice. If you really, really need to drink your water flavored and you happen to need it to come out of your pocket and you like overdone artificial sweeteners, this is the product for you. I don't get it . . . it's concentrated Kool-Aid in a squeeze bottle."
538362,amazon_tea,overseas,Amazon US,Tea,B0061IUIDY,2,,There are better brands out there,"I'm a huge fan of tea and drink a LOT of it. This is the first time I tried Higgins & Burke brand and have to say that I've never heard of it before. English Breakfast Tea is probably my second favorite packaged tea to drink (Earl Grey being my first choice), but most brands I've tried are usually pretty similar. Not so with this brand. The aroma didn't seem as rich and flavor seemed somehow ""off"" to me, but I couldn't quite put my finger on what I didn't like until I read one of the other reviews here on Amazon and the reviewer described it as ""musky."" That's about as accurate a description as I can think of. I like my tea strong (leaving the bag to steep the entire time I'm drinking it) and do not add sweetener or cream or lemon. After trying the first cup, I knew that I'd have to add something so on my second mug I added a bit of sweetener and it helped take the musky edge off, but it still wasn't what I consider a flavorful English Breakfast blend. If you're a fan of traditional English Breakfast Tea I would recommend Twinings English Breakfast Tea, Tea Bags, 50-Count Boxes (Pack of 6) , The Republic of Tea, British Breakfast Tea, 50-Count , or even Tazo Awake Black Tea, 24-Count Tea Bags (Pack of 6) over the Higgins & Burke brand."
145746,amazon_tea,overseas,Amazon US,Tea,B003D4F1QS,3,,Kinda Disapointed,I've had Stash English breakfast Tea several times. But it has been about two years now since I had it so I ordered 100 from Amazon. I don't know if I got a bad batch but the tea don't seem as good as it use to be. It tastes only a tiny bit better than say Tetley or Lipton. I remember it to be far superior. I just don't know. It's not stale because the expiration date is the end of 2014. I wish I picked another brand.
37250,amazon_tea,overseas,Amazon US,Tea,B003CK2BQG,5,,tea has nice mild flavor,"this tea has a nice mild flavor as a hot tea. I have not yet tried it as an iced tea. I have not tried any other brand of this kind of tea, but am satisfied enough with this one."
538320,amazon_tea,overseas,Amazon US,Tea,B0061IUIDY,4,,Excellent Tea,"I have been drinking more and more tea lately, as I have been trying to cut back on coffee. One of the things I have noticed is that it seems like more and more brands of tea are getting ""weaker"". I don't know if they are going to cheaper tea leaves, or are using less leaves per tea bag, but in many brands I have had to go to two tea bags per cup of tea. I was pleasantly surprised that this Higgins and Burke Earl Grey led to a robust, flavorful cup of tea with one bag. I make tea using RO (reverse osmosis) water. 99.99% of a cup of tea is water, so for good tea you must begin with good water. I only use RO water in making tea. I steeped the tea for four minutes and then removed the bag. The cup of tea was most excellent, and you could detect the Bergamot, which is the key part of Earl Grey. I often drink Twinings Earl Grey, but between the two, I must say that I prefer the Higgins & Burke."
222385,amazon_tea,overseas,Amazon US,Tea,B004E4CCSQ,2,,Unpleasant flavor,"I tried three glasses of this and each one was worse. Followed the instructions; even tried adding a little extra to see if it would improve, nothing helped. Has a bitterness to it and leaves a very unpleasant after-taste. Hard to identify the flavor as peach tea; though does smell like it. I really liked the idea of the little squeeze container for my purse; no little pouches to tear open then dispose of. That is the best thing about this particular product."
458699,amazon_tea,overseas,Amazon US,Tea,B000FFIL92,5,,Loved it!,"Perfect gift at a perfect price! Visually this tea is wonderful, and it also TASTES GOOD! I Highly recommend for tea lovers, and great for hard to buy people on your list."
43916,amazon_tea,overseas,Amazon US,Tea,B001EQ5JLE,5,,Great taste,I liked the taste of the tea better then the normal brand I drink. Only takes eight tea bags to make a gallon of ice tea.
70236,amazon_tea,overseas,Amazon US,Tea,B007I7Z3Z0,1,,Bring back the mandarin and mango,This new honey pineapple mango is awful. The worst tasting powdered tea mix I have ever had. I guess I will have to go back to plain iced tea because I threw this stuff out. I loved the Green Tea TO GO mandarin and mango but it has been discontinued by Lipton and replaced with this terrible tasting stuff. I won't even waste my money trying the other new flavors.
145462,amazon_tea,overseas,Amazon US,Tea,B003D4F1QS,5,,Not To Worry,"This was a very good purchase. Practical, economical, fast delivery, sparse packaging but the product is the most important item"
123088,amazon_tea,overseas,Amazon US,Tea,B000CQBZOW,5,,Why is this tea not famous and widely available?,"You used to be able to find Stash Licorice at major grocery stores, and I'm baffled as to why it has disappeared from shelves and can only be found online. It's the only herbal tea I've found that is naturally sweet so you don't have to add sugar or sweeteners. The aroma is heavenly and as an added bonus, it acts as an appetite suppressant (at least for me) because when you're inhaling that scent your palate doesn't crave anything else. Great as an after-dinner/before-bed drink."
34046,amazon_tea,overseas,Amazon US,Tea,B00412W76S,4,,Sage Tea helps with night sweats,"I have one cup a day and it really decreases my night sweats. I'm in amazement at how much it helps! The taste isn't great, but I don't think it's as bad as some other reviews have said. If you're concerned about the taste, you can use some sage from your spice cabinet and make a cup. It tastes pretty much the same, but it didn't seem cost effective to use the sage you buy in the spice aisle."
458545,amazon_tea,overseas,Amazon US,Tea,B000FFIL92,4,,very nice tea,"A great opportunity to test out different teas that please your pallet. This set of tea would make a really nice gift to yourself or to others and the neat part is that you can buy additional, individual teas without buying the whole set again.. If you like exotic flowers and tea you will love this. I bought this set as a gift for my mother in law cause we both enjoy tea. We tried the jade jewel first and it was wonderful. The flower was very pretty and the tea itself was very relaxing. Now I have to buy one for me to try."
123164,amazon_tea,overseas,Amazon US,Tea,B000CQBZOW,4,,Another Good Stash Tea,"Another good Stash tea. Very pleasant, light flavor with minimal aftertaste (sometimes use two bags to get stronger taste) that's especially good for upset stomach. Really impressed with shipping speed - from ordering to my door in less than 24 hours!"
61974,amazon_tea,overseas,Amazon US,Tea,B000CQG8K8,5,,Very Chai!,"Wonderful smell and taste! I have regular and decaf both, each very good. Pronounced black tea + spices..far from a light green tea!"
181847,amazon_tea,overseas,Amazon US,Tea,B0009F3POY,5,,It really does work!,"When I first starting breastfeeding my daughter I struggled with low supply due to her poor latch. My Lactation Consultant recommended I try this, and literally a day later she could tell a huge difference in my supply. It was amazing. 13 months later I am still breastfeeding and drinking 4 cups of this tea a day. I honestly can tell that my supply goes down on days that I dont drink my tea (we go on a day trip, forget to brew it, etc). Just a suggestion... I make all 4 of my glasses of tea in the morning and reheat them throughout the day. When you first brew them, cover your cups with something (not papery - I use tupperwear covers). It keeps some really awesome natural oils from evaporating with the steam. :)"
145744,amazon_tea,overseas,Amazon US,Tea,B003D4F1QS,2,,not minty or chocolate like reviews said,"We purchased after reading reviews expected tea to taste possibly like a peppermint patty, no such luck very mild hint of the mint and chocolate. Dissappointed, considering sending remaining quantity back."
33892,amazon_tea,overseas,Amazon US,Tea,B00412W76S,4,,I like the taste,"For me the tea has light taste, I drink it once a day for about 2 months, hoping to have better hair and nails (after seeing it on Dr.Oz). So far, I haven't seen the result, yet, but I'm hopeful."
538436,amazon_tea,overseas,Amazon US,Tea,B0061IUIDY,4,,"Good Black Tea, but there are stronger choices","I'm a tea drinker. I do not drink coffee. I like my tea dark, black and with lots of sweet notes and plenty of caffeine. I don't even use general store brands like Lipton, etc, they have no flavor in my view. This Higgins and Burke tea is good, but I had to use 2 teabags in my cup. Just not strong enough, even though the flavor was excellent. I prefer Taylors of Harrogate Pure Assam Tea . I only need one bag per 16oz cup. I use my Keurig and Ekobrew Refillable K-Cup . Just place your tea bag into the reusable cup, run Keurig for 2 8oz cycles and you have the most perfect cup of tea imaginable."
33988,amazon_tea,overseas,Amazon US,Tea,B00412W76S,5,,Good!,This is a really good tea. I am drinking it during my pregnancy to tone the uterus. Very good taste!
62064,amazon_tea,overseas,Amazon US,Tea,B000CQG8K8,1,,Doesn't even compare to other Earl Grey Teas,"This is a weak, bad, imitation of an Earl Grey tea. Even Bigelow Earl Grey is better, but Twinings is the best. Stash teas in general are weak and not that good, I especially dislike all the tea grounds in the bottom of my cup with Stash teas."
521470,amazon_tea,overseas,Amazon US,Tea,B007JFXWRC,3,,"Okay, but I think would be better cold!","I'm new to the hot tea party but open to try new ones so when I saw this on Amazon Vine, I decided to give it a go. Mostly because I've been intrigued by the pyramid tea bags for what feels like forever. The tea bag itself is actually made out of a type of plastic. It wasn't a mesh bag like I expected it to be. Cool concept. Steeping time didn't take as long as it usually does with a mesh bag so I appreciated that. Also clean up wasn't as messy. Pull the bag out, let it drain for a few seconds and toss. Didn't have to squeeze it out or wait for a long period of time like with my other tea's. The tea itself is a nice red color. Reminds me of red jello almost. The scent to match! You can immediately smell the bits of raspberry and blackberry in the tea. It smells tarty, tarty enough to make your mouth water. I decided to sweeten mine with sugar instead of honey for once and while it made the tea little bit sweeter, I still was unable to pick up the vanilla flavor. Like, at all! Overall, I was pretty pleased with this tea. The flavor is a good amount of strong and it was tarty. But I think because I'm much more use to herbal tea's I didn't enjoy this as much as the ones I usually drink. I feel like this would be much more enjoyable if were made cold instead of hot since it's both fruity and tarty. I was really disappointed to not be able to taste the vanilla flavor. I think that would had made a fantastic addition to the taste of this tea."
230077,amazon_tea,overseas,Amazon US,Tea,B000WB1YSE,4,,Nice,"I like this green tea. It is placed in special polyester tea bag, which makes brewing easy. The Kirkland logo should be enough guarantee for quality, at least for me (I am Big fan of Costco.)"
538411,amazon_tea,overseas,Amazon US,Tea,B0061IUIDY,4,,Nice Tasting Tea,"I must admit that I am hardly a connoisseur of teas. You don't drink tea on a frequent basis, either in iced or hot fashion. I do drink it on occasion during the winter as a warming beverage on a cold day, but it is not by me frequently. My wife, on the other hand, drinks a significant amount of tea, both in iced and hot forms. When I drink this tea, it tasted like every other bag tea that I have ever tasted. I didn't particularly notice any difference between it and the other brands that I have bought over the years. My wife, however, tasted it and mentioned that it did not have the bitter aftertaste that some of the cheaper bagged teas have. Since she doesn't drink tea with anything other than a light touch of lemon, I suspect her taste is much more refined than mine. I am a milk and sugar type tea drinker. To me this is a fine tea for those who drink tea and would be a good addition to the pantry. It is more costly than standard store brand teas, but if my wife is correct and there is no bitter aftertaste, then it would be a worthwhile investment."
145787,amazon_tea,overseas,Amazon US,Tea,B003D4F1QS,4,,Stash Tea,"I could not find it in the grocery store so ordered from Amazon. I gave it as a Christmas present to my grandniece, who had requested it. It was a very big box of 100 bags. I have not used the product myself."
43763,amazon_tea,overseas,Amazon US,Tea,B001EQ5JLE,5,,Best Black Tea,"We discovered PG tips on our honeymoon to England. It is the best black tea I've had. I used to drink Lipton or Red Rose every day. Now, if I run out of PG, I skip my tea for the day."
123217,amazon_tea,overseas,Amazon US,Tea,B000CQBZOW,3,,Yumberry .... miss Wild Blackcurrant,"It seems that this Yumberry Blackcurrat tea may have replaced the Wild Blackcurrent tea. The Yumberry Blackcurrant is good, bur not as flavorful or have the bold fruity taste of the Wild Blackcurrant."
135961,amazon_tea,overseas,Amazon US,Tea,B005SPQENY,1,,Disgusting,"I feel bad writing a completely negative review, but there was nothing that I liked about this drink. The liquid portion was overly sweet (and I have a powerful sweet tooth, so it takes a lot to surpass my limit of acceptable sweetness), but that might have been alright if the drink had been smooth. The vile part of this beverage, though, is that it has chunks of pulp floating throughout it, so you have to strain it through your teeth. When I was a teenager, I bought a couple of bottles of a soft drink called Orbitz because it looked cool - it was an overly sweet liquid with tiny gummy spheres floating throughout, and after the cool factor wore off, I never bought another bottle. This Chantea has almost exactly the same effect on me - from the outside, it looks cool, like an ordinary trendy healthy beverage, but the experience of drinking it is almost nauseating. I do not recommend it to anyone."
37194,amazon_tea,overseas,Amazon US,Tea,B003CK2BQG,5,,best morning tea ever,"I made the switch from coffee to tea last year, then the switch from black to green this year, now I'm waffling between this Mojito MInt and the Jasmine tea. Each have just the right amount of caffeine, and a bright, floral flavor. Delicious!"
441947,amazon_tea,overseas,Amazon US,Tea,B004E4HUMY,4,,It's good but it needs lemon,"This is really good for what it is, a concentrate of sweet tea. I enjoyed the flavor and the fact that you can make your beverage as strong or weak as you like it based on how you feel. I just wished it had a little lemon taste to it as well. Although I have to admit with ice and a lemon slice, it is very good."
70309,amazon_tea,overseas,Amazon US,Tea,B007I7Z3Z0,2,,Lipton To Go Stix Iced Green Tea Mix,"After just two sips of this mix and I had to toss it out. It was too sweet and left a bad taste in my mouth. As well, there was more sweet cloying taste to me then tea. I really cannot add much that other reviewers have not already stated. This stuff is nasty and I do not recommend it to anyone."
37343,amazon_tea,overseas,Amazon US,Tea,B003CK2BQG,5,,Tea for a Rainy Afternoon,"I'm trying to drink more green tea because it is so good for you. I'm trying all the Stash green teas one after the other. This one is a favorite as it had a strong Pomegranate and Raspberry flavor I love. By mixing these flavors in with green tea it makes green tea less bitter. The ingredients in this tea include: green tea, chamomile, hibiscus, orange peel, pomegranate flavor, raspberry flavor and Japanese matcha. A perfect tea with honey on a rainy afternoon. ~The Rebecca Review"
222522,amazon_tea,overseas,Amazon US,Tea,B004E4CCSQ,5,,Just Peachy MIO Peach Tea,"Since the first time I tried the MiO liquid water enhancement products, I've tried other flavors: Berry Pomegranate, Strawberry Watermelon and now PeachTea. I like how fast and easy it is to use these. I've gotten used to filling my water bottle at work squeezing the bottle for a second, and then presto, it's ready to drink. I have one in my desk there, and one I carry in my lunch box. They are a convenient size, caffeine free and full of flavor. All the flavors are equally good, and the Peach Tea is a welcome addition to this family."
43899,amazon_tea,overseas,Amazon US,Tea,B001EQ5JLE,5,,Love this tea,"This is my favorite tea. My local Wegmans doesn't appear to be carrying this anymore so I had to find another place to get it. I need my ""PG tea fix"" after dinner! I signed up for auto delivery which saves me money on shipping and I don't have to worry about having to re-order. Thanks Amazon for carrying items like PG."
441913,amazon_tea,overseas,Amazon US,Tea,B004E4HUMY,2,,liquid water enhancer,"This liquid water enhancer doesn't really taste much like sweet tea to me. If you really want sweetened iced tea without calories, it'd be far better (and cheaper) to make the real stuff and just add a packet of splenda, which is the sweetener in this MIO product. However, if you just want a quick convenient no-calorie flavor added to water, and you don't really care if it tastes like real tea, this will do. I thought it was too sweet in the concentration they suggest, but if I add less, it tastes diluted. You'll have to play with it to get the concentration you like."
123212,amazon_tea,overseas,Amazon US,Tea,B000CQBZOW,4,,A Good Sharp Tea,I bought this to compliment my growing Stash Tea collection at the office. Like my friends they expected a sharp lemon taste with this tea however upon trying it you notice the ginger seems to have the stronger taste. I like the tea though - it is a strong tea (former black coffee drinker here) if you let it sit for awhile. Definitely recommend.
441768,amazon_tea,overseas,Amazon US,Tea,B004E4HUMY,5,,Great Taste!,"I've had instant and canned teas in the past and was less than impressed with those products, so I was hoping for something better with the MiO Sweet Tea. At first I got the mixture wrong-- I put 1 tsp into 8 ounces of water. There was too much of a citrus-like after taste, and of course the flavor in general was too strong. Once I got the mixture right (use 1/2 tsp for every 8oz), my opinion changed. The flavor is great, and I love it! The 24 servings of this product were gone in no time, as I made 16 ounce servings frequently. I imagine the liquid would easily stain clothing, so be careful as you squirt it out, but otherwise I have no reservations in recommending this."
222492,amazon_tea,overseas,Amazon US,Tea,B004E4CCSQ,5,,"Anytime you want peach tea, use this little guy(or girl.)","MIO provides a great water enhancer when peach tea is not available. A small size means you can take it with you almost anywhere tap water is available. Use a little or as much as you want. MIO uses artificial sweetener, so it has no calories."
62090,amazon_tea,overseas,Amazon US,Tea,B000CQG8K8,5,,Most Fragrant Tea on the Market Today,"To properly prepare this tea you can follow these instructions: 1. Required items: Kettle Teapot Water Teabag 2. Procedure: Boil Water in Kettle (24 Oz) Scald Teapot with Water (8 Oz) Swirl Water in Teapot (Be careful the water is boiling hot, do not pour or splash on self) Discard Scald Water Place Teabag in Teapot Pour Boiling Water (16 Oz) in Teapot Cover Teapot Steep (10 Minutes) 3 Serve: Delicious with or without sugar"
43894,amazon_tea,overseas,Amazon US,Tea,B001EQ5JLE,5,,PG Tips,PG Tips is the best tea! It's good hot or cold and the best thing I like about it is that you can brew your iced tea in the fridge. No more boiling water and waiting for it to be cool enough so as not to melt the ice!
70130,amazon_tea,overseas,Amazon US,Tea,B007I7Z3Z0,4,,Refreshing and Tasty,"I've had a number of instant drink packet mixes in the past from various vendors. This, Lipton Iced Green Tea mix, is similar in the fact that it comes in a box of 10 packets, each ready to mix into a 16.9 oz. bottle of water or a like-sized glass of water. I used it in a glass, stirring with a spoon, and it dissolved quickly for me. I found it to be quite strong even with added ice, and ended up adding more cold water to suit my taste. I thought the flavor was good. I could taste the honey, blackberry, and pomegranate flavors but found it was a bit overly sweet, and this comes from a confessed sugar junkie. Still, I enjoyed it after adding the water and would choose it again. Interestingly enough, a serving is only 8 ounces, though you mix each packet in a 16~oz. bottle of water. I can't imagine what the purpose of making this distinction is, other than to qualify the ""5 calories per serving"" claim on the front of the box. Would 10 calories a serving be a deal breaker for most people? There are no other noted nutrition values besides 1 gram of sugar and 10 mg of caffeine per serving. It states that each 8 ounce serving contains 60 milligrams of flavonoids, which is more than cranberry juice and almost twice that in orange juice. From an internet reference, ""Flavonoids have antioxidant activity. Flavonoids are becoming very popular because they have many health promoting effects. Tea flavonoids have many health benefits. Tea flavonoids reduce the oxidation of low-density lipoprotein, lowers the blood levels of cholesterol and triglycerides."" To summarize, I enjoyed this drink and would purchase it again. It is convenient, tasty, and provides a few health benefits."
222320,amazon_tea,overseas,Amazon US,Tea,B004E4CCSQ,3,,"Delicious at first, but leaves a stale after-taste","I'm trying real hard to kick the diet soda habit. When I heard about Mio, I figured the flavor enhancer would be a great way to get me to drink more water. There is no big issue or secret to making Mio peach tea. Add a few drops and gently stir and you've got a glass of peach tea. Best of all, no sugar added and my caffeine-intolerant husband can even drink Mio's peach tea. The tea tastes great at first. I found the taste was pleasant without being too surgary for me. But before finishing small 8 oz glass of the tea, I started tasting an after- taste, which isn't pleasant. The Mio does work as advertised and is a great way to drink more water, but you're going to have to rinse out your mouth if a stale after-taste bothers you. Rebecca Kyle, November 2011"
230080,amazon_tea,overseas,Amazon US,Tea,B000WB1YSE,4,,Easy to prepare & use tasty Green tea in polymer bags,This tea tastes pretty good with the mix of Sencha and Matcha (sweet powdered) green teas. I make it with more than one tea bag per cup and I use water that it not too hot to touch on ones finger otherwise bitterness will be tasted. I would like more matcha powder per tea bag; but compared with straight Sencha tea this is a little sweeter yet with mild flavor when made with two or more tea bags. I have bought it a number of times.
37356,amazon_tea,overseas,Amazon US,Tea,B003CK2BQG,2,,I'll pass,"For some reason, I was just not able to fully enjoy this tea. I tried to brew it different ways starting with the water temperature and brewing length. At best this tea was just okay when lightly brewed and some might enjoy the subtle flavor this way. I thought most jasmine blossoms take time to develop but the longer I brewed this tea, the more bitter it became and tasted so strange I had to dump it on more than one occasion. Due the ratings for this tea being very high on amazon.com, I wanted to like this tea and tried my best to enjoy it. Maybe I got a bad batch, but for now I'll pass on this tea. * * 2 / 5 * * * * * Ciao"
43787,amazon_tea,overseas,Amazon US,Tea,B001EQ5JLE,5,,PG Tips Tea,"Since I do not live in England, I will bring Englang to me. I love this tea and drink it everyday. I highly recommend this tea to anyone who enjoys a strong black tea. Once you try it, you will throw everything else away in your cupboard. Enjoy : )"
230100,amazon_tea,overseas,Amazon US,Tea,B000WB1YSE,4,,Tastes great!,"I love the quantity and flavor of this tea. It's a little messy opening the pouches, the matcha can get all over your fingers and counter, but oh well. I purchase this at Costco, because the price is WAY better. My only complaint, is that I wish it were Organic."
145802,amazon_tea,overseas,Amazon US,Tea,B003D4F1QS,2,,Packaging left something to be desired,"This is my favorite tea. I buy LOTS of it. But this was like someone hired their kid sister to cram a box full of old tea bags and ship it to me. Not impressed, Stash."
62033,amazon_tea,overseas,Amazon US,Tea,B000CQG8K8,2,,Too bitter,"I hardly order chai teai, then I tried Tazo chai tea, due to the nice reviews on Stash brand and cheaper price I went for it. Way too bitter in comparison to Tazo, I used almost 10 ounces of water and I wasn't able to finish my cup. It is very bitter!!! Be aware, and only buy it if you like real real strong black tea. As a matter of fact is more like black tea than chai. Keep in mind I am not a tea expert, but if I like a nice cup of tea, and never have not finished one, like in this case."
521401,amazon_tea,overseas,Amazon US,Tea,B007JFXWRC,3,,pleasant tasting but a tad weak,This is a very smooth tasting herbal tea. The flavor is not very pronounced but the combination of vanilla and blackberry is quite pleasant. These teabags are pyramid shaped and appear to be made of a fabric like material rather than paper so the bags seem rather more permanent and substantial than they need to be and they take up so much room in the cup that it is impractical to double bag which I like to do in order to increase the flavor. One pyramid shaped bag makes one rather weak 8 ounce cup of tea. The flavor is good its just quite mild.
230009,amazon_tea,overseas,Amazon US,Tea,B000WB1YSE,4,,tasty tea,"We love this tea; it's quite tasty and enjoy it most mornings. My only criticism (actually my husband's) is that the string on the teabag is not long enough to wrap around the cup handle. He hates it when the bag goes in the cup. I don't really care that much, but oh, well."
441781,amazon_tea,overseas,Amazon US,Tea,B004E4HUMY,3,,Tastes good & convenient - but hard to judge amount,"I liked the idea of adding how much flavoring to water that I want. I typically use crystal light preloaded packets, but they can be too sweet. The MIO is a ice idea because you can see how much you are adding, however the bad thing is if you are NOT using a clear bottle you have to add a little, taste add some more taste.. etc.. And then if you add TOO much, then you have to add water etc.. On the whole the sweet tea tastes pretty good, but if you overdo it it tastes too sweet.. so just add a little at a time! If they re-do the bottle so that it pops say a half an ounce out per squeeze it would be a lot better! On the flavoring - you an control how sweet it is **** One the value - you can really get a lot of bottles of water out of these more if you don't like VERY sweet water **** No calories! **** Cons: However if you are not careful you can't control how much you put in (If not in a clear bottle) ** Does taste a little ""fake"" and a little aftertaste if you do make it very sweet. ** Overall I like the idea, and now that I know how much I like in a 16 oz bottle - 2 small squirts (or a light tan! color) I like the flavor. *** Jim"
222273,amazon_tea,overseas,Amazon US,Tea,B004E4CCSQ,1,,New from Kraft: Chemical water!,"This stuff is horrible. It's basically sugar water (but with artificial sweeteners), along with some preservatives, artificial dyes and other trash that isn't even food. Ingredients: Water, malic acid, propylene glycol, citric acid, less than 2% of: natural flavor, sucralose and acefulfame potassium, potassium citrate, red 40, yellow 5, blue 1, potassium sorbate. It tastes just as bad as it sounds. And when you're squirting it into your cup of water, it looks just like food coloring as it slowly pollutes the entire cup. Not recommended. Garbage ingredients, bad taste, bad aftertaste. I didn't even finish my bottle before throwing it away."
145532,amazon_tea,overseas,Amazon US,Tea,B003D4F1QS,4,,"tea is good, arrival less so","I've been looking for a really good peachy flavored black tea. This is probably the best I've found, though still tastes more fruity than peachy, if that makes any sense. It came in a box with all the tea loose inside, so you'll need something to keep it in, or leave it in the cardboard box. I'm using a lock and lock container."
458551,amazon_tea,overseas,Amazon US,Tea,B000FFIL92,5,,Flowering Tea,I ordered this for my daughter for mother's day and she absolutley loved it. The glass teapot was very danity and the joy of watching the tea bloom from a small clump to a gorgeous flower was amazing. I would recommend this for any tea lover.
538423,amazon_tea,overseas,Amazon US,Tea,B0061IUIDY,5,,Incredibly Smooth Flavorful English Breatkfast Tea,"I LOVE tea. On my recent 9 month tour of schools in my performing incarnation I had several boxes of teas of all kinds: standard and flavored. Part of this stems from my having lived in India for two years where I became almost addicted to tea. I may skip breakfast, but each morning it is tea. English Breakfast tea is not as easy to buy as you'd think. I find that many teas are too sharp or they make them a bit too weak. Or they are not as flavorful as a GOOD English breakfast tea. THE GREAT NEWS is that Higgins & Burk English Breakfast Tea is incredibly smooth, yet not watered down, and wonderfully flavorful. I decided to put this tea to several tests. First, I let the bag seep in a VERY big tea cup I use that I bought on amazon (my favorite...it's thick glass). I always add some sugar. This was strong yet smooth and wonderful. Then I added soy milk the next morning. SUPERB. Then I added milk the next morning: also SUPERB. This is one brand I had never tired before and I've tried all kinds. And I will say it: it is now my favorite brand of English Breakfast tea. It passed all my tests."
43841,amazon_tea,overseas,Amazon US,Tea,B001EQ5JLE,5,,In my opinion: It's AMAZING!,"I am not a tea drinker at all, I usually prefer coffee. My twin is a tea-fantic & she drinks tea all day. She drinks it iced, hot, with milk, with honey, with sugar. She would usually drink Lipton teas, that smell greet, have a clear awesome bag, but the tea tastes like crap! I have a couple of British friends, who always drink tea. I tried to become a tea drinker, but still couldn't do it. And I'm from TEXAS, I just didn't like tea, in any form. I was first introduced to this P&G tips, when I took a trip to Fiji & I fell in love with it. This tea was delicious from the first sip. I had it, hot with milk and sugar. When I returned to the US, I could not locate this tea at all. I was extremely depressed, & i looked at every store. So, I returned to drinking coffee. But about 2 years after my trip, I found it in an HEB supermarket (since this, I have found it in Kroger, Albertsons,) I purchased a huge box & haven't looked back! I love this drink & it makes me feel less anxious than coffee did. If at first you don't like this, try it different ways, Try steeping the bag for more or less time, try it hot, cold, with milk, with creamer, with sugar, with honey. Find your way. You probably won't regret it."
33910,amazon_tea,overseas,Amazon US,Tea,B00412W76S,5,,Distinct Odor but I Really Like It ..,"This tea has a strong pungent smell that my husband hates (he says stinky socks) but call me weird I really like it. I like parmasean cheese too though and that stinks. Anyhow, I find both the aroma very relaxing and find that after a cup I am tired and ready to go to bed. I am not even sure if it is the aroma or the actual tea that is knocking me out but for some reason it is so right for this body."
230120,amazon_tea,overseas,Amazon US,Tea,B000WB1YSE,5,,Not a green tea drinker .... until NOW,"After attending a Japanese tea ceremony where they served Matcha tea, I thought I would give this a try. Boy, was I surprised! In the past, all of my green tea experiences were bitter and unflavorful. This tea has changed my mind and my taste! Delicious! Very easy to make and a very satisfying cup to relax with. I suggest if you are new to green tea or have had bad experiences in the past you give this blend a try. I love it!"
43879,amazon_tea,overseas,Amazon US,Tea,B001EQ5JLE,5,,Avid tea drinker here: I will name names!,"I have always been a hot tea drinker, and over the past 5 years black tea has become my favorite drink. I purchased my first box of PG Tips at a local store after reading some reviews here. I thought to myself, ""I am sure it's good, but I'm an experience tea drinker and should not expect it to exceed some of the brands I already drink."" Given the higher price of PG Tips, as expected, I found it FAR superior to regular Lipton, Walmart's Great Value Brand, and Lipton Black Pearl. It also surpasses similarly priced teas like Twinings, Stash and Tazo. What really surprised me is that it is solidly better (albeit not by huge margins) than more expensive teas like Numi and Mighty Leaf. So what makes it better? Firstly, it's smooth, aromatic and satisfying in a way the others are not. Secondly, as tea begins to cool a bit, the other brands' taste (especially the cheaper ones) begins to become a little off-putting. I find that with PG Tips even as it cools a little, I do not rush to finish the cup since it maintains its taste. I just purchased the 240 count two pack and recommend PG TIps to all tea drinkers."
62059,amazon_tea,overseas,Amazon US,Tea,B000CQG8K8,4,,Not a Very Strong Black Tea,"This black tea is not very strong; it's priced reasonably though. If you're adding a dash of milk into your black tea, this won't do. If you're drinking it as is, without milk or sugar; it's quite decent. Faint aroma, doesn't taste as strong or smell as good as Tazo's Awake. Nevertheless, pretty good value for what you get."
70222,amazon_tea,overseas,Amazon US,Tea,B007I7Z3Z0,3,,A tangy water enhancer but hardly tea,"We drink a multitude of beverages in our house. Everything from soda, coffee, tea, hot chocolate and flavored water, so we always enjoy giving new beverages a try. Lipton To Go Stix Decaf Iced Green Tea Mix is a blend of tea, honey and strawberry acai that comes in a 10-Count box with each powdered package producing a 16 ounce drink. Here are my thoughts; Pros + Easy to make, just add water, stir/shake and you're done. + Convenient for travel. + Good way to add flavor to water. + 5 calories per 8 ounce serving. One packet makes a 16 ounce serving. + No aspartame. Cons - Contains sucralose. - Doesn't really taste like tea. Tasted more like strawberry Kool-Aid or Jell-O to me. - May be a bit too sweet for some. Powdered ""On-The-Go"" drink mixes always seem to be hit or miss in our house. Most of the time they taste terribly artificial or too tart/sweet for our tastes. Lipton To Go Stix Decaf Iced Green Tea Mix was no exception. It tasted very little like any flavored tea I've ever tried. This isn't necessarily a bad thing if you're looking for a sweet and refreshing drink. However, I think many people will have difficulty equating the flavor of this drink mix with tea."
62004,amazon_tea,overseas,Amazon US,Tea,B000CQG8K8,5,,Revitalizing,"Although I have sampled numerous Earl Grey teas, I always come back to Stash Double Bergamot Earl Grey Tea. I agree that it is not for the faint-hearted or those with a hypersensitive palate. Unlike teas such as jasmine green tea or chamomile which are soothing and relaxing, this tea is revitalizing and vivifying. So, if you want a bold and full flavored tea experience, this is the perfect tea for you."
521377,amazon_tea,overseas,Amazon US,Tea,B007JFXWRC,5,,Made with real blackberries! Tastes real good,"I am an avid drinker of lipton black tea, I drink it every morning but I love trying different flavor teas as well. The blackberry vanilla herbal pyramid tea at first look doesn't seem to be much tea in the pyramid. Which worries me that it won't have much flavor. As soon as I steep the tea bag in my hot water the water quickly soaks up the string and to the label which I don't like much. The water turns a brillant purplish maroon color very pretty. I usually drink my tea with sugar, but I started this one off with no sugar just to see what the original flavor would be. It is slightly sweet and instantly I get the taste of blackberry the vanilla is more subtle but when I smell the tea I can smell both the blackberry and vanilla. Even though there doesn't seem to be a lot of tea in the pyramid, you really can't tell when drinking it has a lot of flavor in my opinion. I don't really need to put any sugar in it to enhance it. But I did add sugar as well and it really does bring out the flavor more and taste good that way as well. But this is one of those teas I can drink with or without sugar. Regular lipton tea I have to drink with sugar. This tea can be drank hot or cold. I am only drinking it hot but I think cold would be excellent as well. You just brew it like you are having hot tea and then chill or add ice. The ingredients shows there is also hibiscus flowers, rosehips, sweet blackberry leaves, natural flavor, dried black current pieces, dried blackberry pieces, dried blueberry pieces, dried raspberry pieces, sunflower lecithin. Overall I am very pleased with the taste. It makes me want to try other flavors of lipton pyramid teas. Can really taste the blackberry and a bit of raspberry and with added sugar I can taste more of the vanilla as well."
538375,amazon_tea,overseas,Amazon US,Tea,B0061IUIDY,3,,"In this case, tea is tea","I had two cups of the Higgins and Burke English Breakfast Tea and found it acceptable, but not remarkable. I primarily drink Twinings tea and did not feel that Higgins and Burke was as pleasing as my regular English Breakfast Tea. The first cup was weak, so I let the second (made with a fresh tea bag) steep longer than normal. The second cup was stronger but left a slight bitter aftertaste. I use sugar but no milk and no lemon in my tea. While I will certainly use the remaining tea bags in the box, I will stick with my normal Twinings in the future."
458538,amazon_tea,overseas,Amazon US,Tea,B000FFIL92,4,,Nice gift,"I gave 2 of these for Christmas gifts, and thought they were nice...a good value. We enjoyed using it Christmas evening. I saw that some reviews thought the tea pot was too delicate/cheap, but I thought it was fine. Gave it 4 stars...not 5 because it didn't just blow my socks off...but a very nice gift!"
230079,amazon_tea,overseas,Amazon US,Tea,B000WB1YSE,5,,Authentic Japanese Styled Green Tea,"I've been searching for green tea like the ones I drink in Japan and none have ever come close. Since this product is made by Ito En (largest distributor of green tea in Japan), it is pretty much exactly the same as the delicious bottled green tea in Japan. An amazing taste for such a low price :D"
136026,amazon_tea,overseas,Amazon US,Tea,B005SPQENY,3,,sweet and pulpy,"The tea tastes very good - it has a nice flavor and is refreshing. It's a bit sweeter than I would like, but people who like sweet tea will like this tea. It has a nice fruity flavor. I did not realize it would be pulpy - didn't read the label carefully enough - and the first mouthful was quite a shock! After I realized that the pulp was SUPPOSED to be there (as opposed to indicating spoilage) I really enjoyed it."
181982,amazon_tea,overseas,Amazon US,Tea,B0009F3POY,5,,Good tea,This tea helped me a lot to establish my milk supply. Even one bag a day was enough to get the result.
135994,amazon_tea,overseas,Amazon US,Tea,B005SPQENY,4,,Tea & Passion,"I have alwyas been interested in trying new drinks that have been quite appealing. That was the case with Chantea, and their Alone Vera Green Tea & Passion Fruit drink. The taste of the tea isn't so bad, yet I was honestly hoping for a little more zing into each and every drop I had drunk. It wasn't bad for a trial, yet I was hoping for a bit more essence of the passion fruit to blend in well. I have had a few aloe vera drinks before, but all I could honestly say is that it isn't bad, but honestly there just should've been more for its price that comes into mind. Chantea isn't well-known as Lipton would be, but honestly needs more to make a better aloe vera drink to stand out better. Price: C+ Taste: B- Overall: B-"
441794,amazon_tea,overseas,Amazon US,Tea,B004E4HUMY,4,,portable sweet tea is nice to have on hand,"Mio sweet tea is a concentrated liquid you squeeze into water to make a drink. It is nice tasting,if not gourmet, disperses quickly in water even without stirring and is very portable. I really enjoy having this on hand when I'm not in the mood for plain water. I must like my Mio less concentrated than average or maybe I use smaller glasses but I usually get more than 24 drinks from a bottle. The bottle is a plastic, somewhat tear shaped grey squeeze container with an attached snap on lid. The bottle is about palm sized and can easily fit into a pocket or purse/bag. I have not had any problems with leakage or breaking. I like the other Mio flavors better than than the slightly lemony taste of Mio sweet tea though I will get this again I have also used it when i needed a shot of tea flavor in a cooked poultry dish and as an ingredient in cocktails and punches."
123097,amazon_tea,overseas,Amazon US,Tea,B000CQBZOW,5,,SOOOO GOOD!,"I love this tea and can drink it just on its own, but I sometimes add agave,or honey and a little cinnamon......stir, stir, stir it when U add the cinnamon. It really does not get bitter no matter how long you leave the tea bag in. It's good hot or cold."
441956,amazon_tea,overseas,Amazon US,Tea,B004E4HUMY,1,,Disgustingly vile.,"I like the concept of this product. There are plenty of people out there who dislike drinking plain water, either because their local water has chlorine or minerals, or just because their tongues demand more flavor. This little plastic bottle could fit into a bag or purse or pocket, and whenever life presented a person with a glass (or bottle) of water, they were one squirt away from a more palatable drink. Especially for people trying to break the expensive and unhealthy soft drink habit, this could be a godsend. Except it tastes disgusting. The 'sweet tea' flavor is just sweet, no tea. It looks a little like tea, due to all of the artificial coloring, but the only flavor is artificial sweetener. Just to make sure my dislike for this wasn't based on the fact that i don't drink much soda, i asked a family member with a diet coke habit to take a sip. He, despite drinking artificially-sweetened artificially-colored drinks every day, also found this revolting. As with any food or drink, one person's appreciation is never universal. I hated this. It doesn't mean everyone will. It may suit your needs better than it suited mine. I, however, would not accept another package of this product unless it came with a $5 bill taped to the side, and even then i'd keep the money and toss the mio."
521434,amazon_tea,overseas,Amazon US,Tea,B007JFXWRC,5,,A great caffeine-free tea!,"I like everything about Lipton's Blackberry Vanilla Herbal Tea! First of all, the box is very practical as it ""snaps"" closed to keep the tea bags fresh, which is always a good thing! The picture on the box is appealing and shows what the flavor is to a ""tea"" (pun intended). The pyramid tea bags are great for diffusion. And the flavor is wonderful! You don't need to add sugar or sweetener but it tastes good either way. Even a bit of honey can change the flavor but it's all good. I give this product 5 stars!"
181899,amazon_tea,overseas,Amazon US,Tea,B0009F3POY,5,,LOVE IT!!!!!,I love this tea!!!! It did help me. Most night i would have to feed her cerial to fill her up. But now i dont. I even have enough milk to feed her breakfast and still have enough to pump. My husand can feed her now!!! I love it!!!!!
145743,amazon_tea,overseas,Amazon US,Tea,B003D4F1QS,1,,"Green grass clippings, ginger peel & peach pit","Having just now finished 3/4 of a cup of this vapid brew, and dumping the rest down the drain, I felt compelled to write a review that will hopefully be heeded by all. I usually make my ginger/peach tea by brewing a cup with one bag of ginger tea, and one bag of celestial peach tea, which brings out the very best of both. So I thought I'd save myself a little money and buy one bag that would, in theory, do the same thing. I was sadly mistaken. This being my very first experience with the Stash brand I honestly have to say that I will not be a return customer. There is virtually NO ginger flavor, and the peach is more noticeable before brewing than after. In all the reviews I have ever written over the years I would implore you to heed my advice on this one."
458683,amazon_tea,overseas,Amazon US,Tea,B000FFIL92,3,,"Interesting and Entertaining, but tea flowers are really single-use","This is an interesting item and a great conversation piece. The bamboo box and packaging has a handmade feel about it; the box itself is something you can leave on a table or counter. The teapot seems a bit fragile and seems to be made of an extremely cheap glass, and I often wonder if it could crack during use. The teas are acceptable, if not extremely flavorable. Unlike tea bags or loose teas, you really can't steep these teas to your desired strength. This can be a problem if you like really strong tea. The ""flowers"" themselves, although they can be reused 2 or 3 times according to the instructions, are really only ""single use"". They are difficult to dry, and subsequent pots of tea are weaker than the first. In general, I thought the teas were bitter. I'd recommend this for a tea enthusiast, but only as a novelty. It's not an extremely high-quality item. It's good, though, if you want to experiment with different teas in a unique way."
34020,amazon_tea,overseas,Amazon US,Tea,B00412W76S,5,,Best tasting/effective,"After reading reviews from baby sites, I was ready to get my red raspberry leaf tea on and strengthen my uterus and I was so excited that I got the first one I saw, which was the Alvita brand. I love the flavor, just LOVE the flavor, but I read more reviews and a lot of women gave the Traditional Medicinals better reviews so I after I ran out of the Alvita I purchased the TM. I have to say, the Alvita has a stronger tea taste and I actually got contractions when I drank it. I'm only 37.7 weeks along, but I have to say that I think this tea will help move my labor along quite well. I'll update this review later with how it went. UPDATE 3/28/2012: I totally forgot to add my update! Well, as I'd previously believed, this tea helped me tremendously through my labor. I had my beautiful baby boy on December 12th. I had a 17 hour labor because my bag of waters prematurely ruptured and I wasn't dilating the way I was supposed to. I had to be put on pitocin (without meds for the first 14 hours) then I got the meds and then got the epidural about 45 minutes before I actually gave birth. Let me tell you, I only pushed for about 20 minutes and I was done. I attribute that 100% to the tea. I had friends who didn't drink the tea and were in labor for very short periods but pushed way longer. Also, my uterus went down very quickly and I stopped bleeding quickly as well, I forgot how soon but the doctors and nurses were amazed. I'd definitely drink it again next time around."
458604,amazon_tea,overseas,Amazon US,Tea,B000FFIL92,2,,Not Good,My mother got this as a gift. The flowers never completely opened and they broke part. You ended up drinking the flowers. The tea wasn't a great flavor either. She also bought be a set of glass cups to drink the tea in. But they got so hot you couldn't hold them. I would stick with tea bags or loose tea and a mesh strainer.
222415,amazon_tea,overseas,Amazon US,Tea,B004E4CCSQ,2,,OK Taste. Fuzzy-Peachy Flavor. But Also a Chemical Taste.,"The MIO Peach Tea flavor is definitely a fuzzy, peachy flavor and, if you put too much flavoring into the water, your tongue will feel more fuzzy! Seriously, this flavor is just plain bad. The flavor also tastes chemically, and, after looking at the ingredients, it is easy to see why - the ingredients are entirely chemicals. This product also contains sucralose, a sweetener that some want to avoid. Verdict: if you want flavored water, are looking for an enhancer, and the chemical list doesn't bother you, the MIO bottles are something to look at. I prefer MIO Sweet Tea, 1.62-Ounce (Pack of 4) over the Peach Tea because the Sweet Tea has a smoother flavor. Edit: my teenagers were excited to try this product because of TV advertisements. One squirted a healthy dose of flavoring into her water & promptly stated that the peach flavor tastes like chlorine."
222298,amazon_tea,overseas,Amazon US,Tea,B004E4CCSQ,3,,Create a tea,"Although my own palate was unable to find the ratio of water to tea flavoring I can see where those people who appreciate flavored waters might appreciate it. The obvious advantage is that you can create how much flavor as you want. Although billed as without sugar whatever is used I found to be too saccharine, even at the most modest level. Again, if you're used to the taste of artificial sweeteners you might want to give this a try."
538390,amazon_tea,overseas,Amazon US,Tea,B0061IUIDY,4,,Pleasant,"As a lifelong tea drinker I usually prefer loose tea but on occasion and for convenience sake I make my tea with tea bags. Here are my comments with regards to the Higgins & Burke Earl Grey tea bags: GENERAL: 1. These tea bags are individually wrapped to preserve their flavor - a plus in my opinion because too many tea bags produce rather bland tasting tea when they just come unprotected in large boxes. 2. When removing the wrapper the tea's scent is pleasant but not overwhelming, quite balanced. 3. It produces a good strong and flavorful cup of tea which is not bitter (I use 1 bag per cup and steep for 3 minutes). 4. According to the manufacturer this tea is produced under Ethical Tea Partnership guidelines. FLAVOR/SCENT The flavor of this tea is a bit more on the citrus-y side and does not have as strong a bergamot note as is normally the case with Earl Grey. However, I did not mind this - the flavor was a good balance between a slightly more dominating orange flavor and a subtle but noticeable undertone of bergamot which gave a kind of earthy depth to the orange flavor. This is a pleasant tea and a slightly different interpretation - at least to my taste buds - of the usual Earl Grey which tends to be heavier on the bergamot. Recommend."
37342,amazon_tea,overseas,Amazon US,Tea,B003CK2BQG,5,,Great Taste,"I've tried so many different Jasmine teas and this one is my favorite. There are some I just do not like. This brand has a wonderful flavor. I have been drinking this for about 5 years now, it is a good deal if you buy this from Amazon on auto ship. You can't beat the price."
34036,amazon_tea,overseas,Amazon US,Tea,B00412W76S,3,,Sage Tea - helping with hot flashes,"When I bought the first box I had a cup of tea every night and thought the hot flashes subsided a bit, so I bought another box. The second box, not so much. I am not sure if the tea builds up in your system and stops working or if it is just me. The tea does not have a bad taste, doable for its purpose. Sage tea has been recommended by many as a means of cutting down hot flashes, vs taking meds that can be linked to cancer. Give it try, it might work for you."
136051,amazon_tea,overseas,Amazon US,Tea,B005SPQENY,4,,Good cold,"I stuck this in the fridge since I like my green tea cold. Well 2 or 3 days later I decided to taste it. Gave the bottle a good shaking then opened it up. First sip? Hmmm, not bad!! Not great either but still drinkable. Tasted like sweet green tea & a bit thick. The pulp is a nice addition & goes right down when you swallow. Honestly I enjoyed this one & might buy some if it wasn't so expensive. I'll give it 4 out of 5 stars...."
230045,amazon_tea,overseas,Amazon US,Tea,B000WB1YSE,1,,Junk,Don't let the fake reviews fool you. My wife and i have been drinking this stuff for a month. No taste benefits and we haven't noticed and health benefits.
145662,amazon_tea,overseas,Amazon US,Tea,B003D4F1QS,5,,love it,"This tea is really delicious. Nice combo of mint and matcha which gives it a richer taste. Don't taste the lime much, but that is fine for me. The bags come all together in a box, but not smashed up."
135944,amazon_tea,overseas,Amazon US,Tea,B005SPQENY,4,,Yummy--A Bit Like Exotic Lemonade,"Here's what I like about Chantea: I love most of the ingredients, including the aloe, green tea, and passion fruit. I love the color. I like the bottle shape. I like the graphic colors (though I think the logo/branding could be better). I love how the bits of passion fruit (or aloe) remind me of real, homemade lemonade. Here's what I don't like: It's too sweet for my taste (though I do appreciate that if one must sweeten something that would taste good without it, that they used cane sugar!) Sugar is the second ingredient after water. How about more passion fruit to make it sweeter and less sugar? How about no added sugar at all. Or how about making one drink sweetened and one unsweetened. I'd drink a lot of the latter. I'll rarely drink the former. Here's the thing. It seems to me that anyone interested in aloe and green tea is interested at least in part for health reasons. So what's this with the sugar thing? ---- The reviewer is a health fanatic, author, and marketer."
136076,amazon_tea,overseas,Amazon US,Tea,B005SPQENY,5,,Real nice taste,"Yum! This review is on the Green Tea Aloe Vera Passion Fruit Flavor. It has a mild, smooth flavor, pleasant taste, and is lightly sweet with tiny pieces of fruit. It is NOT too sweet. It comes in a sturdy six-sided plastic bottle 8 1/4"" high and 2 1/4"" diameter, 11.5 fl oz./340ml. It is a product of Taiwan. The writing on the label is tiny and hard to read but a serving size is a cup (8oz)and 1 serving contains 38 mg sodium and 20g carbs, 19 of which are sugar. Ingredients (in order listed) are: water, cane sugar, green teainfusion (green tea leaves and water), aloe vera, citric acid, natural passion fruit flavor. Oh, 80 calories per serving, so I guess the whole bottle is around 110 calories. Nice for a lunchbox drink."
43805,amazon_tea,overseas,Amazon US,Tea,B001EQ5JLE,5,,Tea,"We love this brand of tea. If you like a good cup of tea - this is the one you want. The price is right and the shipping is fast. If you haven't tried PG Black Tea, I would recommend you do."
37352,amazon_tea,overseas,Amazon US,Tea,B003CK2BQG,5,,"Clean and subtle rather than grassy, a stand-out flavor in a crowded field","I drink STASH PREMIUM MOROCCAN MINT GREEN TEA all day with no adverse ""overdose"" effects from caffeine. The flavor is not grassy like some green teas, but very clean. I don't normally like mint taste in anything other than gum or toothpaste, but this mint is subtle and goes great with the clean taste of the tea. Besides green tea, the ingredients are spearmint, lemongrass, and peppermint. Lemongrass is another ingredient that can be overwhelming, but if it's truly in there, I can't taste it. So as I write this, I am realizing it contains a lot of flavors that shouldn't work for me, but they do! In fact, I enjoy it so much, I get a little anxious if I let myself run low. It's a great thing to be able to order it in bulk from Amazon. I do want to note that the tea can get a little bitter if steeped too long. I try to go no longer than five minutes, but I often forget about it at work. For me, it's drinkable but noticeable. On the other hand, I'm not an aficionado. I don't worry about the temperature of the water I use to brew the tea. At home, I use the hot water that comes out of my Keurig coffee maker; at work, I use the hot water out of the filtered water dispenser. As evidenced by the amount I consume, the flavor comes out great!"
70089,amazon_tea,overseas,Amazon US,Tea,B007I7Z3Z0,4,,Great taste,"This product has great taste, and not too sweet. The tea mixes up in your water like coolaide, and comes in individual packets so you can take it along with you. However, the packets do not tear by hand, but you must use a knife or scissors to get them open. That is the only thing that needs to be improved."
33899,amazon_tea,overseas,Amazon US,Tea,B00412W76S,4,,Does the job,I ordered this for my boyfriend because he has trouble sleeping sometimes. He loves it! It makes him a little bit loopy before he goes to sleep but he likes the feeling. The only thing I don't like is that on the shelf it smells like vomit. It grosses me out. It doesn't smell like that when it's brewed.
230106,amazon_tea,overseas,Amazon US,Tea,B000WB1YSE,5,,The best bagged green tea,I'm Japanese and I think this is the best bagged green tea in the states. I'm VERY happy that I found this in Amazon because our Costco doesn't carry this anymore.
441919,amazon_tea,overseas,Amazon US,Tea,B004E4HUMY,2,,Mostly vile.,"My entire extended family tried this stuff, and we all agreed: This tasted like concentrated Splenda (sucralose) and dish soap mixed into a glass of water. It has a terrible aftertaste, and a none-too-pleasant flavor. It tastes nothing like sweet tea, and made me yearn for some Nestea powder instead. Honestly, I'd prefer just plain water to this chemical-laden stuff. This was like sweet tea made with chlorine instead of sugar. This will definitely help you if you're on a diet, because the flavor will put you off drinking anything for a while. It's possibly one of the worst-tasting things I've ever put in my mouth, and I've lived a pretty full, experimental life! The bottle was thrown away 1/4 used. We're never trying this again."
181818,amazon_tea,overseas,Amazon US,Tea,B0009F3POY,1,,Didn't Work for Me,"I have a 9 month old at home and have been solely breastfeeding her. I eat a healthy diet & drink about a gallon of water a day, but my production has slowly decreased over time. My stored milk had begun to run out, so I turned to this tea and also tried the fenugreek pills. I drank several cups of this tea every day for three weeks, just as directed on the box, yet I didn't produce even half an ounce more than I have been consistently making. While this tea may work well for others, I am personally disappointed with the lack of results."
441828,amazon_tea,overseas,Amazon US,Tea,B004E4HUMY,4,,A little goes a long way,"This product is definitely as advertised. You can use a little or you can use a lot depending on how flavorful you want your water. A word of caution, though: if you use too much, you're water will have a weird after taste. MiO is great for people who love water and people who don't particularly care for water. When added to the water (just a couple of squirts) it tastes just like sweet tea. I actually prefer to drink the MiO over juice now because I am missing the added calories of juice and getting the benefits of water. I would recommend this product especially for children. It's hard to get a child to drink water, but with MiO, they don't even have to know that they are drinking it. One last good thing about MiO is that this little bottle goes a long way. Depending on how much you use, you can get 24 servings from one bottle."
34032,amazon_tea,overseas,Amazon US,Tea,B00412W76S,2,,Nasty tea debris everywhere!,"When I opened this alot of the tea sacks were broken and the tea emptied out and spilled everywhere. I steeped some inside my cup and noticed that all sorts of the tea leaves had come out (I even took a picture and posted it under customer pics) and when I sipped my drink, tea leave crumbs got inside my mouth! I havent noticed any effect from the tea though but I have only used it for a few days so maybe it takes awhile. However, if they'd be able to keep the sacks closed that would help alot!"
222533,amazon_tea,overseas,Amazon US,Tea,B004E4CCSQ,1,,Not For Me,"First of all, I must admit that I was a bit mistaken as to the product. I kept seeing the words ""Peach Tea"" and thought I was buying some sort of Tea. There is no ""tea"" about this product. This is a ""Water Enhancer"" - basically something to flavor your water so that you, ostensibly, will want to drink more of it. More disappointing, when you check the ingredients, there is no peach listed anywhere. Instead, you get a laundry list of chemicals and dyes that taste like...are you ready...chemicals and dyes. I'll take plain old water over this any time!"
181946,amazon_tea,overseas,Amazon US,Tea,B0009F3POY,4,,Great to boost supply,"If you have low supply or want to boost supply for pumping and growth spurts, this stuff WORKS. Its effects are almost immediate. If you're nursing + pumping, though, stay with the lower end dosage (3x/day or less) or you could end up with oversupply (and the accompanying host of issues like engorgement and clogged ducts). Flavor is pretty mild--""herby."" If you've ever had Chinese herbal tea, it'll taste familiar."
62119,amazon_tea,overseas,Amazon US,Tea,B000CQG8K8,5,,My favorite tea - very fragrant and spicey,"I like my chai tea strong and spicey, and this tea is perfect. I have tried other brands and this is by far my favorite. I look forward to drinking this relaxing fragrant tea every day when I get home from work."
181993,amazon_tea,overseas,Amazon US,Tea,B0009F3POY,5,,It works.,I have a 4 month old baby and he stopped nursing as i had to introduce the bottle early. However since I was determined to give him breastmilk and my supply had gone down to 1oz I was desperate to look for solutions. After reseaching many websites and then reading reviews on amazon I decided to try this tea. I took 5 bags of tea and let them soak in hot boiling water and drank it through the day. My supply gradually stated going up even though my son never nursed. I then started taking 3 bags for maintaining my supply. As far as the tea goes even though it has many contents it tastes like you are eating the fennel seeds. Its not the best taste for a tea but its not bad especially if it works. Also you get used to the taste. I am planning to continue to use it as long as I want to give my son breastmilk. At one point i was consistently making 4 oz everytime i pump. I have stopped it and since then my supply has gone down but I am going to start again. Update 1/8/2012 I was able to provide breastmilk upto 10 months for my son using tea. At one point I was actually producing 8ounces each time. Will definitely use it again in the future for our second one too.
43754,amazon_tea,overseas,Amazon US,Tea,B001EQ5JLE,4,,Solid British Tea,Solid British tea. The two packages are quite big and will last quite a long time. Took up more space than I exepcted
521445,amazon_tea,overseas,Amazon US,Tea,B007JFXWRC,5,,Good one,"I have a collection of the Lipton Herbal Pyramid tea bags and thought I would give the Blackberry Vanilla flavor a try. It's a good one. If you like this type of tea, it's a flavor worth trying. If you haven't ever tried the pyramid tea type of bag, they are terrific. Brews nice and as strong a flavor as you like, two bags for very large cup."
230025,amazon_tea,overseas,Amazon US,Tea,B000WB1YSE,5,,Kirkland Japanese Green Tea,"I've been drinking Kirkland branded green tea for at least three years. It used to be packaged in a yellow box with yellow envelopes inside. The instructions on the back of those envelopes said to steep the tea in boiling water for 30 seconds. This differs from the current green colored box and its envelopes. Also, the brewing instructions are different. The new tea is identified as Matcha and the (different and confusing) brewing instructions are: ""Insert tea bag, pour 80°C (176°F) hot water. Steep 30 seconds, shake tea bag and remove. Empty remaining Matcha from outer envelope to surface of tea."" I interpreted this as meaning: Cut the tea bag open and shake the soggy ground tea leaves that are in the tea bag into your cup. My wife read this as shaking whatever Matcha was left in the (green) outer envelope (rather than the tea bag)into the cup. For the cup of tea I just brewed, there was no remaining Matcha in the envelope. Consequently, I cut open the nylon envelope and poured the soggy matcha into the cup. It did taste stronger, but not unpleasantly bitter. In fact, it was very good. If you want to learn more about Matcha and its health benefits, you can view a neat video clip here: [...] Make sure you click the yellow large screen display button at the right bottom corner of the screen."
441796,amazon_tea,overseas,Amazon US,Tea,B004E4HUMY,2,,Kind of a miss,"I love sweet Tea and I am not even a southerner. There is something special about sweet tea that when it is mixed right, it tastes wonderful. Unfortunately, this sweet tea concentrate missed the mark. First of all, the package was leaking upon arrival. Not too much to return the product. When I opened it, the mixture had an artificial candy-like scent. Okay, it is suppose to be sweet. The big problem was the instructions. ""Just a few drops."" Huh? Not to be overly anal but do you mean short drops or long drops. Is a few 3, 4, 5, or more? Without a clear measurement, it is hard to find that ""sweet spot"". McDonalds use a syrup concentration such as this one (I assume) and the flavor is always consistent. That is important to me. If they want to improve on the product, add something like ¼ teaspoon per 8 oz water or something similar. Otherwise, if you want to experiment with getting just the right ratio of mix to water, have at it. I don't have time and if I did, chances are I would never get it perfect again."
70214,amazon_tea,overseas,Amazon US,Tea,B007I7Z3Z0,5,,Yum. Gets me to drink H20.,I love these. They get me to drink h20. I always have some in my purse. Great for traveling. Lemon is my favorite.
441869,amazon_tea,overseas,Amazon US,Tea,B004E4HUMY,1,,"Busted open, dyed my hands, mostly chemicals","When I received my container of Mio Sweet Tea water enhancer, I opened the envelop and the container had been cracked during shipping. When I pulled it out of the padded envelope, the Mio fluid got on my hands. I couldn't get the dye off my hands after washing them twice! This prompted me to check the ingredients, where I then saw it was full of dyes and chemicals: Water, Malic Acid, PROPYLENE GLYCOL, Citric Acid, Sucrolose & ACESULFAME potassium, potassium citrate, RED 40, POLYSORBATE 60, and POTASSIUM SORBATE (preservative). OK people, you can make a tea concentrate using these crazy ingredients called TEA LEAVES & a sweetener! Why all these freak ingredients? I had to try it so I could write a fair review... it tasted like it's ingredients: mysterious chemicals. This was no enhancer, but really a ""water detractor"". Stay away from this Franken-Tea unless you crave bizarre chemicals & dyes."
136029,amazon_tea,overseas,Amazon US,Tea,B005SPQENY,5,,Delicious refreshment,"This Chantea Aloe Vera Green Tea, Passion Fruit was a different and quite delicious refreshment for me. I'd never had any juice drink with passion fruit before. I really enjoyed the delightfully light flavor and even the pulp from the passion fruit was kind of a blast. I tried the bottle I received straightaway, without chilling first, and while it was really good, I got the immediate feeling that this excellent drink would taste really great ice cold, either over ice or after spending adequate time in the fridge. Excellent, refreshing and flavorful. What more could you ask for?"
62052,amazon_tea,overseas,Amazon US,Tea,B000CQG8K8,3,,"A noble effort, but falls short","Most bagged chai blends aren't very good at all. There, I said it. There are a few that have authentic taste but are just too weak overall, and unfortunately, Stash Double Spiced Chai falls into that category despite hitting all the right notes with the spices. Upon opening a bag for the first time, I was concerned that this would be overloaded with too much cinnamon, but from the green stains on the bag it was apparent that they stuck a load of cardamom in there as well, which is a good thing. With milk and sugar, though, the black tea just did not have the strength needed to counter-balance the spice medley. Things improved when I added a second bag to the cup, but overall it was just too bitter and again, the BODY that you expect the black tea to provide just wasn't there. With a different or stronger tea base Stash could have a real winner here, because they certainly have the spice blend right on."
70368,amazon_tea,overseas,Amazon US,Tea,B007I7Z3Z0,5,,"Finally, I can drink Lipton tea again!","I need a low-calorie drink, I have no problems with the Sucralose. I love, love, love the taste and yes it is strong, I generally make it with 24 to 32 ounces of water, after ice has been added. It tastes just like the original Lipton tea stix before they changed to ""aspartame,"" a sweetener I have to avoid at all costs. If you'd had a migraine for 2 solid weeks with no relief, you would understand my joy. I will be buying this, this coming October and from then on, as I usually drink at least 2-3 glasses a day of this minimum. Thank you Lipton for listening to the needs of the many."
43913,amazon_tea,overseas,Amazon US,Tea,B001EQ5JLE,5,,The BEST tea ever.,"PG Tips knows how to make a GREAT cup 'o tea. The pyramid tea bag is the best thing since the regular tea bag. If you enjoy a very good cup of tea...everytime then PG Tips is the one to try. PG Tips Black Tea, Pyramid Tea Bags, 160-Count Boxes (Pack of 4)"
43850,amazon_tea,overseas,Amazon US,Tea,B001EQ5JLE,3,,OK but Tetley tastes better to me!,"I lived in the UK for many years (over 30) And used to like PG Tips but I recently tried it as I found some cheap at Biglots! All I can say is that the readily available Tetley ""British Blend"" tasted much better with a stronger taste with a bit of a kick to it - yummy! The PG tasted somewhat bland in comparison, I'll be sticking to Tetley. I can't remember what I liked back in England..."
458537,amazon_tea,overseas,Amazon US,Tea,B000FFIL92,2,,"Excited at first, disappointed later","Well, beautiful packaging....first one we did was ok, the Starlight Rose....but the Dragon Lily? The bloom was black. I gave away 5 of these as gifts. I hope that they don't have the same disappointing problem. The photo of what the Dragon Lily should look like was not at all what it was. I followed the directions to the T. We got a shriveled black flower, not a beautiful full red bloom."
538269,amazon_tea,overseas,Amazon US,Tea,B0061IUIDY,2,,Better options elsewhere,"This tea tastes cheap and artificial. One of the ingredients is ""natural flavors"" which is basically an additive. I would suggest getting a tea that doesn't resort to these flavor enhancers. The best chai tea I have found is from Peet's which has a strong, bold flavor. The Rishi brand is not bad either."
43859,amazon_tea,overseas,Amazon US,Tea,B001EQ5JLE,5,,"Terrific product, terrific price",Best English Breakfast tea for a lover of this variety and I've tried so many including importing it from England. After s 20 year search I've found a very reasonable price for a most falvorful tea.
37291,amazon_tea,overseas,Amazon US,Tea,B003CK2BQG,4,,Takes getting used to,"This tea has a very fruity taste, with a strong green-tea aftertaste. It took me a few cups to get used to it -- the taste isn't what I'd imagined. I like it as a change from my usual teas, though. I find it very good iced."
62095,amazon_tea,overseas,Amazon US,Tea,B000CQG8K8,5,,Great Tea at a Nice Price,"This tea has an excellent flavor that I never get sick of. I usually have one every morning at work. Its earl grey, which is strong, so make sure you like that type of tea. Before finding this here on Amazon, I used to purchase this exact brand/flavor at Jewel for around $6 each 20ct box... much better deal here."
62039,amazon_tea,overseas,Amazon US,Tea,B000CQG8K8,1,,The tea smells like a medicine.,"The tea smells like a medicine with Anise flavor before even brewing it. No one in my family could drink it as it has strong anise flavor. There is not even a slight trace of bergamot flavor... I called STASH customer service to see perhaps the pack was mislabeled, no one answered or called me back. I am sending this back."
145747,amazon_tea,overseas,Amazon US,Tea,B003D4F1QS,1,,no flavor,I can't tell if it's the tea itself or these bags are old. There isn't much flavor at all. I have had many other brands of black Chai that are much better.
33933,amazon_tea,overseas,Amazon US,Tea,B00412W76S,5,,Good Tea,I bought the tea for my mother who has asthma. She said it tastes great and does wonders for her asthmas.
37308,amazon_tea,overseas,Amazon US,Tea,B003CK2BQG,5,,Quality & Flavor,This tea is made with quality ingredients and has a wonderful mint flavor that is not too strong. It makes a great iced tea!
62019,amazon_tea,overseas,Amazon US,Tea,B000CQG8K8,1,,Tea? What Tea?,"Honestly, that's what I thought throughout trying this tea. The smell and taste is entirely of cinnamon. I couldn't ever taste the tea- and even in my smallest cup it tasted weak and watery. If you want caffeinated cinnamon, go for it. If you want true chai... look elsewhere. PS. What's with the size of the bags? Not even 2 grams per bag. Even for American-style tea bags, this is small."
441927,amazon_tea,overseas,Amazon US,Tea,B004E4HUMY,5,,Convenient and refreshing,"As with Kool-Aid, I didn't have really high expectations of the flavor of this product, but it does taste like tea and does taste sweet. I add one good squirt to a pint glass full of water, and it's a satisfying thirst-quencher for during workouts. I also like the portability of the bottle. No it's not ""real"" tea, but if you like Crystal Light, diet sodas or sports drinks, this is a convenient alternative that doesn't require shaking or stirring."
230065,amazon_tea,overseas,Amazon US,Tea,B000WB1YSE,5,,Convenient and great flavor,"Conveniently packaged in single bag packets. Loving the nylon bag and the little slit on the end of the string to hook on the edge of cup. Taste is great--very smooth and not bitter. Like all green teas, it can easily be ruined by steeping too long or using water that is too hot. Best results are obtained by steeping for just 30-60 seconds and by using water at 175 degrees F (80 C). The proper temperature can be easily achieved by using one part room temperature water to three parts boiling water. Overall a great value."
145496,amazon_tea,overseas,Amazon US,Tea,B003D4F1QS,5,,Stash Vanilla DECAFE Tea - The best!!,I LOVE THIS TEA!! Cannot find it on Supermarket Shelves anymore. Used to be in my safeway!! I share with my daughter in California!!
135943,amazon_tea,overseas,Amazon US,Tea,B005SPQENY,1,,EWWW,"I like green tea but this is overly sweet, artificial tasting too and it has little pieces of what I am guessing is aloe vera, YUK. This is not really a healthy drink either, it has too much sugar which makes the drink too sweet, and from the label it appears to be watered down tea? I don't like it and it is definitely not worth paying the price. I wouldn't buy this if it was going for a quarter."
123103,amazon_tea,overseas,Amazon US,Tea,B000CQBZOW,5,,great tea!!!,I'm definitely a subscriber to this tea! The longer you brew it the better. I actually just keep it in a thermos. yum!
538242,amazon_tea,overseas,Amazon US,Tea,B0061IUIDY,2,,Weak chai,"I drink a lot of tea... from the dollar store plain black tea to exotic loose leaf. I have so much tea that I've been placed on a ""tea diet"" and have to sneak new teas into the house. Needless to say, I was thrilled to try this new tea. Sadly, this tea fell very short. I dont expect bagged chai tea to taste like real chai. I do expect a nice spiced tea with a little bit of a kick. I found this tea very weak. Even leaving the tea in my 8 oz tea cup for 10 mins, the tea was still too weak. I found the only way to drink this tea was to double up on the tea bags. At 20 bags per box, this box would only last me 5 days with my 16 oz ""morning commute"" tea cup. On the plus side, this tea does smell nice. I'm currently mixing it with no name cheap black tea with good results. However it is likely that I will not purchase this tea in the future."
123198,amazon_tea,overseas,Amazon US,Tea,B000CQBZOW,4,,Very fruity flavored herbal tea,Not one of my Stash favorites but it's supposed to be good for you so I bought it. It's a bit too fruity and sweet for my taste but if that's what you like than this tea is for you.
230113,amazon_tea,overseas,Amazon US,Tea,B000WB1YSE,3,,"Half The Price At Costco, But Tastes Great","I've never been to a Costco and didn't know that ""Kirkland"" was their brand. I'd been buying many cases of this tea on here for months (we drink a LOT of green tea). A friend was over and invited me their as her guest and I saw this exact same tea there for $12.99. I about dropped a load in my pants. So...thanks seller for introducing me to this great tasting tea, but no thanks for screwing me on the price :) (you'll notice you don't get any more orders from me now!) Just a few boxes purchased paid for my membership, compared to what I was paying on here. Regardless of all of that, the tea is GREAT and I hope they never stop producing it."
222285,amazon_tea,overseas,Amazon US,Tea,B004E4CCSQ,3,,Could be peachier.,"The idea of carrying a neat little container of liquid that allows me to turn a bottle of water into peach tea is good. I was excited to try it. It takes more product than I expected to get the results though. I'm accustomed to the more exciting peach tea flavor of instant sugar free tea that comes in a jar. One more negative thought: it seems a little expensive. One of the positives is that it contains malic acid, a product which, according to a physiatrist who used to treat me, relieves the pain of fibromyalgia. Malic acid does indeed seem to help the muscle aches."
135946,amazon_tea,overseas,Amazon US,Tea,B005SPQENY,2,,Not my type of drink,"I have to say that I was pretty excited about getting this tea. The name and description sounded wonderfully healthy and quite tasty. I am a big proponent of Green Tea and Aloe Vera juice, but this drink has way to many sugars. 19 grams of sugar is quite a bit of sugar to qualify as a healthy drink. In all honesty, though, this company hasn't touted this as a ""healthy"" drink, but the inclusion of Aloe Vera made me assume that it was. Its ingredients are water, cane sugar, green tea infusion, aloe vera, citric acid and passion fruit flavor. It has a sweet flavor and added pulp of some sort. I don't taste the tea at all, but rather it tastes like sugar water with pulp. I just don't care for it at all. Maybe it is just my taste buds, but this didn't do it for me at all."
135938,amazon_tea,overseas,Amazon US,Tea,B005SPQENY,5,,"If you love aloe vera, this is the drink for you!","First of all, I am a big fan of both tea and aloe vera so when I saw the combination of the two, I had to try it. And I am so glad I did. This drink is absolutely delicious! You will get more of the aloe vera flavor than any green tea. I only got a slight taste of the green tea but that's all right. This is a great drink if you love aloe vera. If you're not sure if you would like it, be warned that the drink is very true to aloe vera drinks and there are little bits of it in it. So if you are willing to give it a try, you won't be disappointed, just know that there are little bits of it in there. Both my husband and I loved this and will be getting more!"
62076,amazon_tea,overseas,Amazon US,Tea,B000CQG8K8,3,,Meh...,"I tried this product to see if I could make creamy, starbucks quality spiced chai at home and was underwhelmed. A much better product is provided through Mocafe, Precious Divinity Spiced Chai powdered mix."
123214,amazon_tea,overseas,Amazon US,Tea,B000CQBZOW,2,,What's With the Weird Sensation Seconds After Sipping?,"I bought a box of this herbal tea at my local grocery store and highly recommend trying a smaller quantity before committing to 6 boxes of it here. Although, based on what some other reviewers said, it may be hard to find at local stores. If a store offered this flavor in the past and no longer carries it... sad to say for the people who love this flavor... perhaps it didn't sell well. It probably didn't appeal to the masses as the sensation and flavor is... unique. I was very interested in trying this flavor as I really like licorice and I love tea. Upon taking my first sip, I thought the licorice flavor came through nice and the combination of spices was fine. But then... seconds after my first sip, I got this really weird sensation on the sides of my tongue. As if the flavor ""blossomed"" in my mouth. And, to me, not in a pleasant way. Another reviewer said the tea ""dances around the sides of your tongue."" It does. What's up with that? That reviewer seemed to like the sensation. I didn't like it at all. It felt weird, it tasted weird and is making me cringe every time I take a sip. I like the initial flavor, but I know the ""flavor burst"", or whatever you want to call it, is coming and it ruins the whole relaxing tea experience for me. This is definitely not relaxing. The ""flavor burst"" is also followed by a sickly sweet after taste. Ick. Most reviewers here love this tea, which I think is nice because I really wanted to like it too. I'm surprised more people did not mention this unusual flavor thing going on. Maybe it's an acquired taste sensation and I'm just not there yet. So, buyer beware before stocking up on this flavor. Definitely test it first if you can. If anything, test it so you can see for yourself what I am talking about. At least it's interesting... in a strange sort of way. It's definitely not a tea I can drink regularly. Here is the ingredient list: (contains NO true tea leaves) Licorice root, cinnamon, orange peel, Chinese star anise, vanilla flavor, sarsaparilla, orange oil, cinnamon flavor, clove bud oil and cardamom oil."
458547,amazon_tea,overseas,Amazon US,Tea,B000FFIL92,4,,Very nice teaset,I have had this set for a while now and enjoy the teas very much. The box is very handsome and I am wondering what I can put in it. I enjoy tea very much and this is a unique set. The flavors are very good and soothing. When I want some tea that satisfies me I use this pot. I love teas and this set is especially nice. I would buy it as a gift for someone I care about. Makes about six cups from each bud. The pot is very durable. It has hit the floor at least five times and never developed as much as a crack.
521406,amazon_tea,overseas,Amazon US,Tea,B007JFXWRC,4,,A VERY PLEASANT NON-CAFFEINATED TISANE,"As a caffeine addict, I mostly drink caffeinated teas or coffees but I like to have one or two high quality non-caffeine brews at hand in case I don't want more of a buzz or just want a soothing drink. This blend is one of the best I've come across. I usually add 1/4 to 1/2 tsp. of sugar to my drink anyways but I was surprised to read that one of the reviewers found it sour. Because I didn't at all. I thought it had a truly pleasing balance between fruity and sweet, and after I'd drunk it, I felt ... relaxed. I have long been an advocate of the pyramid shape for teabags. The water circulates better around the tea blend and a more balanced brew --less acrid-- is the result. This tea is pricy but I will buy it when I run out of the sample I got for review. Why don't I give it 5 stars? I'm not sure but probably because I would save 5 stars for a gentle green or white tea blend, regardless of the caffeine."
458640,amazon_tea,overseas,Amazon US,Tea,B000FFIL92,3,,Good Gift,"We gave this as a holiday gift to my sister-in-law who loves tea. I think it is a great gift, although I expected more. The tea pot is TINY, but quaint. There are not many decaf options, however Numi is such a good brand that it doesn't matter. Overall, she loved the gift, but it didn't look as impressive as we had hoped."
70353,amazon_tea,overseas,Amazon US,Tea,B007I7Z3Z0,3,,This is tea? Really?,"What I expected: Something that tasted like green tea with perhaps a hit of honey, strawberry, and acai flavor, finished with the typical sugar-free aftertaste. What I got: A pleasant tasting strawberry soft drink with very little sugar-free aftertaste. Don't get me wrong, the taste of this drink is quite nice. The strawberry flavor is quite fresh-tasting and at room temperature is very fragrant. It's just not at all what I'd expect for a product from Lipton calling itself ""Green Tea Mix"". The powder dissolves very quickly, even when stirred with a spoon in an open glass (vs shaken in a bottle). So why only three stars? Like I said, I expected green tea. I got strawberry drink. If you're looking for strawberry, this is very good. If you're looking for tea, move along."
181961,amazon_tea,overseas,Amazon US,Tea,B0009F3POY,2,,Not working,I was so hopeful this would work after reading all the great reviews but Ive been using it at the highest suggested amount for a week and nada...
145653,amazon_tea,overseas,Amazon US,Tea,B003D4F1QS,3,,"Good, but stale","Each tea bag is wrapped in packaging. The bottom of each says ""Best by 20102014"". Huh? I think this tea is stale. The expiration date is confusing or just meaningless. The tea bags are sent in a shipping box. So, you get 100 tea bags all wadded into a cardboard box with a shipping label stuck on the outside. You will need to put the bags into something else when you receive them. A ziplock bag should be fine."
230006,amazon_tea,overseas,Amazon US,Tea,B000WB1YSE,4,,good quality green tea compared to other brands of tea bags,"nice, genuine taste of matcha, compared to many other kinds of green tea bags on the market that neither have the color nor the taste. The only downside is that each bag doesn't last long -- one bag is only enough to make a 12oz cup of fragrant tea, after that it's nearly tasteless."
441777,amazon_tea,overseas,Amazon US,Tea,B004E4HUMY,3,,"Cool design, great idea, not great flavor.","Most importantly, in my opinion (from the sweet south) I don't think this tastes much like sweet tea at all. I am pretty used to the flavor you get from the sweet tea we sell at my BBQ pit job..or McDonalds etc. I am used to diet teas too, like Crystal Light. But this has barely any flavor and at best would be good for tea drinkers who like weak, unsweetened tea. I did give three stars because the packaging is soooo cool. It looks cool, makes you want to buy it, it's just a fun container. Also, the idea of having a wee squirt bottle you can carry in your purse or backpack or briefcase and add flavor to a bottle of water...love it! It's like a flask for the on-the-go crowd of the new millennium! It's just such a neat idea! I do think whatever flavors they offer though, need to be a lot stronger so you don't have to add so much to get a good balance. I'd say this is a great idea. I can see lots of flavors like cotton candy, (various snow cone type flavors), coffee, latte, maybe even something like broth that you could add to hot water? Cocoa! I can even see fun candy flavors, like M&M, Reeses, etc and you could mix them together in the bottle. A good future is possible, just give us more intense flavor!!"
62147,amazon_tea,overseas,Amazon US,Tea,B000CQG8K8,3,,Time for Tea,"roduct arrived timely. Six boxes. I sampled this tea in a resturant and it was delicious. Can't say the same for my purchase. Good tea, but not as flavorful as Bigelow."
521342,amazon_tea,overseas,Amazon US,Tea,B007JFXWRC,3,,Amazing color. Flavor... not so much,"Please see ""tea.jpg"" photo on this page. The color once steeped is tremendous, a really great ruby-red that looks like it's out of a 1940s Technicolor movie. The aroma is very pleasant, sweet and floral. The taste, however, leaves a bit to be desired. The aroma is promising you the moon and your brain is going ""Yes, yes, yes!"" and then the taste doesn't have the goods, you know? Kind of thin-tasting. I've had a locally-produced hibiscus tea which has a more assertive flavor (if not the incredible color). I'm going to let this cool down and make some iced tea later and see if that doesn't help this tea out a bit. Another sip. The aroma is heavenly. But the taste is absent. This comes not in a teabag, but a clever little synthetic-material pyramid for some reason. Very novel. Novelty is valuable. Really just the fact that this stuff is so different and comes in a little pyramid tea infuser would make it a nice stocking-stuffer type gift for the tea lover(s) in your life. Or ""teabags"" as a British ex-roommate once described dedicated tea drinkers. Another sip. Still kind of weak-tasting, but I wonder if you couldn't put this stuff in a room humidifier... (don't try this, it's just a thought because this tea smells so great)... The flavor is growing on me, but it's still thin-tasting compared to the incredible aroma... --- Unfortunately, this tea wasn't very good as iced tea. Kind of tasted like watered-down fruit punch."
222379,amazon_tea,overseas,Amazon US,Tea,B004E4CCSQ,3,,"Yummy, but some concern over ingredients","Simply based on taste, I give this ""Peach Tea"" flavored water-enhancer a pretty good rating. It's certainly a lot better than Crystal Light or some of those other powders. I'm health conscious and drink pretty much nothing but water and the occasional carrot juice. After a while, I do admit, water can start to taste bland. I would occasionally like to drink something sweet without having to worry about all the sugar. Enter this MIO stuff, which seemed like it could fit the bill: in theory. I'm not a nutritionist, so I don't know how actually healthy this stuff is. My guess is that it's not healthy at all. Generally speaking, anything that tastes this sweet is not good for you. Here are the ingredients: Water, Malic Acid, Propylene Glycol, Citrict Acid, Contains less than 2% of natural flavor, Sucralose and Acesulfame potassium(Sweeteners), Potassium citrate, Polysorbate 60, Blue 1, Yellow 5, Red 40, Potassium Sorbate (Preservative). So yeah, a bunch of stuff I've never heard of plus some icky dyes. Personally, I'd just rather drink up a nice cool glass of purified water. It feels clean and tastes good, unlike MIO which is sweet and feels sugary going down. But, if for some reason you simply MUST drink something sweet, these little juice-it-ups might help out. Overall, I'd never spend a dime on them. And I DEFINITELY wouldn't spend $6 for a little bottle. But, because it was tasty, I do give it a solid average rating."
37327,amazon_tea,overseas,Amazon US,Tea,B003CK2BQG,5,,Yummy!,"I really enjoyed this tea and will definitely order again. The jasmine is subtle and more of a scent than a flavor to me, but it's still wonderful."
43929,amazon_tea,overseas,Amazon US,Tea,B001EQ5JLE,5,,As good as it gets.,"PG Tips is a little more expensive than domestic brands, but it's worth every penny. I've tried every other brand and none compared. It's strong enough to add milk and sugar and still taste the tea flavor. The color is rich and inviting instead of weak and grey."
458621,amazon_tea,overseas,Amazon US,Tea,B000FFIL92,4,,absolutely recommended!,"I love flowering teas and was looking for a clear teapot especially for those teas for a long time. This tea pot is small but right size for two people. Considering how expensive flowing teas by itself, this is absolutely a great deal. I bought two set for myself and for a gift."
181834,amazon_tea,overseas,Amazon US,Tea,B0009F3POY,5,,works pretty good,"Traditional Medicinals Organic Mother's Milk Herbal Tea, 16-Count Wrapped Tea Bags (Pack of 6) Working pretty good for me. The box says to drink 3-5/day. A few months ago I only drank about 3/day. I noticed a small increase and stopped. THEN a couple of days ago I drank a LOT more, lol, probably 1/2-1 whole box a day! But it worked. I also increased my pumping sessions from 2x/day to 3 or 4/day, increased my water intake, decreased my caffinated coffee intake. Now I know doing all those things will increase milk production but doing those things in addition to drinking the tea increased it much, much faster. I haven't noticed any of the negative side effects for either my daughter or myself. I also don't drink it all the time, just when I need to bump up my supply."
458581,amazon_tea,overseas,Amazon US,Tea,B000FFIL92,2,,Dry aftertaste dulls appreciation,"I was really excited about ordering this set and thrilled when it came. I have noticed something unexpected about the teas, however. With the teas I have tried from this set I have noticed an unpleasant dry aftertaste. Another taster noticed the same thing without my mentioning it. I really like the glass tea pot. It is very nice to watch the tea fill the glass orb with color and flavor. Whether the flowers are beautiful or look more like sea urchins will be a matter of personal taste. I had high hopes for the Starlight Rose Tea (white tea leaves with rosebud) and found it far inferior to Rose Petal Black Blended Tea by The Republic of Tea, which is excellent. On the other hand, Numi's Moroccan Mint is one of the finest teas I have ever tasted, superior to an old favorite of mine- Stash Tea Moroccan Mint. After tasting this tea I am surprised by the number of reviews rating the tea that comes with the set as quite good. Maybe I got a bad batch or have strange taste buds- but there it is. The bamboo box is quite charming."
145652,amazon_tea,overseas,Amazon US,Tea,B003D4F1QS,5,,Nice Herbal Tea,"The tea reminds me of a cross between apple chamomile and red zinger. Tea arrived fast. Paper wrapped bags, loose in a box. I keep them in a pretty, large cookie jar at home and a stash at work for me and for bribes. Tasty am or pm!"
43777,amazon_tea,overseas,Amazon US,Tea,B001EQ5JLE,5,,Love it!,Got introduced to this tea at my son's house--have been trying to find it since last September forgot to check Amazon--just found it and got some-love it better than coffee.
145471,amazon_tea,overseas,Amazon US,Tea,B003D4F1QS,4,,"Great Tea, misleading description","Ok, the tea is great. But the description says ""Foodservice packaging, dispenser opening"" but that's not the case at all. You get a box, full of single serve metal pouch tea. That's it, no dispenser opening, no foodservice packaging. Just be sure to understand that you are getting a box full tea bags and that's all."
37378,amazon_tea,overseas,Amazon US,Tea,B003CK2BQG,5,,Great!,I was so happy to find this tea. It is our favorite and the price is better than anywhere! We have completely quit drinking soda- this is cheaper and healthier!
62073,amazon_tea,overseas,Amazon US,Tea,B000CQG8K8,2,,Where is the Bergamot flavor??,"I was expecting a lot more from a tea that is named ""Double Bergamot"". Some other Earl Grey's I have used have more Bergamot flavoring in 1 tea bag then this little tea in 4. Thus I am rather disappointed! Although for a regular Earl Grey fan this tea might be good, for the Bergamot enthusiast it is not recommendable."
123229,amazon_tea,overseas,Amazon US,Tea,B000CQBZOW,2,,Yuck,"I decided to be risky and order a big box on unknown tea - this stuff, along with big boxes of Blueberry and Raspberry. The other teas were better than expected - but this stuff was just plain unflavorful and weird tasting. Couldn't taste the strawberry. Perhaps the weird taste is the Rooibos in the tea. I have to be sure to never buy a rooibos based tea again, although the stuff is supposed to be good for you. I drink my tea iced and always brew a bag of plain ol green tea in with the herb bags, but I don't think the green tea messed this tea up. When I first opened the foil pouch, the tea looked different and didn't have that rich fruity smell of the other teas and I thought 'uh oh'. I was right. Won't be buying this again, but that is purely my personal taste - the kids didn't like it either and they are big tea drinkers."
222467,amazon_tea,overseas,Amazon US,Tea,B004E4CCSQ,3,,"Good, but I'll stick to my CL flavors","I was pretty excited to try this out, what with the rows and rows of MIO flavors staring at me on the shelf as I purchased my occasional pack of Crystal Light. I love adding things to water, but I'll admit that at times the packets will either be too much or too little, depending on the size of the water bottle. (And not all of us wants to carry around a partially opened packet of drink powder that always seems to want to empty out into the bottom of our purses.) Convenience-wise, this is pretty awesome. You can add as much or as little flavoring to this as you like, so if you like a very strong peach tea flavor, you're covered. Like it a little weaker? You can do that too. It's all liquid so it mixes together pretty awesomely as well. No clumps of powder in the bottle or cup that need to be shaken apart. (Which means no clumps of powder hitting your teeth if you're not willing to let the drink sit until the powder dissolves.) It's unfortunately not the best tasting stuff I've ever had. It's just a little too artificial tasting for me to really like it as much as I wanted to. I wasn't expecting miracles from this drink and I knew that it'd taste at least a little chemical-ish, but this is just a little off putting. It's good enough to where I'll drink it, but it's just not the best as far as peach tea goes. However, if you're on the road and can't get real peach tea and don't want to go the powder route, this will be your best bet. It's still better tasting than some of the artificial stuff you find in various drive-thrus. I am curious to try some of the other flavors out there in the MIO line and I have a feeling that I'll enjoy those far more than I have this pack."
37237,amazon_tea,overseas,Amazon US,Tea,B003CK2BQG,5,,Best price you'll find,"This is one of my favorite teas. Stash's mix of green tea and chai spice is the best I have found. It is aromatic, yet milder than regular chai. Tastes great both plain and with milk. This deal on Amazon is by far the cheapest way to buy it, especially if you ""subscribe and save."" I drink this almost every day during the fall and winter, so it is a great opportunity to stock up. If you enjoy green tea, this is a must have."
181872,amazon_tea,overseas,Amazon US,Tea,B0009F3POY,3,,It didn't work for me,"Unfortunately, it didn't work for me. I have followed all the instructions correctly and no luck. I am going to try Nature's Way Fenugreek seed capsules and hope to see good results."
441808,amazon_tea,overseas,Amazon US,Tea,B004E4HUMY,5,,Sweet Tea Without All of the Sugar,"I grew up in a Southern family where my Mother would use 1 cup of sugar per pitcher of iced tea. I have always loved iced tea and have missed it since I had to give up sugar a year ago (let's face it, unsweetened tea with sweetener is NOT the same). So, I was excited to try the Sweet Tea MIO. I love that you can add as little or as much of the MIO as you want to your water. There is no predetermined size and you do not have to shake the water to get it to mix in. You just squirt, swirl, taste and add more if needed. I personally love the taste of MIO Sweet Tea. It is definitely the closest I have came to my Mother's sweet tea without all the sugar. It may be too sweet for some people though. My Husband who's Mother was more health conscience, thinks it is too sweet. The nice thing is that he can just add a tiny bit to a larger glass of water and be able to drink it. I definitely think that MIO is worth the price. It seem like a small bottle at first glance, but it lasts a long time. Southern Sweet Tea drinkers should love it."
136104,amazon_tea,overseas,Amazon US,Tea,B005SPQENY,3,,"Great Taste, Different!","This beverage was very interesting. It had a nice passion fruit flavor, and there were chunks of what I assume is aloe. It was also very sweet, so would probably taste a lot better if it's diluted with sparkling water. I did expect a lighter flavor so that it would let the flavor of the green tea come through somewhat, but it didn't really, and just tasted like juice to me."
538188,amazon_tea,overseas,Amazon US,Tea,B0061IUIDY,5,,"Super-mellow, tasty, which mends the bones!","OK, I'm close to tea fanatic. I've probably sampled 100's of tea types over the years, and like them all. Originally, it is said tea was a muscle and fatigue relaxer, a drink to calm the spirit, and mend creaky bodies. So when I wake up, mending the bones is first on my agenda before heading out into the real world. So, I ordered this Higgins and Burke tea here, and now it's a staple. Not only for the taste, but more important, the fact that it calms my bones; so it is good for all meals and all breaks. If you've ever wondered why the Brits, Chinese, and many others go for a tea break, this particular tea is the top reason!"
521352,amazon_tea,overseas,Amazon US,Tea,B007JFXWRC,5,,A nice change of pace.,"I am a big tea drinker. I drink caffeinated tea during the day, but switch to white or green tea in the evening. I usually drink loose leaf tea, but I thought I'd give this a try. You definitely get the berry flavor and color from this tea. I was surprised that it didn't contain artificial colors after brewing my first cup. It is a little on the tart side as the box says. If you don't like that, you can add a bit of sugar or honey. I like it with just a touch of sugar. The little pyramid bags are very cute and the tea is spread out better than in a folded bag, and the lightweight material seems like it allow better circulation. I have started drinking this in the evening when I sit down to read. It has a very soothing quality to the aroma and flavor."
441871,amazon_tea,overseas,Amazon US,Tea,B004E4HUMY,1,,Convenient,"I gave this product a 1-star for its packaging because if I were ever concerned about being able to have iced tea wherever I went, then Mio Sweet Tea mix would be handy to have. Having said that, I thought the taste was a little flat, and I suppose if I were traveling I would buy tea in a restaurant or store. If you are going camping, this might be good to have but I don't know if I would choose it over Crystal Light flavor packs. That's my preference. You can try yourself to see."
222457,amazon_tea,overseas,Amazon US,Tea,B004E4CCSQ,2,,Too expensive,"Others here have reviewed the taste. I am in agreement that it is ""chemically"" and cloningly sweet. Others have compared it to other products like Snapple, Crystal Lite and Arizona Teas. How is that possible? Its not at all a competitor to any of those products. My main problem with this product is it is grossly overpriced for something out of the chemical labs of Kraft. Sure, on a per-drink basis it may be cheaper than a prepared bottle of any of the above, but consider that it is ... 1.6 oz of chemicals in a little plastic container. Way overpriced. Several people expressed that they like flavored water and this is convenient for adding flavor to water anywhere they go. That's what earned it the second star. The concept is one of convenience and Mio score okay on that. I don't mind drinking plain water so there is no major lure for me. If you like such a product and don't think paying $18 for four 1.62 oz containers is too much, there's no reason for you not to try it out."
70344,amazon_tea,overseas,Amazon US,Tea,B007I7Z3Z0,2,,Good taste but fatally flawed,"These Lipton iced-tea packets are a great concept. Essentially, you can take these little packets anywhere, pour it into a (standard 16.9 fl. oz.) bottle of water, and enjoy some tea. It's quick and easy, but unfortunately these Tea & Honey packets don't seem to actually work very well. The box warns, ""Tea takes longer to dissolve so SHAKE WELL."" This, however, is a pretty big understatement in my experience. After pouring the powder in, I shook the bottle a couple times and found that the powder clumped together immediately. I shook and shook and shook, but to no avail. Certainly, it flavored the water, but there were also big sugar-particles floating around my bottle. I tried it once more but to the same result. It's really a shame because the taste is quite good, much like a pomegranate flavored-water. But along with this good taste, your mouth is filled with an unpleasant amount of sugar clumps. Of course, it would be possible to filter these out with a strainer of some kind, although that would totally defeat the convenience aspect of the product. It's unfortunate."
37366,amazon_tea,overseas,Amazon US,Tea,B003CK2BQG,4,,"good, but not the best","This is a good product. But I thought it was not as smooth as Tzao (sp?) or even Bigelow Organic Green Tea (from Sam's Club). The Bigelow is also much less expensive (175 bags for about $7.00). I've had better tea than all of these in Asia, but don't know the brand names. Also, if you go to China or Japan, green tea is usually not green. It varies from dark brown to pale green, including many shades of amber depending on growing conditions, processing and harvesting time. [...]"
62092,amazon_tea,overseas,Amazon US,Tea,B000CQG8K8,4,,SHASH PREMIUM PEACH BLACK TEA,THIS IS A GREAT QUALITY FLAVOURED PEACH BLACK TEA THAT I LOVE. I USED TO STRICTLY BUY BENTLEYS BUT THEY HAVE STOPPED SELLING THE PEACH FLAVOR AND THIS IS A GREAT SUBSTITUTE. IT IS A LITTLE EXPENSIVE BUT WELL WORTH IT!
43842,amazon_tea,overseas,Amazon US,Tea,B001EQ5JLE,4,,Yummy tea that sure beats the heck out of that Lipton crap!,Good tea. Not AWESOME tea. Cool bags. The guys at work love this stuff. They drink it like water. The bulk box is prefect for us!
43808,amazon_tea,overseas,Amazon US,Tea,B001EQ5JLE,5,,A great source for my favorite tea.,"Finally, finally I have a great consistent source for buying my favorite British tea. I've been drinking P G Tips since my first trip to England back in the 1980's but have often had trouble finding a source for purchasing it here. I got it from British food importers for many years, then my local grocery stores began to stock it. Except they don't always have it on the shelf and I often have to visit several stores to find it. Amazon has definitely solved that problem for me. I really enjoy drinking this particular tea. It is a very mild tea, without the harsh flavor some other black teas can have. Since I make at least two pots of tea each day (and sometimes more) this lovely large quantity will come in very handy and keep my pantry stocked for a long time to come. It was also much cheaper to buy in this larger size than the 40 count boxes I find in my stores, plus no sales tax and the additional savings of the Amazon Prime membership came in very handy with eliminating the shipping charges."
181854,amazon_tea,overseas,Amazon US,Tea,B0009F3POY,3,,Decent but acquired taste,"I didn't seem to be producing enough milk for my son so I decided to try this tea based on a recommendation from a friend. It definitely has an acquired taste much like black licorice, which I don't particularly care for. However, it is bearable once you add a fair bit of honey. It's hard to say if the tea itself worked for me because in addition to the tea, I have been taking fenugreek capsules and pumping after each feeding. In all fairness though, I did notice my milk supply increase. Before this tea and the fenugreek I was only able to pump about a quarter of an ounce or a half ounce on a good day. After the tea and fenugreek, I noticed I was able to pump about two to two and half ounces per session. Not much but still better than before. If you can get past the taste or happen to like licorice, I'd say it's a decent product. Just be sure to add plenty of honey. If nothing else it's a nice tea to drink before bed."
230033,amazon_tea,overseas,Amazon US,Tea,B000WB1YSE,2,,"Tasteless and bitter, probably good enough for catering and office",I don't get all the rave. It's at the bottom of my list in term of quality tea. At first I thought I was brewing it for too long or too high a temperature. So I tried different conditions. Letting the water cool down for 1 min (from kettle at 80C) and leaving the tea bag for 30 secs in half a cup (~4 oz) did get rid of the bitterness and provided some flavor (use two tea bag in a 6 oz to get more flavor and lower bitterness). Overall I am not impress and will never buy again.
145688,amazon_tea,overseas,Amazon US,Tea,B003D4F1QS,5,,"Love this flavor, very unique.",I have a hard time finding this flavor except during Christmas. It is one of my favorite flavors of all time.
70336,amazon_tea,overseas,Amazon US,Tea,B007I7Z3Z0,3,,Refreshing but OH THAT AFTERTASTE!,"I like the single serve packets, making it a quick grab with a bottle of water for work or school. The positive is this Lipton Green Tea in Honey, Mango Pineapple flavor is true to taste, offering a real sweet combination of the three flavors. The negative is that I just couldn't get past the disinct aftertaste from the sucralose additive. I've tried other lo cal drink mixes, and all basically offer the same flavors with artificial sweeteners to save on the calories. So unless you enjoy that metallic after-flavor with your drink, pass these up and go with plain and refreshing water or sparkling seltzer."
37345,amazon_tea,overseas,Amazon US,Tea,B003CK2BQG,3,,bland,"I only drink green and white variety of tea (no fruit mixes), however this tea didn't have any taste and was slight improvement on having hot water."
37375,amazon_tea,overseas,Amazon US,Tea,B003CK2BQG,5,,Wonderful Teas,I bought this tea wanting to try something new and was NOT dissapointed. I drink it every morning.
230135,amazon_tea,overseas,Amazon US,Tea,B000WB1YSE,5,,Delicious plain green tea,This tea is delicious if you like plain tea. It tastes much more natural than some other green teas I've tasted. It doesn't have the bitterness that most bagged teas have. And it costs only $10 at Costco.
70302,amazon_tea,overseas,Amazon US,Tea,B007I7Z3Z0,2,,They were OK,"Not a big fan of this type of drink (mixes for water) but thought I would give it a try. I thought that it was really sweet, luckily I had a bigger water bottle than the directions said because I don't think I would have been able to drink it based on the directions. I could definitly taste and smell the fake sugar that is in it (Sucralose) so I was a little confused when it said that it was sweetend with honey. I would not buy this product again."
521441,amazon_tea,overseas,Amazon US,Tea,B007JFXWRC,3,,Nice iced; not hot.,"Not caring for regular tea or the caffeine, I drink herbal tea exclusively and am always on the lookout for fun new flavors. This Blackberry Vanilla sounded delicious,, not a flavor combination I had seen before. I should also mention that my true test for how well I end up really liking a tea's flavor is whether or not I need sweetener. If I need it then the flavor is most likely too bitter for me. Out of the box, the tea bags have a bit of a dried flowers smell, not very fruity. However, when it is brewing the fragrance is delicious! The berries wake up, and the vanilla too. I tried this tea both hot and iced. As a hot tea, the flavor was alright, but it was like there were too many herbs and not enough berries. I did end up needing a bit of sweetener, as I felt the flavor was too earthy. The vanilla was too subtle to detect. It was when I tried this tea iced that I found I really enjoyed it. The cold seems to suit the berry flavors nicely, I can taste the vanilla, and I didn't need any sweetener at all. I have never cared for Lipton's pyramid tea bag packaging. There is nothing protecting the tea bags inside of the box, such as a paper liner, and since the pyramid shaped tea bags are too awkward to be individually wrapped, it's just open tea bags sitting together in a paperboard box. Also, the bags and string are some sort of plastic-like material, so I cannot put them in my compost bin. As an iced tea, I liked the Blackberry Vanilla. But the flavor as hot tea and the less-than-desirable packaging keep me from getting excited about it."
37217,amazon_tea,overseas,Amazon US,Tea,B003CK2BQG,5,,This green tea is for me....,"I would, by no means, consider myself a green tea expert, but, I definitely appreciate its place in my life, and as part of my morning breakfast ritual. I find that I feel the antioxidants percolate in my head. What's more, I actually am one of those weird people who like how bitter it tastes, when you've brewed it to its full potential. Stash Premium Green Tea does not fail to disappoint, in the antioxidant factor. What's more, there is a wonderful smoky quality, too. Stash has always produced a high quality line of teas, and this is another wonderful addition to their family of flavors and adventures in hot water......"
230034,amazon_tea,overseas,Amazon US,Tea,B000WB1YSE,2,,Disappointed by a normally good product,"This tea arrived stale. The production date on the package was over a year ago, and there are about four months left until the product's ""best by"" date. Sadly, there was no way to know this until it arrived. Drinking it is bearable, but not enjoyable as it usually is with this product. If you can buy it fresh elsewhere I would recommend it, because it is normally a very subtle, pleasant tea that brews in a speedy 30 seconds. I really like it when I'm in a rush."
34001,amazon_tea,overseas,Amazon US,Tea,B00412W76S,2,,"Good at first, but quickly became overbearing for me","I bought this tea at my health food store because I thought it looked interesting. The name and the description really pulled me in, as well as the picture on the box. At first I was confused as to what the taste reminded me of, but then I realized it reminded me of pink Necco mints. I don't drink sugar in tea, but I think if I did and I had put some in this tea it would've made it overbearing. However, after drinking this tea once every day for a week or so, I'm finding it to be almost like a chore. I love the health benefits and this tea has actually helped me feel pretty good after drinking a cup, but the taste is becoming a bit overbearing. As I mentioned early in my review, the taste is reminiscent of pink Necco mints (minus the mint part, of course) but it can be hard for me to get through a cup of it because after awhile that Necco taste begins to remind me more and more of chalk. Yes, it definitely has a chalky flavor. I will still continue to drink this tea until the box is gone but I don't think I'll be buying any more of it unless it has some sort of miraculous effect on me later on down the box. Still, it was worth a try because it was nice at first."
43772,amazon_tea,overseas,Amazon US,Tea,B001EQ5JLE,5,,This is the best ever!!,"I have been drinking this tea since I was a little girl in England. I was so happy to find it on Amazon and the price just can't be beaten! If you like strong, refreshing,black tea then you should try this. I love it."
70348,amazon_tea,overseas,Amazon US,Tea,B007I7Z3Z0,1,,Artificial tasting and yet another sweetener in it,"This product is sometimes advertised as having no aspertame in it, which is true. But it still has an artificial sweetener in it - sucralose. So instead of Satan, you are getting the Devil here ... and they also let this product sail under a false flag, by putting ""Tea&Honey"" in BIG letters up front. So naturally, you might think that this is an actual healthy product, organic even. Just read the ingredients list and you will quickly recognize what it really is: sugared water with some flavors in it. A brave self-test revealed a strong artificial taste, root-canal-pain inducing sweetness, immediate scratching and itching in the back of my throat, chemical aftertaste - just totally and utterly horrible. A burst of flavor, as the advertising claims? Rubbish. And something else happened to me, which was already described by other reviewers - as soon as I opened the package, a very fine dust emitted which immediately made me cough and gasp for air. I just hope, this stuff is just bad tasting and not toxic on top of it ... Very rarely, I bemoan the fact that Amazon makes you give at least one star at the review. For this product, I would like to have the opportunity to give no star at all ..."
458721,amazon_tea,overseas,Amazon US,Tea,B000FFIL92,4,,Cute tea pot,"Overall I thought this would be great but kinda disappointed what I mean is the colors of the flowers were not vibrant they all were kinda green sickly looking plants and only three teas I really liked said they tasted like what they were suppose to, I still haven't tried them all and that's because I don't normally like black teas, I'll be getting to those later in the month. I love the tea pot as my mother in law is always hogging the big metal one, so I place this little pot in the microwave and heat up the water and than have my tea, its quick and easy and the handle keeps me from getting burned. It is smaller than expected since it comes in a pretty big box. It says hassle free packaging but I laughed because getting it open was pretty hard to do. It is dishwasher safe and cleans up easy it is really cute and I love the pot, and it was fun to try something different I do love the tea but If I buy tea again I'm buying the satchel version and not this bulb stuff again as it can only be used two times really. It holds about one cup of tea. If you love tea this was more for personal fun, but overall not for drinking a lot of tea. Overall good starter kit for watching flowering tea but if your a tea drinker buy what you know and trust."
222484,amazon_tea,overseas,Amazon US,Tea,B004E4CCSQ,1,,Full of Artificial Flavors,"This ""tea"" drink is very sweat, but in an artificial way. Sucralose and acesulfame are the sweatners(no thanks). I'll stick to pure cane sugar(easier for my body to digest). The ingrediants list is full of artificial junk. I'm used to tea drinks such as Tazo and Honest Tea with simple ingrediants and are natural/Organic."
123141,amazon_tea,overseas,Amazon US,Tea,B000CQBZOW,5,,Love This Tangy Tea,"I think I might be addicted ! This tea is so different, so tangy, it calls to me around 9 am when I am starting to drag and again later in the afternoon. It is so zippy, unlike any tea I've had, its a real pick me up. I love Stash teas and have been a fan for nearly 20 years, this one is a winner."
33913,amazon_tea,overseas,Amazon US,Tea,B00412W76S,2,,Fenugreek tea,"The taste is not great, but it's bearable. I could not get used to the smell, the unfinished box is still sitting in my drawer and I've no plans to stock up in future."
33946,amazon_tea,overseas,Amazon US,Tea,B00412W76S,1,,Hated it,"This review is about the product the seller was great! I heard it was good for sleep couldn't find it local so i bought it here. It stunk up my house, taste awful. save your money and buy any other tea out there."
181822,amazon_tea,overseas,Amazon US,Tea,B0009F3POY,5,,Good for colic babies and milk production,I can definitely tell when I miss a day of drinking this tea! My daughter seems to not be colic on the days I drink this too. Very good stuff :)
136040,amazon_tea,overseas,Amazon US,Tea,B005SPQENY,3,,Pretty Darn Sweet,"The slim, hexagonal bottle of Chantea Aloe Vera Green Tea's Passion Fruit flavor is elegant, indeed. I love its design and the beverage's taste is interesting and complex. But this is not, as the packaging's subliminal message suggests, a ""healthful"" drink. It's loaded with cane sugar, the second ingredient listed and, in fact, it may taste too sweet for many palates. In addition, it's pulpy. If you like fiber in your tea , try this drink, especially when you're looking for a beach-y fibe, but be forewarned."
222368,amazon_tea,overseas,Amazon US,Tea,B004E4CCSQ,1,,"""Controversial"" Ingredients, chemical taste","Here is the MIO Peach Tea ingredient list that KRAFT has so well hidden on their site that I actually had to go to another website to find them: Water, Malic Acid, Propylene Glycol, Citric Acid, Flavor(s) Natural, Sucralose and Acesulfame Potassium Sweetener, Potassium Citrate, Red 40, Yellow 5, Blue 1, Potassium Sorbate Preservative The controversial ingredients are as follows: 1) Propylene Glycol, 2) ""Flavors Natural"" 3) Acesulfame Potassium Sweetener, 4) Red 40, 5) Yellow 5 and (last but not least controversial!) 6) Blue 1 You can find out more about Franken-foods such as MIO Peach Tea Water Enhancer in the ""Food Facts"" website. KRAFT should try something really controversial like making a peach tea from TEA LEAVES, PEACHES & SWEETENER."
70127,amazon_tea,overseas,Amazon US,Tea,B007I7Z3Z0,5,,"Very good flavor and taste, a bit too sweet!","This is a ready to go (instant) ice tea powder in 2 cup pouches. It's real easy to make - you can drop the contents of each pouch in to either a bottle of water or two cups of water and you have ice tea. It dissolves fairly easily even in cold water. The ingredients include honey and sugar, citric acid, green tea, sucralose, maltodextrin, hibiscus extract and beta carotene. The mango and pineapple flavors are very subtle and do not influence the taste too much. It's great and refreshing on a summer afternoon."
521453,amazon_tea,overseas,Amazon US,Tea,B007JFXWRC,5,,Tea is drunk to forget the din of the world. ~T'ien Yiheng,"Being raised by European grandparents and marrying a Brit, tea has been a constant in my life. There are plenty of herbal teas out there but with company's passion for adding GREEN TEA to most blends, I've avoided the herbal teas like a plague since I'm the only person on the planet who can't abide the taste or aroma of green tea, no matter HOW it's masked with other flavours. So, I was very excited to try Lipton's Herbal blends. Upon opening the box, I was blown away by the heady/fruity scent! I also adored the pyramidal tea bag shape; it made sense that it would help with the brewing. I made my first cup, added a spoon of Tupelo Honey and sat down to try it. Fifteen minutes later, I made another cup. Fifteen minutes after that, I made an entire pot! Oh.What.Joy! Exceedingly fruity but in an utterly natural way, not as in an ""artifical additive"" way. The vanilla was not cloying or overwhelming but just added to the heady taste and aroma. I have since tried this blend without sweetener (nice) and iced (even nicer!) with a squeeze of fresh lime juice, which appears to amplify the blackberry taste. Looking at the other varieties that Lipton is offering in their herbal blends, I now have some more tasty treats to keep me company when I cozy up with my e-book and cats. (and perhaps a bit of shortbread, too) ;)"
145634,amazon_tea,overseas,Amazon US,Tea,B003D4F1QS,5,,The best ever!,"I've sampled hundreds of teas for decades. I may not be a connoisseur but I know what I like. This Stash decaf tea is the best I've ever had, over any other brand. It makes great iced tea as well. Once you try it, you'll be hooked."
136045,amazon_tea,overseas,Amazon US,Tea,B005SPQENY,5,,Green Tea infused with Aloe Vera bits,"First off, I really liked the taste. I found it very refreshing and didn't mind the aloe vera bits in the drink like some in the reviews did. I try to eat healthy, but am by no means an authority so believe this product is good for you. After all, Chantea won the Best New Product Award at the 2011 World Tea Expo. I don't think it would have won for being bad tasting or unhealthy. I think drinking one a day could be a nice healthy snack. More satisfying than just drinking water and much better than drinking soda pop. Aloe and green tea are so good for you, sugar in moderation isn't bad. So all in all, I give this product 5 stars for a great tasting and healthy drink."
181840,amazon_tea,overseas,Amazon US,Tea,B0009F3POY,3,,Bummed,"I ordered this tea because I wanted to produce more milk so I could pump and bottle feed my daughter because I didn't want her getting used to the breast 100%. Unfortunately, it didn't work out for me. I only gave it 3 stars because at around the 2nd or 3rd day, I noticed that I was breaking out in different areas of my body and it was very itchy. I know it was the tea that caused the reaction because it was the only new thing I had started to take in and as soon as I stopped drinking it, the rash went away. So I can't really rate its efectiveness because I didn't drink it long enough. I'm not a big fan of tea, so I didn't care for the taste too much, but a little bit of sugar helped."
43832,amazon_tea,overseas,Amazon US,Tea,B001EQ5JLE,5,,Best Tea Ever,"I lived in England for a short time and was introduced to PG Tips there. Since returning to the states, I can't stand American tea. It's like drinking hot brown dirty water! PG Tips is rich and satisfying, a cup of comfort. You immediately see the difference when you pour the hot water over the bag. The color is dark and the essence is intoxicating. I have it with milk and sugar and it puts me in a relaxed and warm state of mind. I can never go back to that other tea! Believe me, there is a vast and improved difference you will appreciate to the fullest. A most satisfying cup of tea."
33891,amazon_tea,overseas,Amazon US,Tea,B00412W76S,5,,Taste,Tastes Great! My wife and I drink this tea on occasion and regular grocery stores dont usually have it in stock.
136047,amazon_tea,overseas,Amazon US,Tea,B005SPQENY,4,,A+ for taste; C- for health.,"Chantea Aloe Vera Green Tea, Passion Fruit has everything going for taste. It's sweet, but not overly sweet, with just enough of that green-tea bite and aftertaste to make it interesting even to consumers who like a product that lists 'green tea' on the label to actually maintain some of the characteristics of green tea. The passion fruit flavor actually tastes like passion fruit, even though it seems to be one of those laboratory-produced 'natural' flavors. Really, not bad; they got this one right! Chantea has also made the bold decision to include actual pieces of aloe vera in the beverage. The texture is nice, similar to boba or jelly teas. Add the colorful packaging and feel of the bottle in your hand, and this is a beverage that is as fun to drink as it is delicious. If you are looking for flavor and fun, you can't go wrong with this tea; however, if you are looking for a healthy drink, you might look elsewhere. While this is a healthy choice compared to, say, Mountain Dew, it does contain 19 grams of refined sugar and 80 calories per serving. There are 1.5 servings per bottle, which means if you drink the whole bottle (as I did), you are consuming 28.5 grams of refined sugar and 120 calories. To someone who drinks a can of soda every day, that's not much; but to someone trying to avoid sugar or cut back on calories, that's a lot!"
123148,amazon_tea,overseas,Amazon US,Tea,B000CQBZOW,3,,Ginger with a little lemon,Decent tea. I think the ginger overpowers a little. Average to slightly above average herbal tea.
37339,amazon_tea,overseas,Amazon US,Tea,B003CK2BQG,4,,"Nice mild minty tea, actually makes an enjoyable cup.","I've been tasting along several green tea's trying to find one that I liked. I was beginning to feel a little like goldilocks. One would be too strong, the other too bland. I think the spearmint in this tea adds an really nice note with the peppermint and lemongrass, making it actually enjoyable rather than a necessary evil. I found the mint to be nicely pronounced, and the lemongrass to be only barely detectable, with a little bit of honey it's really good. So if you're looking for a way to incorporate green tea into your daily routine, and like me you like it mildly paired with mint. Then give this tea a shot. (I do agree that maybe you should try with a single box first, so that you're not stuck with 6 if your palate is more refined than mine)"
230121,amazon_tea,overseas,Amazon US,Tea,B000WB1YSE,5,,Satisfied,I love this tea! I'm happy that I'm able to purchase it without having to shop at cosco. It arrived quicking as well
538207,amazon_tea,overseas,Amazon US,Tea,B0061IUIDY,5,,Best non-homemade chai tea,"I was skeptical at first, as I generally like to make chai tea from scratch, using black tea and spices from my pantry, but this is almost as good. It tastes better than the chai teas you get at coffee houses (which are usually from pre-made factory mixes) and definetly than powdered varieties. It also holds up well to milk (though if you're looking for more than a 10 oz cup at time, I'd double bag it) and isn't overly-sensitive to a too long or too short steeping time. And, it's as good as the loose leaf chai teas I've tried from fancy places like Teavana. This is the only bagged chai tea I'll ever buy, I think."
441965,amazon_tea,overseas,Amazon US,Tea,B004E4HUMY,2,,"I love MIO, but not the Sweet Tea flavor","The Mango Peach and Berry/Pomegranate MIO flavors are absolutely wonderful; with those, 3 squirts in a litre of water produced the perfect flavor for my water. However, with this Sweet Tea flavor, I couldn't strike the right balance. Either it tasted like tea that was flat and weak (3 squirts), or too sweet when I tried more."
538416,amazon_tea,overseas,Amazon US,Tea,B0061IUIDY,4,,Good tea,I really enjoy this tea. It tastes quite nice and brews well just following the instructions on the box. I am looking forward to trying some of the other flavors they offer.
145538,amazon_tea,overseas,Amazon US,Tea,B003D4F1QS,5,,Strong smooth calming tea,"Love this tea always keep coming back for more. If you don't like bergamot, I sugest Stash regular Earl Grey, however if you crave the added flower this is the best going"
222497,amazon_tea,overseas,Amazon US,Tea,B004E4CCSQ,3,,disappointing because it doesn't taste like tea,"I find this whole line disappointing, perhaps, for no other reason than I expect this to taste like tea. Sadly, it tastes like colored water. Disclaimer: I'm a foodie who likes the finest tea. I do not drink Lipton under any circumstances. If you like tea that's not very good, this might be an acceptable product. Also, I still believe this would be an acceptable addition to undrinkable water as it would mask the fogginess of the water."
230020,amazon_tea,overseas,Amazon US,Tea,B000WB1YSE,3,,So so tea not bitter no kick,I did not like this green tea as much as other tea varieties. I wanted to try something different and this isn't really what I was looking for. I'm more of a bitter tea kinda person. I will be going back to jasmine tea.
538226,amazon_tea,overseas,Amazon US,Tea,B0061IUIDY,4,,Pretty good,"I am not a fan of cinnamon, but I like tea and wanted to give this product a try. Surprisingly, although the cinnamon flavor is quite strong, I enjoyed the overall flavor combination of this tea. For me, other spices are muted with cinnamon being the main flavor. I let a tea bag to brew for a while and to cool off in my spill resistant cup. I drink it rather quickly and did not mind the cinnamon flavor. I find this tea to be energizing, and I usually have it either in the morning when I get to work or at about 2PM when I am crashing from lunch and falling asleep."
145740,amazon_tea,overseas,Amazon US,Tea,B003D4F1QS,2,,Stash Tea Bags,"I was disappointed and suprised that the 100 count tea bags were sent loose in an unmarked box. Also, the tea, when brewed, does not seem to be as strong as when I have purchased the same blend from traditional grocery stores. I question the freshness and authenticity of the product. I will not buy this product again in this manner."
441790,amazon_tea,overseas,Amazon US,Tea,B004E4HUMY,3,,The Third MIO Flavor I've Tried...,"I regularly drink herbal iced teas at home, but I also bring powdered flavor packets and bottled water to drink at work. I much prefer the flavor of real iced tea, but flavored water can be a good convenient and cost effective drink while away from home. The MIO flavoring is a good concept for flavoring water easily since you don't have to deal with messy powders (which often seem to spill and go everywhere), but it has some flaws that keep it from being a great product. This is the third flavor of MIO I've tried, (the other two were the Mango Peach and the Peach Tea). The Peach Tea is still the best as far as I'm concerned, but the Sweet Tea flavor is decent. It wouldn't fool anyone into thinking it was real Sweet Tea, but it's still drinkable (although it can have a slightly bitter aftertaste). As far as taste goes, it's about on par with various powdered flavor packets I've tried. If you are interested in MIO, you might want to just try the Peach Tea one first because it was the best tasting of the three I've tried."
136055,amazon_tea,overseas,Amazon US,Tea,B005SPQENY,5,,"A pleasant, tropical massage for the taste-buds","CHANTEA ALOE VERA GREEN TEA is a juice drink packaged in a 340 mL plastic bottle. The bottle is clear and has a white-colored molded screw top and replaceable screw cap. The bottle is hexagonal. The drink is more of a passion fruit drink, and less like a tea drink. In Hawaii, the shelves of grocery stores sell juice that contains passion fruit juice, called POG. POG contains passion fruit juice, orange juice, and guava juice. Passion fruit, known in Hawaii as lilikoi, are a beautiful yellow/orange on the outside, but a bland gray on the inside. When consumed, the lilikoi has little pulpy thingees. The CHANTEA ALOE VERA GREEN TEA also has the same little pulpy thingees, which makes it a truly unique drink. At any rate, if you don't mind the little pulpy, squiggley thingees that are in home-made squeezed orange juice, then you will not mind the little pulpy thingees in CHANTEA ALOE VERA GREEN TEA. This product is fine for packing into routine lunches. This product is also fine when you have plans to throw a tropical-themed party at home. At any rate, this product is an abundantly palatable source of our most important nutrient, namely, water. The product is sweet, and it contains cane sugar. This is a good thing, because sugar is absolutely required for the central nervous system, and also because dietary sugar spares the body's degradation of protein. Persons with training in nutrition, e.g., registered dieticians, know about the classic studies of Gamble, which showed that extra sugar in the diet can reduce our dietary requirement for protein. This effect is called ""protein sparing."" See, Gamble (1948) Physiological information gained from studies on the life raft ration in Harvey Lectures 42:247-273."
222278,amazon_tea,overseas,Amazon US,Tea,B004E4CCSQ,3,,"Great concept, but odd artificial peach taste...","The concept of this product is wonderful, since you can use as much or as little as you want. I typically use the individual size packets of Crystal Light, which recommend using a standard sized bottle of water to mix it with. With the MIO product, I can choose to make a smaller or larger amount. However, I really dislike the taste of this particular variety. I have tried using just a little, and I have tried using several squirts. There is an odd tasting artificial peach flavor that I just do not like. My husband and son tried it as well, and neither one liked the flavor."
34013,amazon_tea,overseas,Amazon US,Tea,B00412W76S,5,,I'm a believer,"I ordered this product because of the Dr Oz show for anti-aging, a nice by product is I swear my knee pain has improved since I started drinking a cup a day, oh yeah and it taste good."
230060,amazon_tea,overseas,Amazon US,Tea,B000WB1YSE,5,,Best Green Tea,One of my co-workers turned me on to this green tea (he gets it from CostCo but since they don't take Discover I'm skipping on that one). It is the best green tea I've ever tasted. It has a light sweet taste and it reminds me of some of the teas I had on vacation in Japan/China.
43759,amazon_tea,overseas,Amazon US,Tea,B001EQ5JLE,5,,True English Tea,"PG Tips is the most popular tea in England, and for good reason. This is true English tea at it's best. Nothing fancy, just a good strong cup-a. Strong enough to enjoy with milk and sugar, the way the Brits like it best. If you just want a good cup of tea at a good price, than P G Tips fills the bill."
123176,amazon_tea,overseas,Amazon US,Tea,B000CQBZOW,5,,Excellent tea!,"Chamomile Nights Tea from Stash is delicious and very relaxing. Wonderful way to end the day! I have had trouble finding it in stores, but Amazon carries it in stock and has a great price. Thank you, Amazon!"
43818,amazon_tea,overseas,Amazon US,Tea,B001EQ5JLE,3,,Not Strong Enough!!! Lacks Full Flavors & Sophistication,"Ok, I've been drinking a variety of hot teas usually with cream & a tad of sugar since the late 1970's... before that iced tea... Amazon did sell this at an excellent price 'IF' you subscribe & it arrived promptly with a VERY FRESH date... expiration in 2013 for best flavor (bought in August 2011). Unfortunately, this tea is too weak & too smooth... I have to use 3 tea bags per 10-11oz cup of water to get some strength infused into it for 10 minutes! I recommend Lifeboat Tea (also from UK) over this or Scottish Breakfast if you want even more strength & full flavors. If you don't want strong Full Flavors or Sophistication, then this tea is a buy for smooth & subtle drinking... good for a tea party... to eat little cakes & scones with it. Better it be Lifeboat or Scottish Breakfast, imo, for my tea parties. :-) Right now, my ideal blend would be a combination blend of Scottish Breakfast AND Lifeboat... Lifeboat needs a tiny kick of strength & flavor from the Scottish tea... that's my perfect cuppa tea... If you know a better stronger blend that can top that combo taste, then please comment to this post... and Thanks!!!"
230107,amazon_tea,overseas,Amazon US,Tea,B000WB1YSE,5,,Real Green Tea,"This tea was recommended to us by some friends from Japan. They told us that the green tea that is sold in most grocery stores is not authentic green tea. Following their recommendation, we purchased this tea and have been very satisfied. It not only has the true green color, it is also very mild with a slightly sweet taste. Delicious!"
34019,amazon_tea,overseas,Amazon US,Tea,B00412W76S,3,,I'll pass...,"Not enough flavor, murky brown color, lacking in aroma. I enjoy other varieties from this line but prefer a different brand of rose hip tea. I'd drink it over regular black tea though."
521479,amazon_tea,overseas,Amazon US,Tea,B007JFXWRC,3,,"Too much blackberry, not enough vanilla","The Lipton Herbal Blackberry Vanilla tea was good, but a bit too fruity for me. It had almost a ""medicine"" taste for some reason. I thought it could have really used a bit more vanilla to tone down the fruitiness. Other than that it was a good herbal tea with a lot of flavor."
34048,amazon_tea,overseas,Amazon US,Tea,B00412W76S,4,,It works for me and that is all I care about,"I read some of the reviews on here and I almost didn't purchase. But I reached a point where due to my erratic work schedule, trying to fit in my studying time and completing assignments, my sleep pattern was disrupted and it was affecting my mood and concentration. So I bit the bullet and purchased this at a local B&M store. When I got home after work, I boiled some water and opened the package. I noticed that this tea was packaged in a plastic bag so I guess it did has a pungent smell. I opened the plastic bag and took a big whiff. I was kind of disappointed. It doesn't smell as bad as some of the other reviewers made it out to me but then again my nose has been wonky for some time so it could be me. Yes I will admit that it does has a funky odor but it is not that strong to me. To me, smells like this health food store I used to frequent in the Hyde Park neighborhood. Very musky but weirdly comforting. I have tried it with peppermint, turmeric (for a different affliction) and I have tried it plain with stevia and it taste okay to me. I wouldn't say I have an iron stomach because I can easily get sick if food is left out in the open not at the proper temperature. For me, this product took about two days for it to kick in and I am now able to sleep for a full eight hours straight instead of sleeping in fits of four hours here, wake up for about two hours, sleep for three, wake up for a hour and sleep for another four hours. For those with sensitive noses and sense of taste, you have been amply warned by other reviewers. For others, I say give it a shot or at least pair it with some other teas to dilute the taste a bit. There are some great suggestions mentioned by other reviewers, like mint for example."
230064,amazon_tea,overseas,Amazon US,Tea,B000WB1YSE,4,,The best authentic green tea in the States,"I bleed Japanese green tea and have lamented that no authentic stuff has been available in the States (unless you live close to Japanese grocery shop like Mitsuwa). I cannot stand the fake, ""flavored"" green tea so abundantly found in the shelves of regular supermarkets. Well, I think my eternal search may be over, thanks to Kirkland! What I like about this tea is that it *is* authentic Japanese green tea. Sure, this is not of gyokuro kind, and you don't get the extra kick and aroma that you can easily feel with more expensive green tea, but when there is basically no authentic green tea available in the States, what can you expect? I'm so grateful that I can just have the same products that you find on the shelves of grocery shops in Japan. I am so happy that I can stock this up in my office and home at such a cheap price. Well done!"
61978,amazon_tea,overseas,Amazon US,Tea,B000CQG8K8,5,,Stash Chai Tea,I absolutely love this tea. I let steep about 3-5 minutes to extract all of those wonderful spices this tea contains; then add cream and sugar. Extremely recommended!!!
70370,amazon_tea,overseas,Amazon US,Tea,B007I7Z3Z0,1,,"Lemon Flavored, Lipton Tea and Honey Iced Tea Mix","as a tea, this stuff is terrible! However, you can use it to sweeten tea made from a tea bag & it is useful. I wish I had not bought so much. The Sucralose level is so high, that the artificial sweetning level is off the charts - in a bad way. The tea flavor is not very good, but OK. I tried diluting it more, but the tea becomes diluted & it just tast like weaker YUCK. The lemon flavor is not mild either. Needless to say, I'm not a fan of this product at all."
37224,amazon_tea,overseas,Amazon US,Tea,B003CK2BQG,3,,"The fragrance is lovely, but it is too fermented to be good green tea.","The fragrance is strong and floral - lovely. The tea is dark golden brown and much more like a fermented Oolong than green tea. I didn't like it at first, because it lacks the gentle subtlety of the blend of green and jasmine. It's almost like an afternoon tea with jasmine added. Over time, this tea has grown on me, and I like that it is a bit stronger than a typical jasmine green. However, when I want that delicate flavored, I look for something else, even the Bigelow (and I'm not a great Bigelow fan)."
521464,amazon_tea,overseas,Amazon US,Tea,B007JFXWRC,5,,taste pretty good,"i drink alot of tea, so i decided to try this. i measured exactly 8 ounces of water for the cup. i like my tea strong & this bag gave a very satisfying brew. the taste is good, a bit tart, slightly sour. i think the hibiscus flowers give it the sour taste, but i grew to like it. the vanilla taste is subtle, not overwhelming which is good. the bags are a new design to me. they're little plastic triangles which i think allow more water to seep more thoroughly. good idea. i recommend this tea & i think i'll seek out other flavors in this line."
62003,amazon_tea,overseas,Amazon US,Tea,B000CQG8K8,5,,"Great tasting Ice.,,,",Makes great tasting Ice. Mix one Luanne Qt tea with 2 Ber tea bags. Makes one quart. Sweeten to taste. Delish!
33950,amazon_tea,overseas,Amazon US,Tea,B00412W76S,1,,Stale,"I think these had been sitting around in a warehouse for a long time, because it took them a long time to send it to me and, when I got it, the tea tasted like cardboard. I've had red rasberry leaf tea before, so I know it's not supposed to taste like this..."
62025,amazon_tea,overseas,Amazon US,Tea,B000CQG8K8,5,,yum,This is the best orange spice tea I have ever had. Lots of flavor.
37353,amazon_tea,overseas,Amazon US,Tea,B003CK2BQG,2,,Hot water,"I tried to like this tea being that I bought a whole box, but I am still working on it going 4 months now. I drink at least one cup of tea at work everyday and I am partial to mint in my tea. However, there is little to no tea or mint flavor going on here. I have shared this with many people at work and it isn't just me. There are particles left behind in the tea bag with more aroma than the brewed tea itself. I always leave the bag in the cup as I drink it and it never gets stronger. There is nothing satisfying about it, I might as well just drink hot water. I do like stash teas but don't make my mistake, try it first. The packages I received are different than pictured now, maybe it has improved. I am disappointed."
70220,amazon_tea,overseas,Amazon US,Tea,B007I7Z3Z0,1,,horrible,"By initial appearances, this looks like it could be very good. Sweetened by honey - good, natural - good, but then take a look at the actual ingredients. Not much natural about this. Sure honey is one of the ingredients, but so is sucralose. I know plenty of people are fine with this or use it as a substitute for sugar for dietary reasons, but I can't stand the stuff. The mix of different tastes (tea, pomegranate, sucralose) is very unpleasant to me. Of course tastes vary between any two people and you may enjoy this, but be aware that it does contain artificial sweeteners if that is not what you are looking for. I have also tried the Mango version and although it also contains sucralose, it is a bit more tolerable."
123126,amazon_tea,overseas,Amazon US,Tea,B000CQBZOW,5,,Great ginger taste,This is a terrific tea. I love it and have been drinking it almost daily since I bought it. I will certainly buy more in the future.
181945,amazon_tea,overseas,Amazon US,Tea,B0009F3POY,4,,milk flows,"I am an exclusively pumping mother. When I first started pumping I may have pumped 1/2 ounce to 1 ounce. After drinking the tea for a dew days, I began pumping 1 1/2 ounce to 3 ounces per pump. This tea helped my milk production."
521472,amazon_tea,overseas,Amazon US,Tea,B007JFXWRC,4,,Good for Fans of Fruity Teas,"While this tea cannot match the blend I used to get from a local tea merchant, I did enjoy it. It's sweet and tangy, the blackberry very prominent, so no extra sugar was needed. I didn't taste much vanilla, but I am okay with that. This was my first time using the pyramid bags from Lipton. The leaves were larger than what I usually find in Lipton bags, so that was a plus. The directions said to steep for 4-6 minutes. I did, but found the tea not quite strong enough for me. 10 minutes yielded a tastier cup. One time I forgot all about it, and I left it steeping for about an hour. I tried it and while the blackberry was very strong, it wasn't bitter. Would make a very nice iced tea."
123089,amazon_tea,overseas,Amazon US,Tea,B000CQBZOW,5,,"Licorice lovers and health nuts, this is for you!","If you love black licorice and and would like something that also has great health benefits, you'll love this tea. I brew this tea and drink hot, but even when it gets cold, its still great. I often just add more cold water to it and get a very mild licorice taste that is better than just strait water. I will do this several times until I just want more of the licorice taste, and brew some more tea. As to the health benefits, there are many. Here are just a few: ""useful for many ailments including asthma, body odor, bursitis, canker sores, chronic fatigue, depression, colds and flu, coughs, gingivitis and tooth decay, gout, heartburn, HIV, viral infections, fungal infections, ulcers, liver problems, Lyme disease, menopause, psoriasis, shingles, sore throat, tendinitis, tuberculosis, ulcers, yeast infections, prostate enlargement and arthritis."" See [...] and click on the link licorice. That is where this health info came from, but there is much much more info there on that web site too. It's said to be very good for flu and colds, which I'm fighting now, and it's so very SOOTHING to my throat! You'll love this tea."
70313,amazon_tea,overseas,Amazon US,Tea,B007I7Z3Z0,1,,MISLEADING- contains artificial sweeteners,"I bought this product because I dislike the taste of artificial sweeteners, so I thought this would taste better than other low-calorie powdered drink mixes such as Crystal Light. However, as soon as I tasted it I knew there was ""fake sugar"" in it- I could taste the artificial sweetener but could not taste the honey at all. I turned the package over and sure enough, one of the listed ingredients was sucralose, which is found in Splenda. I think the label is a bit misleading because it gives the impression that only honey is used to sweeten the product which is not the case. The box says it does not contain aspartame, which is true, but sucralose is not much better for you and still has an artificial taste. I didn't like this so I wouldn't buy it again, and truthfully, I would rather buy this product if it was sweetened with ONLY honey or real sugar, even if that meant it had more calories. A spoonful of sugar only has about 20 calories- if they put one spoonful per pack and each pack makes two glasses of beverage, it would still be a low-calorie drink, it would taste better and would be more natural."
181893,amazon_tea,overseas,Amazon US,Tea,B0009F3POY,5,,It's ok,"I liked it. It doesn't taste bad and it helped a bit with lactation. Though I am not sure if it was the tea or other things I was doing to produce the milk-shredded carrots with whole milk,a couple of pecan pieces a day or decaf tea with milk..."
123199,amazon_tea,overseas,Amazon US,Tea,B000CQBZOW,3,,Too much of a licorice smell and taste,"Well, I understand that since it is Licorice Spice tea it would have some licorice smell and taste, but it is just too much for me. If you use 1 bag of it in your cup you are getting light yellow liquid with a very strong licorice taste and smell. I am using it in a tea pot mixing with other teas then it is working better."
521476,amazon_tea,overseas,Amazon US,Tea,B007JFXWRC,4,,Really lovely,"I am not a big tea drinker, and even I like this. It has strong blackberry flavor, with a subtle vanilla note. Soothing and calming, perfect to unwind, or as a late night treat. And I just love the little pyramid bag, so cute!"
145841,amazon_tea,overseas,Amazon US,Tea,B003D4F1QS,3,,"Good deal, but tea bags come all crushed in the box!","This is a good deal moneywise, but the bags do come all thrown in a box. I thought there would be more protection for them or they would be stacjed in some way they don't move around. I had to take all the bags out and flattened them. So if you are buying them for food service and are presenting the bag in some way, you may just want to buy the boxes. I thought I could be more green buying just the bags and putting them in boxes I already had, but now I would buy the six box version of this instead, because I don't like tea bags that are all creased up when I bought them new."
70248,amazon_tea,overseas,Amazon US,Tea,B007I7Z3Z0,5,,Good stuff!,"Like the other varieties available, these come in individual packets for use with bottled water which makes them really handy. This particular flavor of Blackberry Pomegranate is more intense than some of the others. Not a bad thing if you like both of the flavorings. Worth atry if you're a flavored sweet tea fan."
222402,amazon_tea,overseas,Amazon US,Tea,B004E4CCSQ,3,,Reminds me of swimming lessons as a kid,"Is it bad that I kind of like this only because it smells and tastes mildly of chlorine, and that somehow gives me happy nostalgic childhood memories of swimming lessons? I thought I was crazy when it reminded me of chlorine, but it's obvious that i'm not the only one! I probably won't buy this again because i'm worried about my safety but it was an interesting experience none-the-less."
230096,amazon_tea,overseas,Amazon US,Tea,B000WB1YSE,3,,Kirkland Green Tea,"The box was packed in 2010 and best used before March 2012 - I wasn't aware of this when I ordered it. Even so, it's far superior to any other green teas I've bought, so I am going to keep it."
538338,amazon_tea,overseas,Amazon US,Tea,B0061IUIDY,5,,"Rich, a Bit Malty, but Balanced +++","This Higgins & Burke Earl Grey Black Tea compares well to other Earl Grey black teas. I have tried many teas, including a number of Earl Greys. I just tried this variant brewed moderately strong -- and served in four ways -- hot alone and with milk then iced alone and with lemon -- each way with moderate brown sugar as well. I took an initial sip [before adding the brown sugar] and after smelling it carefully and looking at the exact color. It was just fine then and excellent after serving with brown sugar -- but in two ways hot and two ways iced as stated. This Earl Grey black tea is rich, a bit malty [which I like] -- but well balanced with the bergamot adding well to the quality black tea -- with a good amount of tea in each bag being enclosed in foil-lined packets +++"
230090,amazon_tea,overseas,Amazon US,Tea,B000WB1YSE,5,,excellent for iced tea,"with two bags per large glass of ice water, letting them steep for four minutes, then removing the bags and dumping in the remaining matcha in the pouches, you have 50 drinks worth for ~27 dollars USD. all natural, too. that ain't bad."
521461,amazon_tea,overseas,Amazon US,Tea,B007JFXWRC,5,,Tea Time,"Right off the bat the aroma from the opening the box will grab you! Sweetly fragrant, this tastes as good as smells. With just enough vanilla to balance the blackberry flavor, it makes a delicious cup of tea. I shared it with friends and co-workers and they all loved it as well. Lipton serves up a winner!"
145702,amazon_tea,overseas,Amazon US,Tea,B003D4F1QS,5,,Absolutely delicious,I love this tea. It is yummy especially in the summertime as iced tea. Just overall delicious. The coconut flavor is not too strong but you know it is there and it makes for a great aftertaste.
135983,amazon_tea,overseas,Amazon US,Tea,B005SPQENY,5,,surprisingly refreshing.....,"I tried this Chantea Aloe Vera Green Tea with a bit of trepidation. First off, have you ever accidentally tasted aloe vera? I put it on burns and the liquid is beyond horrible, but I was a bit intrigued with the idea of this tea so I thought why not give it a try....so glad I did. Likes: a really pleasant taste, that is not too sweet, just nicely so, it would be very refreshing over ice. I wasn't quite sure about the idea of little chunks of aloe and they are good. Now, I do like pulpy orange juice and bubble teas though, so a little chewy stuff in my beverage is not a problem for me. If you don't like that whole ""texture"" in your beverage thing, you might want to pass, but I really liked it. No preservatives, real green tea infusion....all pluses in my book. Dislikes: It has 120 calories per bottle....that's really all I can come up with. I wish they had a diet version, maybe flavored with stevia for us calorie watchers. Because it is 120 calories I won't indulge daily, but that is really the only drawback for me. Overall, the passionfruit flavor was delicious and I would definitely purchase this and also be open to trying new flavors."
123211,amazon_tea,overseas,Amazon US,Tea,B000CQBZOW,4,,My favorite,"I have tried several of the Stash herbal teas (and other brands), and this is my favorite. As mentioned by some of the other reviewers, it is a little weak when compared to other brands, but the flavor makes up for that, in my opinion, and I do not always want a strong tea."
136013,amazon_tea,overseas,Amazon US,Tea,B005SPQENY,3,,Like Chewing Guppies,"O.k., this is just weird. It's green tea with aloe vera pieces in the tea. (Not pureed passion fruit, not essence of passion fruit, just aloe vera pieces.) When I first started drinking it I thought I'd gotten a contaminated bottle. This is one of the strangest things I've ever had to drink. It tastes good, but I can't get past the fact that every mouthful reminds me of chewing small fish in water. No."
222523,amazon_tea,overseas,Amazon US,Tea,B004E4CCSQ,2,,Not a fan.,"Truth be told, I'm exceptionally hard to please with water flavor enhancers. I typically think they taste way too ""chemically"" and often fail to taste like they intend. The MIO Liquid Peach Tea is not an exception. The peach taste is absolutely all you get, and its assaulting. It is not a ""day at the beach, little umbrella in your glass with some ice"" memory flashback. Using the recommended dose, It is an over-powering sickly sweet peach flavor that is not very reminiscent of warm summer days, or tea in any capacity. After you get over your initial shock of the extreme sweetness, you may then note the acidic aftertaste of the chemicals used to acquire the peach'y goodness. Although I recognize I may be overly critical and many may not be as judgmental as I am, for my personal palette - this tea is just too harsh. I was under the impression this would be a water flavor enhancer, not a water flavor obliterator. On second thoughts however, with something this strong - I believe it will do well in places where you are desperately trying to mask the flavor of impure water. Overseas the water in Iraq and Afghanistan is reportedly considered notoriously bad so I think MIO Liquid Peach Tea would be loved with open arms."
538372,amazon_tea,overseas,Amazon US,Tea,B0061IUIDY,2,,Expensively bland,"At 18.4 cents/bag, this is a very expensive tea. Stash Premium Double Bergamot Earl Grey Tea, Tea Bags, 100-Count Box is 13.8 cents/bag (100 bags), Bigelow Earl Grey Tea, 40-Count Boxes (Pack of 6) is 13.1 cents/bag (240 bags), and Twinings Earl Grey Tea, Tea Bags, 50-Count Boxes (Pack of 6) is only 10.8 cents/bag (300 bags). Other quantities are also available but the price/bag tends to be small compared to the company cost differential. Is the quality worth the cost difference? No. I drink my tea straight up--no sugar, no milk, no lemon (except when iced). This tea has far less flavor than say Twinings--it's thin even without adding sugar or milk. I tried steeping it an extra long time too but that didn't help. The Bergamot is less compelling, and the tea taste is almost absent. I cannot recommend this product."
62045,amazon_tea,overseas,Amazon US,Tea,B000CQG8K8,5,,The best chai tea on the market,I've tried many others but this is by far the best chai tea out there. The spices in this one are amazing and I can't stop drinking the tea. I probably have 3-4 glasses a day. Recent studies have stated that drinking chai tea can boost metabolism. I would highly recommend this product to anyone.
123178,amazon_tea,overseas,Amazon US,Tea,B000CQBZOW,5,,Sweet and Lovely Tea,"***** Stash's Licorice Spice Caffeine Free Herbal Tea has a the sweet flavor licorice teas are known for, along with several nice spices that complement the licorice in a lovely, more-subtle-than-chai way. Licorice Spice Tea contains licorice root, cinnamon, orange peel, star anise, sarsaparilla, natural vanilla flavor, natural orange flavor, natural clove flavor, natural cardamom flavor, and natural cinnamon flavor. Sweet and delicious! You don't need to add anything at all to Licorice Spice Tea, even if you normally like your tea sweetened. It is perfect just as is. It also has a very smooth taste, despite all of the flavorings. The tea bags come stamped with an expiration date, which I like, so that you can be sure the tea is fresh. The date on mine is 26 months away, so you can take your time :) Definitely recommended. *****"
61990,amazon_tea,overseas,Amazon US,Tea,B000CQG8K8,5,,Gets me out of bed in the morning!,"What can get me out of a cat-warmed bed on a chilly morning? A pot of Stash Double Spice Chai tea. The spices are enticing and warm up you up down to your toes. I find the best way to drink it is with a splash of vanilla soy milk in the bottom of the mug, then pour in the tea. The vanilla soy adds just enough sweetness to counteract the bitterness of the tea (I like to brew it strong), but not so sweet that it overpowers the spices. Yum!"
230110,amazon_tea,overseas,Amazon US,Tea,B000WB1YSE,4,,"A decent cup of green tea, even better iced","While I wouldn't describe myself as a tea connoisseur, I am a regular tea drinker. I like both green and black teas. I buy the Kirkland Signature Green Tea Matcha blend especially for brewing iced tea: 5-7 tea bags in cold water left overnight in the refrigerator, remove tea bags, and serve with or without ice. I find it needs no sweetener or lemon. Tea bags left longer than 24 hours will make the tea bitter and the matcha sediment can also become bitter. There are other teas I like better, such as a Gen Mai Cha or a high quality Jasmine tea. For the price, the Kirkland brand is just fine and reliably available at Costco."
43934,amazon_tea,overseas,Amazon US,Tea,B001EQ5JLE,5,,the tipping point,"need to a/b pg tips and your fav teas, went thru the usual suspects and those brits know a good thing"
458647,amazon_tea,overseas,Amazon US,Tea,B000FFIL92,1,,"Cheap,not as advertised,one cup pot breaks easily,dud flowers","I read other reviews that there was at least a 16 ounce glass teapot...wrong!! It barely hold one cup and broke the second time I used it it is so cheap.First barely flowered, the second not at all. had bought these for presents but cannot give..embarrassingly cheap. you also cannot return to Amazon so am stuck with them. Not top quality or giftable."
33885,amazon_tea,overseas,Amazon US,Tea,B00412W76S,5,,Earthy and comforting,"Its a really delicious earthy, herbal tea. Every cup makes me feel warm and comfy. I love it! his will definitely be a repeat order."
538369,amazon_tea,overseas,Amazon US,Tea,B0061IUIDY,3,,Just okay,I thought this tea was about average. I prefer a bit more taste in my Earl Grey tea. After making a cup of this I made a cup of the Stash Earl Grey and it really eclipsed the Higgins and Burke in both taste and aroma. This isn't a good enough tea to make me leave Stash's products.
70297,amazon_tea,overseas,Amazon US,Tea,B007I7Z3Z0,5,,Refreshing & Delicious,"Don't ya just love the little ""to-go"" packs of flavoring available today for adding flavor to bottles of water? Find a flavor you really like, and the packs slip into your purse. You can ALWAYS find a bottle of water wherever you are at today! Simply add the flavoring to your water, and shake! Lipton Tea & Honey is no exception. Simply grab your bottle of water and a flavor pack... this one was Mango Pineapple flavored Iced Green Tea, pour it into the water.... and shake! A delicious, refreshing tea with just a hint of mango and pineapple. Lightly sweetened, but not overpowering. A low 5-calories per 8-ounce serving, or 10-calories per 16-ounce bottle of water. This is going to be one of my all time favorites, and I can see me reaching for this one often when the weather heats up this summer! Simply refreshing! I give Lipton Tea & Honey Iced Green Tea Mango Pineapple Five Stars and my Thumbs Up! ****DISCLOSURE: This product was provided by Amazon Vine in exchange for an independent and non-biased review."
222471,amazon_tea,overseas,Amazon US,Tea,B004E4CCSQ,3,,Just OK,"This product is an amazing concept, however the taste was too sweet for my liking. I have tried other flavors from this brand and again love the concept, this flavor was just not to my liking. I do believe I would try other flavors still!"
43816,amazon_tea,overseas,Amazon US,Tea,B001EQ5JLE,1,,Poor quality tea and very cheap packaging,"I found this tea to be weak and bitter. Also, all the tea bags, which are in gimmicky triangled shaped tea bags are packed loose in the cardboard box so there's a bunch of loose tea in the bottom of the box. Accordingly, to keep it fresh, one needs to put the bags into an airtight canister or zip lock bag. To have 240 tea bags packed loosely in a cardboard box is just simply poor packaging. The tea arrived somewhat stale and even if it had not, it would have become stale in short order. I see this has received a lot of positive reviews. I've not read them and my review is not influenced by them in anyway. I would never buy this tea again and could not in good conscience recommend it. Perhaps I'm picky but there are too many really good black teas available to, in my humble opinion, ever give this product consideration."
230072,amazon_tea,overseas,Amazon US,Tea,B000WB1YSE,5,,Great product,"This is my ""everyday"" green tea. It is delicious and high quality. It is cheaper if you buy it directly from costco, but, since I have neither a costco nearby nor a membership, this is still a great deal. My only wish is that they packaged the bags in biodegradable paper, not plastic."
230001,amazon_tea,overseas,Amazon US,Tea,B000WB1YSE,5,,Best Green Tea,Love Kirklan's Signature green tea. Every time I open a bag it feels like a treat and I know I'm going to get a quality cup of green tea. Got a box for a gift and then ordered a box for my son's girlfriend who loves green tea.
181939,amazon_tea,overseas,Amazon US,Tea,B0009F3POY,1,,not good,I didn't even get to see if the product works because the herbs are super relaxing and put me to sleep. I took it and couldn't stay awake at work. Is not good for a working or multitasking mother!
37290,amazon_tea,overseas,Amazon US,Tea,B003CK2BQG,2,,Not great,"Very disappointed with the flavor, or lack therof. Stash usually has dependable products, so this was a real letdown."
222358,amazon_tea,overseas,Amazon US,Tea,B004E4CCSQ,2,,"A Kool-Aidesque concoction, for better or worse","Length:: 0:35 Mins MiO Liquid Water Enhancer is adult Kool Aid, for better or worse. However, a tip of the hat should go to the marketing team that developed the ""water enhancer"" description as well as the product's attractive logo and packaging. As far as water additives go, MiO stands out among its competitors. However, when it comes to taste, MiO fails to capture the subtlety of home brewed peach tea. The artificial coloring - Yellow 5, Blue 1 and Red 40 - transform a clear glass of water into a Kool-Aidesque concoction. I didn't care for the jaw-aching sweetness in my first sip or the chemical aftertaste that lingered on (and colored) my tongue. MiO offers six flavors: Berry Pomegranate, Strawberry Watermelon, Fruit Punch, Mango Peach, Sweet Tea and Peach Tea, the latter being the flavor I received from Amazon Vine to test. As you can see in my video, MiO is easy to use and quickly changes the look, smell and taste of plain water. Again, for better or worse, depending on your own taste. Each MiO bottle provides roughly 24 servings, depending on how strong you mix your drink. The ingredients are: water, Malic Acid, Propylene Glycol, Citrict Acid, Contains less than 2% of natural flavor, Sucralose and Acesulfame potassium (sweeteners), Potassium citrate, Yellow 5, Blue 1, Red 40, Potassium Sorbate (preservative). In summary, I didn't care for MiO's peach tea flavor, its artificial colors and its aftertaste. The product packaging is excellent and, should Kraft release another formula, I'd be interested in trying this again. Rating: Two stars"
123094,amazon_tea,overseas,Amazon US,Tea,B000CQBZOW,4,,"Delicious, sweet tasting tea, but...","I love the taste of this tea. It tastes exactly like licorice root and it's very refreshing. I like to make iced tea with it. However, I just read a review someone made on another licorice tea product on amazon, telling their story of licorice toxicity. I'm a fairly paranoid person, so I'm now only going to enjoy this tea about twice a week, instead of everyday like I was doing. I canceled my subscribe & save order because I don't think I can safely use up 6 boxes within the time I selected. I might be overreacting, I probably am, but better safe than sorry."
521443,amazon_tea,overseas,Amazon US,Tea,B007JFXWRC,3,,"Subtle flavor, great smell","Why only three stars? Because I have a hideous sweet tooth that this product just didn't satisfy. It's not the tea's fault that I needed to add two tablespoons of honey to it to make it palatable. That's my stupid sweet tooth! The smell was lovely--I think I might need to find a candle in this scent. And, despite my drowning the tea's more subtle flavors in honey, I still caught a hint of both blackberry and vanilla. With no caffeine, this tea is a fabulous way to relax before bed and made the perfect companion to my most excellent reading material and a cozy fire."
70066,amazon_tea,overseas,Amazon US,Tea,B007I7Z3Z0,4,,lipton tea packates,i use 1 stick per 32 oz bottle of water. i don't care for sweet drinks. so per 32oz of water really delutes it. it has a strong pineapple taste with a mango filler. it would be good with alcohol as a mixer for that tropical taste. for me it was ok and the wife liked it. so if you like pineapple and mango drinks. this would be a good one to get.
222460,amazon_tea,overseas,Amazon US,Tea,B004E4CCSQ,3,,Concentrated flavor,"Kraft Foods Global has come up with the new product. MIO Liquid Peach Tea is not tea. It is actully highly concentrated peach (tea) flavored liquid that can be mixed with (bottled) water. It comes is a portable plastic package that can be easily carried around. This small bottle does not need to be refrigerated once it is open and it can last for 30 days once it has been opened. Only a small dash of flavor is needed in the 8oz size cup. Drink does not have caffeine or any other enhancers. It is a new fashionable way to flavor one's water. You will not be adding any minerals or vitamins to your drink. This is also not the energy drink. As far as innovation goes, this is a great product and a smart marketing move. Personally however, I would rather buy already flavored bottled water, that spice up my own. But of course this is simply a matter of personal preference. Other consumers may feel differently."
37258,amazon_tea,overseas,Amazon US,Tea,B003CK2BQG,3,,Not as good as Tazo,"I bought this tea because my husband loves the double bergamot from Stash. I'd been drinking Tazo brand, and I have to admit that Tazo is quite a bit better. This one is not strong enough for me, and I can't taste the mint as much as I can in the Tazo."
230011,amazon_tea,overseas,Amazon US,Tea,B000WB1YSE,5,,Excellent green tea.,Searched a while to find a great green tea at the right price and this is it.
43746,amazon_tea,overseas,Amazon US,Tea,B001EQ5JLE,5,,PG vs Lipton,"I have to be brutally Honest here. I have been drinking tea all my life and it wasn't until 1980 (I was 17) that I started drinking PG Tips. I rate it as the WORLDS BEST and if I ever go abroad, there is always a box of PG Tips in my case. I tried Lipton Tea and OMG, was like drinking dish water. If you want a cuppa, that can satisfy your thirst, PG Tips is the BEST. Lipton is the Worst."
222400,amazon_tea,overseas,Amazon US,Tea,B004E4CCSQ,1,,Undrinkable,"I recently tried Snapple Peach Tea and became hooked, never been a fan of peach in the first place. I jumped at the chance for the opportunity to try this flavor of Mio. Needless to say, it was a huge disappointment, as most Mio's have been to me (I LOVE the Fruit Punch). It's all peach, I don't taste any tea. Maybe it's meant to be squeezed into plain tea? But I have reservations about wasting a good cup of iced tea by adding this enhancer..."
70314,amazon_tea,overseas,Amazon US,Tea,B007I7Z3Z0,1,,Yuck!,Pros: Easy Mix 10 Cals per Pack Cons: Taste Bitter & Fake Does not taste like pineapple at all! I gave it a try on 3 different days and it just got worse and worse.. Yuck!
521339,amazon_tea,overseas,Amazon US,Tea,B007JFXWRC,4,,Excellent decaf herbal tea!,"Lipton's Blackberry-Vanilla is a great decaf tea packing major hibiscus/raspberry/rosehip flavor. The aroma is fantastic with just a hint of vanilla, and the tea is fairly tart - a bit surprisingly tart at first sip. The blackberry and vanilla come through in the flavor - but the rosehip/hibiscus/raspberry is definitely the primary taste. I've tried this tea both hot and iced, and enjoyed both. Bonus points for being decaffeinated!"
34023,amazon_tea,overseas,Amazon US,Tea,B00412W76S,5,,A very fine Tea,This tea was very good. I was Very happy I got it. A tea that is so good for you and will help many things in your body. My breathing felt better after the first cup. I will be buying more again soon. Doug in Calif...
43736,amazon_tea,overseas,Amazon US,Tea,B001EQ5JLE,4,,Good Tea,"I first found out about this tea when my husband and I went to England & France. When we got back in the USA, we found it in an international grocery store. I was so excited!"
70119,amazon_tea,overseas,Amazon US,Tea,B007I7Z3Z0,1,,Deceptive advertising- will not purchase again,"When I read the description, it said it was sweetened with honey. I didn't realize that just because it says on the box that it's sweetened with honey, doesn't mean it isn't sweetened with an artificial sweetener also! The company is clearly trying to mislead consumers by pretending it's somehow ""natural"" because it's sweetened with honey and doesn't contain aspartame, but the truth is that it has sucralose. I personally do not like consuming artificial sweeteners and I think it is ridiculous that this company is trying to mislead consumers."
441941,amazon_tea,overseas,Amazon US,Tea,B004E4HUMY,5,,"Drinking water, besides essential is now fun!","I drink a lot of water, especially during workouts and while at work. Before getting the MIO, I have never heard of a ""specific brand"" water enhancer before. The closest thing I could compare to enhancing your drinking water was adding a slice of lemon in some restaurants and that was it. Getting a chance to try this gave me a different perspective of water in its variety all together. The MIO water enhancer gives a dash of creativity in the way you drink this life-giving liquid. Adding a few squirts of the MIO Peach Tea to a glass of water gives it flavor that one can tolerate. It just gives it a sweet flavor for your to enjoy water in a different way. I like the fact that it is free from Caffeine, Fat, Calories, Sodium and all other stuff that you may find from drinking other not so healthy beverages. It is artificially sweetened with Sucralose and Acesulfame Potassium, which after doing a bit of research, are both non-caloric sweeteners. In fact, Sucralose is actually Splenda so you do not need to concern yourself about caloric intake when it comes to drinking your MIO-enhanced H2O. Overall a pleasant and new experience in the way you drink water."
37240,amazon_tea,overseas,Amazon US,Tea,B003CK2BQG,5,,Hands down my favorite tea!,"I LOVE Stash Premium Moroccan Mint Green Tea. They use quality ingredients and the flavors are very well balanced - nothing tastes too strong. I have also found that this tea is particularly tolerant to over-brewing. ;-) Wonderful iced or hot, sweetened or unsweetened."
70010,amazon_tea,overseas,Amazon US,Tea,B007I7Z3Z0,2,,OK - Misleading marketing,"Iced Black Tea - Lemon - Ingredient list in order; honey granules (sugar, honey), citric acid, black tea powder, green tea powder, MALTODEXTRIN (corn), caramel color (contains sulfites), SUCRALOSE (sweetener), natural flavor, hibiscus extract. MALTODEXTRIN often contains MSG. Taste is good, 1 packet makes 16 oz. 10 cal. Mixes easily. They should clearly state the ingredients and not imply that it is sweetened with just Honey. I am also concerned about possible MSG which causes me to not sleep well and is generally a much worse food additive than most people realize. These seem ok for when you run out of REAL brewed tea and want a quick substitute. Or to take to restaurants to add to free water to save 2.50 + tax and tip on your total bill :)"
62024,amazon_tea,overseas,Amazon US,Tea,B000CQG8K8,5,,You Really Should Try this if You Like Chai!,"I happen to love chai tea, but am not fond of some of the ingredients that are in some store products. This is by far the best chai I have found. It is much stronger than you would think, so I actually make more than one serving at a time, and mix it with plain black tea (use your favorite; I know lots of teas, and use Assam -- a very strong black tea -- in combination). You can drink it with or without milk and sweetening, but remember that most chai teas you buy in tea and coffee shops have both milk and sweetening in them. It can be served either hot or chilled. The price is excellent, and I can get it in quantity so I don't (Heaven forbid!) run out. If the taste is a little TOO strong for you, they also have the chai spiced black tea in the Stash brand, which has fewer non-tea additives. I even have friends who ""don't care for tea"" who have gotten hooked on this stuff, so it must be pretty good! Stash Premium Double Spice Chai Black Tea, Tea Bags, 18-Count Boxes (Pack of 6)"
538263,amazon_tea,overseas,Amazon US,Tea,B0061IUIDY,5,,Well balanced. Similar to my favorite brand.,Earl Grey is my favorite tea and my favorite brand is the T brand from London. I found this Earl Grey to be very similar but with perhaps a slightly stronger bergamot flavor than the T brand. I drink my tea black so I find some of the other brands to be too dark. This one was well balanced. I have tried many other brands but the T brand and now Higgins & Burke are my two favorites.
538355,amazon_tea,overseas,Amazon US,Tea,B0061IUIDY,3,,Not the Earl Grey flavor I expected,"This didn't taste like either of the Earl Grey teas I love, namely Twinnings and Bigelow. The bergamot flavor is extremely mild, to say the least, but the fragrance of the brewed tea smells a bit like perfumed soap--not tea."
123077,amazon_tea,overseas,Amazon US,Tea,B000CQBZOW,5,,Delicious,"I only tried this tea because it was provided free at my hotel in Oregon. That was a few years ago and I have been drinking this tasty tea ever since. You can add sugar if you want and it's good, but what I really love about this tea is that it is delicious with nothing added. Nothing's needed. Tea bag, hot water, steep, done, drink. Great for travel. Just stash some tea bags in your purse or pocket and if you have access to hot water you can have tea in an instant. I make this tea at work, too. Actually, I drink it all day long and never tire of the fresh berry taste."
222290,amazon_tea,overseas,Amazon US,Tea,B004E4CCSQ,4,,You had me at Caffeine Free!,"I love tea, and I love flavored teas. Unfortunately, I can't have caffeine, and finding fruit teas in decaf is not easy. So a major plus for this product is that it's decaf. But a bad-tasting decaf tea is as bad as no decaf at all. Thankfully, this tastes very good. The real benefit to MIO is that you can add as much or as little flavoring as you want to get the taste you want. You can also use it in any size container/glass that you want -- no longer are you limited to 20 oz. bottles and full flavor packets. The individual MIO bottles are also easy to carry with you, either in a purse or pocket, even in a lunch box or tote bag. It's easy to use (and share). Just one warning -- be careful of how much you put in, especially when you first use it. Remember that you can always add more, but once it's in the water you can't get it back out!!"
70335,amazon_tea,overseas,Amazon US,Tea,B007I7Z3Z0,3,,Like Kool-Aid,"My husband and children, for some reason or other, HATE the taste of regular water so I'm always looking for a way to make the water taste different. We were excited to try this as they all love ice tea, but surprisingly it was not the biggest hit in my house. My husband, who loves honey and has been on a honey kick lately, said that it ""tastes like Kool-Aid"". He did drink it but said that he wouldn't be likely to purchase it. My children liked it a bit better than my husband did but they prefer products more like MIO Fruit Punch, 1.6-Ounce (Pack of 4) . The bottom line? We likely won't be purchasing this again."
33983,amazon_tea,overseas,Amazon US,Tea,B00412W76S,5,,Red Raspberry Leaf Tea,"I've a difficult time drinking red raspberry leaf tea in the past. I wanted to try it again during my second pregnancy for uterine health. This time I steeped it in boiling water, added lots of honey, and poured it over ice. It's still not the best tasting tea variety, but this particular brand seems a bit more palletable than some others. As far as it's potency/effectiveness, I suppose I won't know until the baby comes (although realistically I'm not sure I'll even know then). This price is amazing, too. I kicked myself for paying twice as much at a local health food store. I will definitely be buying my next box here instead."
538422,amazon_tea,overseas,Amazon US,Tea,B0061IUIDY,5,,tasty tea,A bag tea is usually made of such fines that you get lots of leakage throught the bag. I was pleased to see so few. I like the foil packaging. The bags stay fresher and it makes them portable. Nice clear flavor.
61986,amazon_tea,overseas,Amazon US,Tea,B000CQG8K8,4,,Stash teas.,"Stash teas offer rich full flavors from light refreshing teas to the full body spicy aroma or the rich chai teas also comes in Decaf. The longer you brew the stronger, serve with french vanilla creamer. Enjoy. **FYI** Amazon offers these by the case of 6 boxes only. Not the individual box of 18cnt tea bags. Yep, thats 108 tea bags, to share with the office & family."
538190,amazon_tea,overseas,Amazon US,Tea,B0061IUIDY,3,,Too much Ceylon; not enough Assam,"Tea snob here, so be forewarned. If I were comparing bagged tea to loose tea, the very best bagged tea would get about 3 stars. So, I'm comparing only bagged teas. This tea held a lot of promise but didn't deliver. English Breakfast should be one of those stronger teas that has a nice robust flavor from Assam tea. Instead, I got a mildly strong flavor with the astringent bite of Ceylon at the finish. Ceylon? Yep. I could go to Lipton tea for that. So, what you basically have is an upscale version of Lipton tea. I gave it three stars because, well, it's okay. Not undrinkable. Someone out there is bound to rave about the flavor, and that's good, because it'll show them there's more to tea than just the generic stuff. But I really expected more, even from a bagged tea. If you really love this tea, start trying loose teas. There are plenty of companies out there that provide some great black teas. Adagio is one, but not the only one. Try Adagio Teas English Breakfast, 4-Ounce Tins (Pack of 2) Much better stuff."
229994,amazon_tea,overseas,Amazon US,Tea,B000WB1YSE,5,,I thought I did not like green tea.....,"I picked up a box of this tea at my local Costco recently. My DR recommended that I switch from coffee to green tea for the health benefits. I was not thrilled with the idea because I never had liked green tea. So I tried this and it is soooooo good. I love that you only have to steep it for 30 seconds in hot water and it still taste flavorful and not bland and yucky. I also really like that you can cold brew it, you just use one bag for every 8oz of cold water and let steep for 3 mins. Makes a quick tasty glass of iced tea. I've never like iced green tea before either(I love iced black tea). I'm so happy I decided to give this tea a try."
230076,amazon_tea,overseas,Amazon US,Tea,B000WB1YSE,5,,Great for reducing tummy fat!,"I have been using this tea for a couple of years now. I first bought it for the low caffeine content and plus it tastes great. Over a few months of using this tea, I notice my belly fat started to disappear! Now I do exercise regularly and I am sure that helps. But I was NEVER able to loose my belly fat before I started using this wonderful tea. I highly recommend this tea for various health reason's plus the added benefit of weigh loss~!"
521468,amazon_tea,overseas,Amazon US,Tea,B007JFXWRC,4,,"Fun Flavors, Very Sweet","A quality product with a fun, interesting flavor. I'm fond of both blackberries and vanilla, and found that both flavors stood out in this tea. The only drawback was that it was very sweet, and my taste buds were a little put off. If you're into teas with a strong, fruity flavor, then this would be worth a try."
458553,amazon_tea,overseas,Amazon US,Tea,B000FFIL92,3,,Fascinating & fun to brew....blase to drink,"Although fascinating and fun to brew - watching the flower develop, the tea itself is very bland. People at work were fascinated by the flowered pot on my desk, curiously asking questions. However the fascination ended for me once the steaming cup met my lips and the tea itself passed over my taste buds. To be fair, perhaps I am not discerning enough or just not attuned to the nuance and subtlety of white tea, but I found the taste to be washed out & weak - even on the first pot. I suppose it is unique enough to warrant a try if you are so inclined, especially if you can get it on sale. I paid less than $15 for the set of nine flowers and pot. The pot does not have an infuser, so without a screen, expect bits of tea in your cup. Emjoy!"
123104,amazon_tea,overseas,Amazon US,Tea,B000CQBZOW,5,,Love this when I'm sick,"This tea is super gingery, and lemony, and I just love it with honey when I'm sick. Love it. My local grocery is out, so here I am on Amazon, buying more. Note that the primary source of ""lemon"" appears to be lemongrass. (Ingredients, via the product packaging: ""Ginger root, lemongrass, lemon flavor, safflower, hibiscus, and citric acid. Contains: Soy."" I don't understand ""Contains: Soy"", but it's not listed on the ingredients... I wonder if this is an allergy alert thing.) Looking at the ingredients, the organic version has caffeine and doesn't have any actual lemon in it... I haven't tried that one yet, though. I'm a fan of both green tea and organic products, but I don't want caffeine when I'm sick, so I'll stick with this."
61952,amazon_tea,overseas,Amazon US,Tea,B000CQG8K8,4,,This chai tastes very good but should include more black tea leaves.,"This chai has good flavor but needs more black tea leaves to make a fully satisfying cup of tea. It leans on cloves but not overly, to my taste. The Tazo chai has more tea leaves and tastes very good if used properly -- 2 mugs of tea or an extra large mug from each tea bag. I've gotten used to the Stash spicing now (have enjoyed 6 boxes) and like to drink both the Stash and the Tazo (also finished 6 boxes), which I drink straight, in succession, in the morning. Then I switch to decaf Tazo chai which is very good and makes 2 mugs per tea bag."
538241,amazon_tea,overseas,Amazon US,Tea,B0061IUIDY,4,,Light chai,This chai tea has a good but subtle taste. I usually drink a slightly stronger black tea but this is still pretty good and I'd recommend.
43909,amazon_tea,overseas,Amazon US,Tea,B001EQ5JLE,1,,Good product poor packaging,"Don't know how to complain about this. But EVERY teabag was slit, thus defective and the tea poured out before use. Don't have an explanation!"
145675,amazon_tea,overseas,Amazon US,Tea,B003D4F1QS,5,,very soothing,this herb tea is very soothing and makes me feel like when I was a kid at Christmas time with all of the treats and candies my parents would put out on the coffee table
70221,amazon_tea,overseas,Amazon US,Tea,B007I7Z3Z0,4,,Pretty Tasty,"This makes me think Kool-aid for grownups. It is that deep red color and pretty sweet tasting. I was pretty impressed since I am not a huge powdered drink fan. And, I normally am all about plain water. But we had a week or so without juice in the house and this gave me a sort of juice-fix. I mostly drank it in a glass, so not all the little powder bits mixed in as well as they would have in a bottle of water. The way the little packets rip open is really nice, they are already sort of halfway torn for you, and at an angle, so the powder falls pretty neatly into the drink. I'd recommend these to someone who enjoyed falvoring their water."
43740,amazon_tea,overseas,Amazon US,Tea,B001EQ5JLE,5,,"Tea British, Me British equals Happy",I am British and personally I cannot stand Lipton tea for hot tea. Ice tea sure hot no way. I am always on the hunt for a nice British blend of tea. I have found many but often they are expensive and the boxes are so small that for an avid tea drinker like my self I feel as though I have to buy at least 3 boxes a time and I am always on the hunt for tea as not every store sells what I want. So when I came across PG tips subscribe and save I have never been so happy (well about tea any way) This is a little piece of home away from home and the fact I now don't have to worry about hunting the stores to get it means that I can be at ease. There is always a cuppa waiting for me at home. And the pyramid tea bag does make a difference when brewing the tea.
230018,amazon_tea,overseas,Amazon US,Tea,B000WB1YSE,1,,did i just purchase hot water ???,I enjoy Japanese tea sometimes during meal times... This tea is too weak and doesn't cut it for me ...I love Costco product but green tea and their fresh Okami sushi urghh !!!.. These two product needs to go
37297,amazon_tea,overseas,Amazon US,Tea,B003CK2BQG,1,,Yuck!,"I always buy Bigelow's green tea (which aside from the need to use two teabags per cup due to weakness, is satisfactory). Still, I thought I'd give Stash's a go. I immediately knew that I would soon regret doing so when I opened the first tea packet-the smell! Like a stagnant swamp! To make matters worse, it taste like what I would imagine swamp water would taste like. Honey doesn't do much to improve upon the flavor, either. Perhaps this is what people mean when they describe a green tea as ""grassy""? At any rate, I won't be revisiting this one."
123182,amazon_tea,overseas,Amazon US,Tea,B000CQBZOW,5,,GREAT TEA,I purchase one box of this just to try something different...well when I got it home and tried it...AMAZING flavor...When you drink it I do believe that it does suppress your appetite. I did not know that was a benefit of this tea but it does work. Another GREAT Stash Tea. I also really enjoy the Vanilla Nut Creme Tea and Earl Grey by Stash.
33979,amazon_tea,overseas,Amazon US,Tea,B00412W76S,5,,No more breast milk!,"Let me start off by saying that I am not a tea drinker at all! I am more of a coffee person. Anyway, I decided that I was gonna dry up my milk supply and read somewhere that sage tea decreases milk supply. I went ahead and ordered this tea for that purpose. It says on the box that the tea is very bitter so I went ahead and added 1 teaspoon of honey. It worked perfectly. I do see that it has diminish my need to pump dramatically. I went from pumping 4-5 times a day to twice a day the 1st two days since I started drinking the tea. Yesterday I only did it once and today none so far. I am not in pain, though my breasts are still tender to the touch. I would 100% recommend this to any mother trying to stop her milk supply."
123127,amazon_tea,overseas,Amazon US,Tea,B000CQBZOW,4,,Licorice Spice tea,Really nice tea with a sweet taste for the sweet tooth after dinner.
222437,amazon_tea,overseas,Amazon US,Tea,B004E4CCSQ,4,,An easy way to drink more water,"Mio Peach Tea is a quick and easy way to add flavor to my water. Whenever I feel like I need some fluids, I grab a big glass, toss in some ice, fill it up with tap water and squeeze some Mio flavor in it till the color looks good. In fact, sometimes I want it stronger than other times, but I'm in control. I don't have to make up a whole pitcher, and I don't have little packets to deal with. Open, squeeze, close and put it away. Easy and no mess; I like it!"
521437,amazon_tea,overseas,Amazon US,Tea,B007JFXWRC,4,,"I do not love it, but I like it.","Blackberry tea...vanilla tea...you like it or you don't. I like it because it's decaffeinated and easy on the throat. To me, the pyramids do not pose any steeping advantage but I do like how they don't come individually wrapped. I shudder to think of where all those envelopes went as I discarded them over the years. So if you're serious about your tea, by all means, go ahead. I do not love it, but I like it."
33949,amazon_tea,overseas,Amazon US,Tea,B00412W76S,2,,No taste or flavor,I had a hard time drinking this tea as it tastes like cardboard! There's no taste or flavor. I don't know if it actually works to strengthen the uterus as I wasn't able to make myself have it for the couple of months required. I'm not sure if all raspberry tea tastes like this or just this brand.
43897,amazon_tea,overseas,Amazon US,Tea,B001EQ5JLE,5,,Fine tea,"Excellent British breakfast tea, reasonably priced. Large string free bags, I like to steep them for 5 minutes, just the right amount of tannins to make a brisk flavorful mug, with whole milk and honey. Recommended."
123136,amazon_tea,overseas,Amazon US,Tea,B000CQBZOW,5,,Favorite tea,I used Amazon because it was less expensive than buying at store on sale. Also sometimes it is hard to find the Lemon Ginger tea.
33989,amazon_tea,overseas,Amazon US,Tea,B00412W76S,4,,Good Inexpensive Cleanser.,"This tea really works. Drink a big cup before bed and in the morning you will have to use the bathroom. Sometimes I have to eat just a little something before it kicks in, but it always works within 1-2 hours after waking up. It does not really taste that great, but it is okay. Definitely helps me keep my weight even. Personally I like Kleritea better (more gentle, tastes better) but that costs almost 4 times as much. So I stick to Alvita Senna Leaf Tea now."
123219,amazon_tea,overseas,Amazon US,Tea,B000CQBZOW,4,,Great flavor!,"This is a bold, assertive tea with flavors that will grab your attention. I love it best as an iced drink, brewed plenty strong. It's refreshing and wakes me right up on a sleepy warm day, even without caffeine."
458612,amazon_tea,overseas,Amazon US,Tea,B000FFIL92,5,,"Lovely gift, but get one for yourself, too!","I bought 2 of these last year as gifts, but this year I bought one for myself. Oh my, how lovely! The tiny pot is the perfect size and shape to display the blooming flower. Truly magical, and tasty as well!"
43877,amazon_tea,overseas,Amazon US,Tea,B001EQ5JLE,5,,Serious Tea,"PG Tips pyramid bags are the best for convenient brewing, two to a pot. The 240-count package sits 9 inches tall, too tall for the cupboard where I keep the tea, so I kept one of the 160-count packages from the case I ordered last year and use it as a dispenser. This tea is not for the fainthearted; it's dark and packs a caffeine punch. Warm the pot, then brew for five minutes and (unless you're an iron gut) sweeten each cup with a cube of sugar and a dash of milk. Gentler on the stomach than coffee, and if prepared as above, a healthy alternative. I like both tea and well-brewed coffee, but find tea easier to manage."
441854,amazon_tea,overseas,Amazon US,Tea,B004E4HUMY,5,,Well worth the money; better tasting than Crystal Light & similar powders.,"I tried MIO because it was on sale locally. I chose the sweet tea flavor because I knew that flavor would be easy to compare to other no-calorie powdered drinks. I am a big fan of the Walmart version of Crystal Light (Walmart's is less expensive and better tasting than CL). The delivery method is a great idea. You can adjust the amount depending on the glass size or your mood, it can go into a water bottle just as easy, it's convenient to carry, great for camping, at the office or whenever you don't want to make a whole pitcher of drink mix or don't like the taste of your tap water. The flavor is FANTASTIC. Better than any sugared or non-sugared powder mix! The cost for such a small bottle seems expensive, but it is super concentrated, excellent flavor, you'll drink more water than ever before, well worth the price when you compare it to bottled water or other drinks."
33932,amazon_tea,overseas,Amazon US,Tea,B00412W76S,5,,Good Stiff,My father has been drinking this tea for years. Its so good for you. Especially men.
37273,amazon_tea,overseas,Amazon US,Tea,B003CK2BQG,5,,Terrific 'PICK ME UP',"I enjoy having a cup of tea during the day. I found that the Stash Premium Tea, Pomegranate Rasberry Green Tea bags renews me."
43769,amazon_tea,overseas,Amazon US,Tea,B001EQ5JLE,3,,pg tips black tea,"This is good tea, but I miss my Twinnings flavors. The only problem I have with this tea is that it seems to upset my stomach after I drink a few. I don't know why, but it only happens after I have had two or three cups. I like the fact that the tagless bags float in the cup instead of sinking. This elemenats having to stir the tea."
43895,amazon_tea,overseas,Amazon US,Tea,B001EQ5JLE,4,,Very Good Tea!!!,"While this may not be ""premium"" tea, it IS very good tea. It has a smooth, not harsh, yet bold flavor. It stands up well to milk or cream and makes a very good iced tea. After drinking this, Lipton's tea just seems so unbearably harsh and acrid. It brews up well, never seeming to become bitter. It works well as a general, all purpose, every day tea; also, blending well with mint or other flavors, like cinnamon, if that's what you like. PG is good black, too. It is a finely cut tea, BUT, so what? It steeps well and tastes great. The tea bags are pyramid shaped, which does seem to brew better, probably because more of the bag and tea is in the water and less is floating. Also, there is more bag surface exposed to the water. The material the bag is constructed of is different than the usual bag. It is softer with a more open weave, so again, water flows through better. It does not leave a slight taste of the bag, as some other brands do. I searched high and low, for years, and paid way too much for stale PG Tips before finding it on Amazon at a very good price, especially when purchased at subscribe and save prices. I do prefer the loose tea, but occasionally use tea bags, for traveling. There are other teas I enjoy, but this remains on my list of favorites, both for taste and price!"
123238,amazon_tea,overseas,Amazon US,Tea,B000CQBZOW,5,,Can't find in stores - this is great for black licorice lovers!,"We've been unable to find this tea in the local stores, so once again, Amazon to the rescue. The tea has a very pleasant aroma, doesn't need sweetners or extra stuff of any kind, and has a very ""smooth"" taste. There is an aftertaste that lingers for just a moment that really makes this an excellent choice for black licorice lovers."
33952,amazon_tea,overseas,Amazon US,Tea,B00412W76S,3,,"tea OK, postage way too high","The sage tea is OK, but I was surprised that for 2 boxes from the same sender was I charged double the postage -- the tea weighs next to nothing. Why not charge for the actual weight instead of a set price for each item?"
230030,amazon_tea,overseas,Amazon US,Tea,B000WB1YSE,1,,Expired,Product. Was expired. Called company they said I can't prove I bought there which I can prove but anyways they said no refunds or exchanges. I will never buy again and I hope no one else does poor custmoer service The only reason I gave them one star is amazon won't let u give no stars
33956,amazon_tea,overseas,Amazon US,Tea,B00412W76S,1,,Disgusting!,This tea tastes nasty. Maybe I just dont like sage but it made me gag!
123196,amazon_tea,overseas,Amazon US,Tea,B000CQBZOW,5,,Absolutely the best tea I've ever had,"I'm not a big tea drinker. I keep buying different types of tea convinced I'll like them, and each one turns out to be completely different than I anticipated. In other words, I think all teas taste generally the same: like hot water. Even with sugar - then they taste like hot water with sugar. But this tea is completely different. I love licorice. This tastes exactly like licorice. It smells like licorice (clearly from the anise, since licorice root basically smells like cooked bark). It doesn't need sugar. It's sweet. It has an 'aftertaste' of licorice. In other words, it's perfect. Unfortunately no store I've ever been to has carried it, although I look EVERY TIME I walk down the tea aisle. Even if they did, it wouldn't be that awesome, since this is pretty much the same exact price it would go for in, say, Target. Unfortunately it is 6 boxes...but I really don't think you can have enough of this stuff. After some trial-and-error, I can now say that, of the few other licorice teas that do exist, nothing really comes close to Stash. I've tried a weird Celestial tea mix of licorice root + 3 other things (tastes like hot water), Batavia Anise tea (hot water with a licorice aroma), and store brand Albrecht Heijn Zoethout tea (from the Netherlands - smells like hot bark but tastes exactly like this tea. Unfortunately it's completely nonexistent here.) What I've discovered on my quest fs that only a few brands even attempt to make JUST licorice tea (it's not popular here, and it baffles me that people don't appreciate the taste), and of those only Stash is successful. Buy it. Amazon is a good deal and it's soooo good."
441943,amazon_tea,overseas,Amazon US,Tea,B004E4HUMY,1,,Yuck,"While it is nice that MIO has no calories, caffeine, or sugar, it just tastes horrible. It is a neat idea in theory, if it taste good, but I could not get it to taste like tea - or anything pleasant, honestly - no matter how much or how little I used. It is just one horrid extreme to the other. Either too bland, too sweet, too just plain gross. I don't know if it is me, or the product, or what? Maybe other flavors will be better - who knows."
43830,amazon_tea,overseas,Amazon US,Tea,B001EQ5JLE,4,,"Strong, FAST and affordable","PG Tips processes the tea leaves so brewing is reduced to mere seconds and, in my experience, there is zero bitterness, even if something happens so I have to let the bag sit in the hot water until it cools. This is what I do for ""nearly instant"" brewed iced tea at the office: Mostly fill a large glass (24 oz) with ice cubes, slowly pour very hot water over 1 PG Tips bag in a small mug (8 oz). [I use the hot water spigot on the coffee machine.] Immediately pour the hot brew over the ice. If needed, top up glass with cold water. Stir to mix and chill thoroughly. Voila! ""instant"" iced tea. Each bag contains a relatively substantial amount of tea, so I keep the bag in the heatproof mug so I can savor 2 full-flavored glasses from one bag. Comparing myself to acquaintances, as well as published recipes, I like my tea strong, so this is significant. (UPDATE: I ran out of PG so got a box of Twinings at Walgreens, took 2 bags to make one glass--same mug and glass as above--and had to let it steep 4 minutes before it smelled ""done"". So I guess this means PG is 4 times fuller-flavored than Twinings & infinitely quicker to brew.) A connoisseur would probably snub this product (simple, ""sweet leaf"" with no complexity); to my mind, this is the only shortcoming. That said, it still produces a wonderful cup for the everyday and workaday: full-bodied in the mouth and very satisfying. I don't need to add any sweetening or flavoring. Terrific by itself AND robust enough to enjoy with food. Makes excellent kombucha, too. Great stuff! Really pleased with the price here on Amazon. Local stores only stock small boxes, which work out to be 14x (!!) the unit price of this item. (UPDATE: December 2009, Unable to find any local sources.)"
135970,amazon_tea,overseas,Amazon US,Tea,B005SPQENY,4,,"Great taste, but pulpy...","Chantea Aloe Vera Passion Fruit is a medium-sweetness tea with about 120 calories per bottle. The first thing most people will notice about it (even before the flavor) is the pulp floating in the bottle. Slightly disconcerting, I never the less took a long swig.. and was pleasantly surprised. The taste was sweet but not overpowering; the tea and passion fruit have a nice mellow balance that would be great for dessert or sipping on a warm day. The pulp both adds and detracts from the experience - it tends to have both a sharp and sweet flavor when bitten into. When I am just relaxing and drinking slowly, that's fine - if I'm trying to drink too quickly or quench a deep thirst, the pulp gets in the way and is annoying. Rating: 4/5 Stars (served cold). I highly recommend it for those times people want a flavorful experience, but not for those when you just want to guzzle down a glass of something wet."
181932,amazon_tea,overseas,Amazon US,Tea,B0009F3POY,2,,It did not work me and my baby!,"The price was good and I had hoped it will work for me. I followed the instruction strictly and had taken it 2-3 cups per day. It did not do anything for me at the first day, but I kept at it and hoped it would start working soon. To my surprise, my usually perfect normal and healthy baby started to soil her diaper constantly, and its color is real green. Usually, she is quite regular and only goes once or twice the most. But suddenly, her diaper was dirty every single time we changed her and the color was very green. Despite of that, I kept drinking the tea for at least two more days because I thought it would just go away and I really need it to be working as I was returning to work. However, I finally had to stop it as it did not nothing to boost my milk supply, and baby's stool stays green. On the side note, the taste of tea is not too good either."
43729,amazon_tea,overseas,Amazon US,Tea,B001EQ5JLE,5,,"Great Tea, a Bit of Britain!!","We used to drink another English tea, Yorkshire, but were not entirely satisfied with the taste. It was good, but a bit weak for our liking.....especially with an English wife! We then remembered PG Tips, decided to try it, and are now hooked..like the good old days when I resided in the UK! It's the pyramid shaped bags, as well as appearing to have more tea per bag, that makes the perfect cuppa'!"
181920,amazon_tea,overseas,Amazon US,Tea,B0009F3POY,1,,Is this a fake?,"I got this item delivered from US to Singapore by Borderlix. I obviously bought pack of 6, paid $17.94 and was waiting for my item to be delivered. And when it was finally delivered, turned out it was only one pack!! Is this a fake or a mistake? This is just not acceptable. I want the other 5 packs to be delivered directly to my Singapore address immediately."
521398,amazon_tea,overseas,Amazon US,Tea,B007JFXWRC,3,,"Cute bag... tea taste is a bit ""sour fruity""...","This Lipton Herbal Pyramid Tea (Blackberry Vanilla), is a bit too ""sour fruity"" for me, but I have to admit I went through a recent phase of drinking quite a bit of Turkish tea. As with many teas, they can be an acquired taste. I haven't acquired this one. As a product, however, the tea bags worked nicely in their ""Pyramid"" format, and I like that the tea bag seemed to drain better as I pulled it out compared to the traditional tea bag. Take a look at this product if you like fruity teas with no caffeine."
33937,amazon_tea,overseas,Amazon US,Tea,B00412W76S,1,,horrible taste & stinky,"i ordered this tea to produce more breastmilk after reading on forums how good it is. thinking that it is a very good item I ordered 4 box at one shot! What a mistake! I thought I could drink anything but this is the worst thing ever i ever tasted! Like few others say, it also stinks up your place. I dont know what to do with the whole 4 box, i wasnt even able to drink up the one single cup!"
521493,amazon_tea,overseas,Amazon US,Tea,B007JFXWRC,5,,Nice mild blackberry flavor,"This is a very pleasant tea. The blackberry flavor is the most powerful but is not too strong. It has a very nice finish and a good aftertaste of vanilla. The tea takes about 3 minutes to full infuse into hot water. I tried making a second cup with the same packet...although there was still some flavor left, it was not nearly as enjoyable as the first cup (I have had some teas where the second cup is much more successful than this product). I can't say the pyramid design of the tea bag really made that much of a difference, but it's a unique idea (and they look pretty cool). Overall I really like this tea and would recommend it."
181952,amazon_tea,overseas,Amazon US,Tea,B0009F3POY,2,,Didn't increase milk!!!!,I bought the 6 pack and followed the direction. The tea tastes great but it didn't increase my breast milk. I didn't have any luck with this product!
136108,amazon_tea,overseas,Amazon US,Tea,B005SPQENY,5,,Delicious Fruit-Flavored Green Tea Drink,"Succulently sweet are the words to describe Chan Tea's Green Tea & Aloe Vera Passion Fruit Flavor drink. Think this is a winning combination of Chinese green tea and passion fruit; the only downside is the fruit pulp that is included (I would have been happier if this beverage didn't contain pulp, but that's just my personal opinion; others may have a substantially different reaction.). While this isn't my first choice for a green tea beverage, it is most certainly one well worth trying."
181940,amazon_tea,overseas,Amazon US,Tea,B0009F3POY,1,,gross,This tastes so bad that I could only drink this once! If you don't like black licorice then you might want to reconsider buying this tea.
521405,amazon_tea,overseas,Amazon US,Tea,B007JFXWRC,4,,Fine pairing with light fruit cakes or muffins,"While mainly hibiscus leaves and rosehips, as the label indicates, the vanilla adds a bright aroma and the raspberry a hefty mouthfeel. I did not taste a lot of vanilla; the berry factor weighs more perhaps in the color and the thick quality of the brew. It's not a processed black tea but an herbal one in its lack of caffeination. The amount of leaves in the pyramidal bag is less than I expected, but immersion for 6 minutes (4-6 recommended) brought out the stronger flavor I favor. I paired this with fruit muffins; a dessert tart or cake would also fit this beverage well. The taste is not overpowering, and maybe subtler than I expected, but it tastes ""clean"" and with sweetener (I tried Splenda's ""Nectresse"" also reviewed), it brings out more liveliness. Without that addition, I found the tea lacked the kick I desired. All in all, delicate, but refined."
441855,amazon_tea,overseas,Amazon US,Tea,B004E4HUMY,3,,Oh Mio Myo You. Whatever Shall We Do?,"""Liquid water enhancer."" I suppose that is a better advertising term than ""artificially sweetened, flavored soft drink mix."" The latter is more informative, though. Mio uses natural flavorings and Sucralose for sweetening. (Sucralose is sold under the brand name Splenda.) Actually, in minute quantities, Sucralose is not bad as an artificial sweetener. Ever since cyclamates were banned as sweeteners in the U.S. in 1970, I have been searching for a sugar substitute that does not have a long-lingering, unpleasant aftertaste. Sucralose is the best I've found so far. Mio rates the calorie count as zero. Mathematically, based on the rules of rounding, they can get away with that statement. Since there is under one tenth of a calorie per serving, it is close to zero, but not actually zero. You would probably become sick if you consumed enough of the product to reach one calorie. To achieve the maximum rating of 24 servings per container, you would need to use only 1/2 teaspoon of Mio per glass. I have found 1/2 teaspoon to 8 ounces of water is sufficient to appreciate Mio's flavoring, but I find this concentration to be too sweet. Adding 4 - 5 ice cubes seems to curb the sweetness. Using more water dilutes the flavor. You will need to experiment to find the right ratio for your own personal taste; I provide this insight as a starting point. Although these little ""bottles"" of Mio are convenient to carry around with you, they are rather expensive. I find some of the powdered, instant teas available on the market to be just as good and a lot more affordable."
123100,amazon_tea,overseas,Amazon US,Tea,B000CQBZOW,5,,Tastes great hot or cold,"I don't care for licorice, but this stuff rocks! It's a naturally sweet desert tea that tastes great cold too. This is my substitute for soda and helps when you are having a sweet tooth and don't want to eat junk food."
222295,amazon_tea,overseas,Amazon US,Tea,B004E4CCSQ,1,,Not appealing,"I am a Crystal Light peach tea fan so I was anxious to try this. My gold standard is Snapple diet peach. Crystal light relatively closely approximates that. It seemed like Mio it would be convenient to use. First I had trouble with the packaging. It was hard to appropriately tear the plastic cover off. I also had trouble with the directions. I am 49 and my near vision is going the way most people in their 40s goes... I can't read the directions without finding reading glasses. Could the manufacturers possibly consider their over-40 customers valuable and print just a little bigger?! My first squirt of the liquid went past the glass. Ok. So that will only happen once but.. Although mixing crystal light powder doesn't bother me and I am sure this is a liquid version of something similar, squirting the brown liquid into the water was not appetizing. I felt like it was a chemistry experiment. When I drank the tea, I continued to think of it as a chemical experiment. It tasted ""chemically"" Again, just not appealing. I admit I may have been influenced by the ""squirting in"" process. It is not something I will buy again. I will stick to Crystal Light and Snapple."
145574,amazon_tea,overseas,Amazon US,Tea,B003D4F1QS,4,,Good,It is pretty good but get a little bitter if u brew it for a longer time I have not try to use a loose leaf tea but may be next time but this is a good buy u get awefull lot of amount of tea bags which lasts for a long time ! The taste is a combination of all the ingredients I tasted and I like it.
135997,amazon_tea,overseas,Amazon US,Tea,B005SPQENY,2,,Slime! *shudder*,"In all honesty, I've never had an aloe drink before. Having said that, the slimey chunks of aloe are DISGUSTING! Like bits of snot in your beverage! If you use your teeth to filter out the bits, the taste of the tea is not bad at all. But this drink is definitely NOT for me!"
181974,amazon_tea,overseas,Amazon US,Tea,B0009F3POY,3,,Maybe it helps....,"I am not sure if this tea helped but I know it didn't hurt. I loved the way this tea tastes and my milk production stayed consistent while I used it. If I stopped drinking it dropped slightly (.5-1.5oz a day)--those were crucial pumping ozs for me to make the 12-15ozs. Needed for my baby at daycare during the 3-6 month stage. However, I did not see any significant increase--so I'm only giving it three stars."
33929,amazon_tea,overseas,Amazon US,Tea,B00412W76S,1,,Suggested by Dr. Oz,"This tea was suggested by Dr. Oz on his show about how to sleep better. I suffer from insomnia so I bought the wheat germ, Chia seeds and Valerian tea he said would help. Haven't used the wheat germ yet, the Chia seeds we are absolutely loving, especially on top of a crisp salad, but the Valerian tea tastes so horrible I can't even force myself to sip it while holding my nose! It has a real earthy, almost ""manure"" like taste. The woman he had try it on the show sipped it and said ""Oh, that's not bad!"" So I took a chance. I swear, they must have paid her to give it a tasty review. It's vile and I already threw all three boxes of it in the trash!"
441953,amazon_tea,overseas,Amazon US,Tea,B004E4HUMY,4,,Interesting addition to MIO Line,"After trying the Mango Peach flavor I was curious about the sweet tea flavor. I enjoy tea but rarely make it anymore. The taste of this drink is very close to iced tea with sweetener. I guess I make mine pretty strong because I found this to be on the mild side. Still, it is refreshing and a nice change from super sweet drinks."
62042,amazon_tea,overseas,Amazon US,Tea,B000CQG8K8,4,,Terrific chai at a great price!,"This is one of the best chai blends available on grocery store shelves, a perfect cominbation of spicy clove, cardamom, and other spices with just the right amount of cinammon for sweetening. The refreshing aroma wafting from my cup is so delightful that it's almost a shame to drink it; I really could just sit there inhaling the vapors. My preferred brewing method is to steep for about 5 minutes, then add a touch of honey. The only thing that could make this tea better is a hint of vanilla, although you could add some of your own if you were so inclined. Of all the teas I've tried, this one is my second favorite, eclipsed only by Celestial Seasonings India Spice chai (which does have that natural vanilla flavoring)."
62108,amazon_tea,overseas,Amazon US,Tea,B000CQG8K8,5,,Double Delight,Earl Grey has always been my favorite but when I found Stash's Double Bergamot I found tea heaven. Then the problem was finding it. Amazon makes it easy to keep a steady supply.
135963,amazon_tea,overseas,Amazon US,Tea,B005SPQENY,4,,Mild but Satisfying,"Chantea's Aloe Vera Green Tea (Passion Fruit) is a mildly flavored sweetened green tea with passion fruit flavor and bits of aloe vera. The chunks of aloe vera are big enough to chew and add both texture and flavor to what would otherwise be a very bland drink. The green tea flavor is too mild for me and the sweetness is restrained but I could do with a little less in a drink that aims to be healthy. Overall, I really liked this drink."
538212,amazon_tea,overseas,Amazon US,Tea,B0061IUIDY,4,,A tasty chai!,"I'm always looking for a good chai, and I'm kinda picky about it since I really don't care for anything that tastes like licorice. Many chai blends include star anise, which ruins it for me. Higgins & Burke's chai doesn't have any nasty licorice-y flavors in it, so hooray! It's a tasty chai that's heavier on clove and cardamom, and I really enjoy drinking it with a bit of vanilla soy milk. I would suggest steeping it for a solid five minutes, though. I steeped for 3 and a half minutes the first time, and it was pretty weak. At five minutes (or more; I like strong tea), it's perfect."
458701,amazon_tea,overseas,Amazon US,Tea,B000FFIL92,5,,Quite different - it's a presentation,"I have regular and quite extravagant High Teas. This set was given to me as a gift. I tried it the first time on a table full of guests...and die-hard tea party ladies. None of us knew what to expect - it was wonderful - to say the least - lots of oohs and ahhs! The tea (can't remember which was used first) was delicate and tasty. It was enjoyed by everyone. Unfortunately, the second time I made tea - it was fairly bitter - but the presentation was still spectacular....and being a good hostess - I had the ""back-up"" teapot of regular tea on the table. Nobody complained as everyone enjoyed the show. I will purchase more tea."
441944,amazon_tea,overseas,Amazon US,Tea,B004E4HUMY,2,,9 out of 10 ground beetles can't be wrong,"A few drops of MiO caused the water in my glass to turn brownish red. I tasted it. A somewhat pleasant bitter-sweet, vaguely hinting at Crème Brûlée or maybe just burned sugar. Strange, not unlike the plain Peach flavor I sampled the other day. I finished the glass and the good news is that 24 hours later there were no side effects other than some mild aftertaste that slowly faded away and changed into more bitter and less sweet. The even better news is that the MiO does not seem to be addictive but time will tell. My review sample had a sticky label over the contents disclosure but patience goes a long way. This is what I learned after I removed the sticky: this product contains mostly... nothing worth talking about. 0 calories, 0% fat, 0% sodium, 0% carbs, 0% protein. It has no or only trace amounts of cholesterol, fiber, saturated fat, transfats, Vitamin C, Calcium or Iron. Then... what is this tea made of? According to the ingredients list, the main ingredient besides 'water' is Propylene Glycol. It's worth checking it out on the Wiki because it's a very useful chemical. They have a long list of good uses there including as a: solvent used in mixing photographic chemicals, working fluid in hydraulic presses, the main ingredient in deodorant sticks, the killing and preserving agent in pitfall traps and to capture ground beetles, cooling agent for beer and wine glycol jacketed fermentation tanks and so many other useful activities such as to regulate humidity in a cigar humidor. All of this is great because, like I said, one day later I'm still okay and smell like a rose or... Crème Brûlée? - the deodorant effect - but... where's the tea? I am going to grant this product 2 stars because, after I consumed it in moderation (one glass) it did not make me sick. I'm not planning to drink any more but I'm thinking about using it as bait for Japanese Beetles this coming summer. It might work."
62036,amazon_tea,overseas,Amazon US,Tea,B000CQG8K8,4,,Pretty good & refreshing though I have had better Spice Chai,Good stuff but not great.Better than the other brands I have tried so far.It probably needs a little bit more caffeine & spice kick to make it more flavorful.Next time will try the double spice chai..
458491,amazon_tea,overseas,Amazon US,Tea,B000FFIL92,5,,"Excellent, although small servings","Very neat product. Small pot, but the bloom fills up the pot, which I think is great. Using actual tea cups its 2 servings, but a coffee mug gets about 1.5 servings per pot."
441787,amazon_tea,overseas,Amazon US,Tea,B004E4HUMY,5,,Excellent diet sweet tea.,"I used to occasionally buy the Crystal Light Sweet Tea product in the summer, but the Aspartame (Nutra Sweet) Sweetener in Crystal Light would always give me headaches. The CL powder tasted kind of fake tasting to me and a little too strong. MIO Sweet Tea, on the other hand, is a pleasant tasting liquid with good sweet tea flavor without being too sweet or strong/harsh tasting, like the CL powder. I also like the fact that you can just slip it in to your drink without having to make an entire pitcher of the stuff. Very clean, sweet(but not sickly) tasting tea, and there's zero calories per serving!"
123095,amazon_tea,overseas,Amazon US,Tea,B000CQBZOW,5,,Amazing tea!!,"I will be honest and say that when a friend suggested I try this tea as I began getting sick last winter, I told her no way because I do not like licorice flavor. She still made me a cup and I was stunned. This is the best tea EVER! I stopped drinking coffee during the winter and drank this tea all day long. The students in my class noticed my new love of this tea and bought me a package as a gift. The flavor is fabulous and I really like the fact that I do not need to add any sweetener at all. The aftertaste is so interesting. I have never had anything like it. I prepared this as a cold tea this summer, but it just didn't taste the same. I will stick with it as a hot tea only. Did I mention that I love it?"
33943,amazon_tea,overseas,Amazon US,Tea,B00412W76S,1,,This stuff Smells so baaaad,This tea smells so bad I cant get the smell outta my house. I know Valerian root doesn't smell like roses but this smell is putrid. The affects work ok but not the best
135952,amazon_tea,overseas,Amazon US,Tea,B005SPQENY,3,,"Chantea Aloe Vera Green Tea, Passion Fruit","When I open the bottle and took a sip, like others, I was startled by the little chicks of aloe vera in the drink. The green tea definitely had the fruity taste of the passion fruit and to me was a little sweet. Then I checked the label and saw that cane sugar was the second ingredient after water. To me, the passion fruit taste and the aloe vera pulp were the positives to this drink. The cane sugar amount was the negative."
43858,amazon_tea,overseas,Amazon US,Tea,B001EQ5JLE,1,,absolute crap tea,"If you liked this tea, you back to drinking your coffee. Obviously you don't know what tea is about. This tea has very strong aroma when you first open it. However this aroma is not of natural origin, the added chemical scent destroyed the original smell. Giving this tea bag a few dips in 80 degree c hot water (which is how hot the water should be at) this tea is low grade at best. It does not give a soothing taste after you drink it rather it leaves bitter taste all over. Also, for people who like strong tea tastes, this tea bag has nothing of that. Granted it is black tea, but black tea being roasted the longest out of tea leaves should have a strong taste. Those 5 star raters need to have their tongues checked. If you liked those tea sampled at Teavana, you got problems."
43883,amazon_tea,overseas,Amazon US,Tea,B001EQ5JLE,5,,Best Cuppa,"Of all the teas I have tried, which is quite a lot at this point, PG tips by far makes the best cup of tea, even when compared to loose leaf. My English fiancée is a major fan of it and turned me onto it, and I have been hooked since. If you want an amazing tasting black tea with the convenience of bags, buy this. :)"
37287,amazon_tea,overseas,Amazon US,Tea,B003CK2BQG,3,,Green tea,"I'm new to green tea so I purchased this product with Bigelow Green Tea, Preferred tea is Bigelow without any doubt but that's my personal preference."
441898,amazon_tea,overseas,Amazon US,Tea,B004E4HUMY,3,,Tastes too artificial for me,"I like tea and I like sweet tea, but I have found that all the MOI drinks have the same artificial taste - and after-taste. While this is indeed sweet, It is just too darn fake tasting. Sure it's convenient and adds flavor, and to many that's better than nothing (or plain water) - but the artificiality kills it for me."
43780,amazon_tea,overseas,Amazon US,Tea,B001EQ5JLE,5,,Tea like they drink in England!!,"I love this tea! After getting really fond of tea on visits to England, I couldn't find any in US that seemed strong enough. It took a friend of my sister's who is from England to tell me about PG Tips."
145467,amazon_tea,overseas,Amazon US,Tea,B003D4F1QS,5,,Great Bulk Product,"This tea is a great price, and is very good. I drink it almost every night before bed and have no complaints. Overall, great purchase."
62008,amazon_tea,overseas,Amazon US,Tea,B000CQG8K8,5,,Like no other earl grey,"This is more than just Earl Grey, the flavor and the fragrance are intense. After this tea, the other brands are just bland. I love this tea."
222357,amazon_tea,overseas,Amazon US,Tea,B004E4CCSQ,4,,Convenient way to juice up water,"If ""I liked it"" could constitute a review, then I could say it in three words, but to be really helpful, I should say that while this product adequately gave me as much flavor as I wanted in adding it to my water, it also lends itself to getting carried away. You are supposed to introduce it to water drop by drop, but I'm too impatient for that, and it ends up not being a very economical addition because I just shoot it into the water. It does the job, however; it dresses up water if plainness is not what you had in mind, and it's easier than having to shake up powdery products."
182020,amazon_tea,overseas,Amazon US,Tea,B0009F3POY,5,,AHH-MAZING!!,"I had my twin babies at 29 weeks via c-section. I had the odds stacked against me for milk production, so I researched anything and everything I could do to improve my production. My lactation consultant suggested Mother's Milk Tea. Boy, am I soooo glad she did!! Although, I seemed to do ok producing enough on my own (about 2.5 oz per pumping session) I drank 2 cups of the tea and the next pumping I produced 6 oz!! Yep, SIX OUNCES!! I was ecstatic and plan to drink 5-6 cups a day now. It has made me feel great that I can now provide the much needed nutrients that my preterm babies need to grow and gain without worry!!"
135934,amazon_tea,overseas,Amazon US,Tea,B005SPQENY,3,,Strange Consistency,"There are jelly-like matter floating in the bottle, which at first made me spit it out as it affected my gag reflux. Apart from that, it's very, very sweet, with the passion fruit overwhelming the drink. It's not my cup of tea and I doubt I'd ever buy this. I really found the mixture hard to swallow."
135966,amazon_tea,overseas,Amazon US,Tea,B005SPQENY,3,,Good flavor but too sweet,"When I first looked at the contents of the bottle I wondered if it had actually survived the shipping without being contaminated. The contents looked ""thick"" with bits of slimy looking things floating around in it. However, the bottle was sealed and I decided the bits were the aloe floating around. The taste is a pleasant fruity flavor that is not overly strong. It is light and refreshing except for one small problem - it is very sweet. There is a lot of sugar in this small drink, more sugar than I am allowed in a give day if I want to eat anything else. There are 18 grams of sugar per serving and there are 1.5 servings in this little bottle. Also, the bits of aloe are a little odd and, as I stated earlier, slimy. They don't taste bad though and if you are someone who enjoys bubble tea, you will probably like these bits. Overall, I wouldn't recommend this tea to any of my calorie counting/diabetic friends, but those who have no issues with large quantities of sugar might really enjoy it. Thus, I give it three stars."
37222,amazon_tea,overseas,Amazon US,Tea,B003CK2BQG,3,,On second thought...,"One thing you'll notice from having this tea, right off the bat is the larger size of the tea leaves, and how much tea is in the bag itself. I went back to the market and have since bought 3 more boxes of tea from different brands, and quality and size are easily noticeable; Stash PGT's leaves actually look like leaves, and not burnt up, shriveled sawdust. They leaves also have a pretty color, and aren't oxidized. Since I grew up on sugar laden drinks, drinking both teas without sugar was rough, but now that I'm used to it, these teas are just super tasty and don't even need a grain of sugar. I also cold brew my tea, rather than pour warm/scalding/hot water on it. I was reading on a forum that brewing teas in cold water helps to draw out more antioxidants. Cold brewed black tea is better for you than hot brewed oolong, believe it or not. Also, I can't stomach the flavor of warm/scalding/hot water tea. It's just...bleh. Cold-brewing tea is similar to making sun tea, except, it isn't placed in the sun. I ""brew"" my tea from anywhere between 15 min to 30 min. ~*~*~*~*~*~*~*~ Stash is a great starter tea if you've never seriously drunk tea before. After tasting around a bit, this tea is not really as good as I thought it was...Taste around, it's the only way you'll know if somethings really good or not~"
441894,amazon_tea,overseas,Amazon US,Tea,B004E4HUMY,2,,"MIO Sweet Tea, 1.62-Ounce (Pack of 4)","I wasn't too thrilled with this at all. The first thing that scared me off was the long list of ingredients in the product. I can't imagine anything good being in such a condensed form. The taste was okay, except I wasn't convinced it was authentic sweet tea. It really did taste too artificial. I won't be trying any other flavors."
538211,amazon_tea,overseas,Amazon US,Tea,B0061IUIDY,3,,So sorry. Chai just didn't think it was a good cup of tea.,"Although the box states that this Higgins and Burke Chai Black Tea includes the robust flavor of Assam tea, I found it to be a rather bland cup of tea. I much prefer the full-bodied flavor of Teavana's Samurai Chai blend - with its infusion of oranges and cinnamon. This Chai was pale and watery tasting. I carefully boiled my water to the desired 167 degrees and let the bag steep for 3 minutes, but it was still as bland as Queen Victoria's love life. Sorry, Chai just didn't think this was a good cup of tea."
70124,amazon_tea,overseas,Amazon US,Tea,B007I7Z3Z0,3,,Very average product,"As far as dry iced tea mixes go, this is a very average product. The flavor is light, not bold. The honey sweetening is absent in taste. It could have been blackberry or wild berry or any berry. The packaging is very nice, however and makes for taking this with you in a purse or pocket. Add to 16 oz of water and you have tea."
136028,amazon_tea,overseas,Amazon US,Tea,B005SPQENY,1,,Weird tasting sugar water,"I love green tea. I love passionfruit drinks. I really disliked this. The beverage is essentially sugar water. It is being marketed as ""Aloe Vera Green Tea."" And I have enjoyed aloe drinks in the past. This is a really cheaply made ""aloe vera"" product sold with a premium price tag. In general, the order of ingredients indicates the greatest percentage of the product. The ingredient list opens with water, cane sugar, and then ""Green Tea Infusion"" (green tea leaves and more water). So I'm assuming they made a batch of green tea, and then diluted it with water before bottling it. Then there is aloe vera, citric acid, and passionfruit flavor (but no actual passionfruit). The sample I received had pulp in it, but it tastes like orange pulp and not passionfruit. And there is no indication from the ingredient label if this pulp is even supposed to be in the bottle. The end result is watered-down weak tasting tea with slightly slimy pulp in it and an artificial citrus taste. Yuck. Oh, and though a reasonable person would look at the bottle and think it was a single serving, it is labeled as 1 1/2 servings. So the 80 calories listed on the label? You should actually think of that as 120 calories because normal people are not going to drink 8 ozs and save the 3.5 ozs for later."
145565,amazon_tea,overseas,Amazon US,Tea,B003D4F1QS,3,,short shipped,"I was disappointed to find my tea bags hastily packed in a 6X6x6 shipping box, and only 93 of 100 tea bags. Also this batch of tea almost without any Jasmin taste. In the past my Stash green jasmin tea was better."
136086,amazon_tea,overseas,Amazon US,Tea,B005SPQENY,5,,"Fabulous, fresh... a perfect sweet drink!","Chantea Aloe Vera Green Tea, in the passion fruit flavor really delivered in terms of overall taste. The flavor does not hold back. In other drinks containing aloe vera juice and pulp, I've noted a strange, off-putting aftertaste. Not here. There is pulp from the aloe vera, but with the passion fruit taste, that aftertaste is not at all discernible. I do prefer to have a grassier taste to green tea, but with the fruitiness of this drink, it would probably clash. The tea is very well-balanced with the flavor of the juices. There is quite a bit of sugar in it, so if you're dieting, or just prefer not to have sugar in your diet, then this may be something to avoid. However, if you're looking for a lovely, anytime tea to enjoy, this is it!"
538267,amazon_tea,overseas,Amazon US,Tea,B0061IUIDY,3,,Strong on cloves,"Chai from a teabag is always a dicey proposition because it can't possibly live up to the chai served in Indian restaurants. Part of the problem is that every chai from a bag that I have tried cannot live up to much milk and authentic chai is creamy, milky and strong. In order to even come close to authentic chai, you have to make a very tiny portion and use a light hand with the milk in most cases. I tried this tea three different ways in order to find the best alchemy for a good result. The first way was straight with no milk or sweetener. I noted that it has a very strong scent of cloves. Though tasty enough when drunk straight, it doesn't really feel like ""chai"" without milk, so the second variation I tried was with a little bit of low-fat milk added cold after steeping for 5 minutes. This tended to wipe out all but the stronger spicy notes (with the clove coming out on top of cinnamon, cardomom, etc.). Finally, I tried my standard method for chai in a teabag and that was to heat 1/3 of the total volume as low-fat milk and 2/3 as water. Heating the milk makes it creamier and steeping the tea with it makes the overall flavor stronger. I recommend using no more than 8 oz. of liquid total and would say it's better to use 6 as it'll make a more intense and flavorful cup of tea. Though the box says that this includes the ""robust"" flavor of Assam tea (a tea I enjoy greatly), the tea flavor was largely overwhelmed by the spices, and again, especially cloves. I would recommend always steeping for the maximum time (5 minutes) and a light hand with the milk and water. This could be a much better chai if they had been more generous with the Assam and less heavy-handed with the spices, but it's still a pleasant enough drink."
458650,amazon_tea,overseas,Amazon US,Tea,B000FFIL92,3,,My Take,"While this is a lovely thoughtful gift, don't expect the handcrafted mahogany bamboo chest to be anything you want to display, or keep. It just wouldn't hold up. It is crudely made and not what you might expect. Compare it to something your child might have made at camp when he/she was 7 years old. You're close. But, hey, if you like rickety workmanship, then by all means, this is for you. The tea ""buds"" are nicely hand sewn, and it's a joy to watch them open to a flower. My complaint is that they are not individually labeled so it is a surprise what flavor tea you are brewing. The buds don't resemble the pictures displayed as a guide. Overall, the price is about right."
538398,amazon_tea,overseas,Amazon US,Tea,B0061IUIDY,4,,"It's Earl Grey, man.","""Hand selected premium black teas from Asia provide the foundation for this regal blend. But it is the essence of Italian bergamot, a fragrant orange, which gives Earl Grey its flavor and aroma of distinction."" There's that word 'regal'. Have you ever met someone who used that word in a sentence? And not as a joke? ""Higgins & Burke excites your senses with premium teas that will inspire and revitalize you. Indulge...Escape."" It's Earl Grey. I steeped it for three minutes and I steeped it for five minutes. I had it plain and with 1/2 & 1/2. It's still Earl Grey. Don't get me wrong, I like it. But please, tooting your own horn gives me a headache. Guess I'll go drink more tea now."
222464,amazon_tea,overseas,Amazon US,Tea,B004E4CCSQ,5,,Good Taste,MIO Liquid Peach Tea has a great taste. The bottles are small so you can toss one in a backpack or purse and take it with you to add to your bottled water. It is easy to add too much to your water so start slow and taste first before adding more. I would really recommend this.
458492,amazon_tea,overseas,Amazon US,Tea,B000FFIL92,5,,Great gift,I bought one of these for myself and one for a gift. It is elegant and practical.
181867,amazon_tea,overseas,Amazon US,Tea,B0009F3POY,5,,So Far sooo Good?,This doesnt taste half as bad as some of these reviews are letting up. The licorce taste is there but its very subtle! Its well worth it in the long run and adding honey helps. Go for it mommy's!!!! Your baby is sooo worth it!
521413,amazon_tea,overseas,Amazon US,Tea,B007JFXWRC,3,,Blackberry Vanilla Herbal Tea,"I received this item through the Amazon Vine Program. My overall impression of this tea is that it is alright, but nothing to get excited about. Let me be more specific: The predominate flavor that comes through is Hibiscus, which makes sense since it is the number one item in the list of ingredients (ingredients are listed from the largest concentration to the lowest concentration in the product). If you are a fan of hibiscus, this will not bother you. The blackberry is in there, but I have a very difficult time finding any vanilla flavor. No where in the list of ingredients is vanilla listed. The tea bag is unique, but I am not sure that it really adds anything. In fact, it seems to take a bit away in the aspect that it does not appear to be a recyclable material. Paper composts well, but I am not sure about the material that this weave is made from. There is no indication on the package as to what is being used. As for brewing, I do not find that this bag allows it to brew any faster or better than any of the bags that I have used on other products, including ones from Lipton. While this is an ok tea, I do not find anything in it to make me want to recommend it to anyone."
136068,amazon_tea,overseas,Amazon US,Tea,B005SPQENY,2,,Strange texture and taste turned me off,"I was intrigued by the flavor combination of this; I had never thought to try aloe as an ingredient, and even if I had, I would have never paired it with passion fruit. So I went in curious. I was disappointed. The drink looks strange - olive green with translucent, slightly darker green bits floating in it (the thick opaque label hides this fact at first glance). But I was okay with that. One swig, though, and I felt like I was chewing my drink - the bits are slimy and numerous. The taste was pretty sweet at first, but I did not the tinge the aloe gave to it, and the aftertaste sticks with you. A few swigs later, I resigned that I wasn't even going to finish the bottle. It was tehn I noticed that the bottle isn't one serving - it's 1.4375 servings (an 11.5-ounce bottle with a serving size of 8 ounces). This strikes me as a ploy to make the nutritional info look better. All in all, I won't be drinking this again, unless it's free and I have no other option, and even then I would have to think about it."
43901,amazon_tea,overseas,Amazon US,Tea,B001EQ5JLE,5,,Heavenly,"Addicted to tea and this is the perfect solution. PG Tips is wonderful. I know it isn't the classiest tea available, but for the price it is a treasure. A good strong tea."
521503,amazon_tea,overseas,Amazon US,Tea,B007JFXWRC,4,,Lovely Tea,"I am a tea drinker and love to try new varieties of tea. The Blackberry Vanilla from Lipton is a lovely, naturally decaf tea. I love the Pyramid tea bags and do think they make a difference when brewing herbal teas. Herbal tea (which actually contains no tea at all) generally has larger pieces of the ingredients than traditional black or green teas. The pyramid shape of the tea bag allows those pieces more room to spread through the water so the infusion of flavor is stronger. The Blackberry Vanilla tea is a beautiful purple color which is actually from the hibiscus not the blackberry (although I'm sure the blackberry does contribute some of the color). Despite the name the hibiscus is also the dominate flavor which is true of most herbal infusions. The blackberry and vanilla flavors are undercurrents and I wish these flavors had been a bit more prominent. Overall I enjoyed the Lipton Blackberry Vanilla tea and I'm sure it will be a variety that I will purchase in the future."
123173,amazon_tea,overseas,Amazon US,Tea,B000CQBZOW,5,,My favorite Tea!!! No other Raspberry compares!!!!,"My favorite tea is raspberry flavor and I have tried every one I have found in the stores. This one is by far my favorite! The flavors are so sweet and I have been able to give up coffee for this one! This is a great price too if you buy two 6-packs you save the shipping. At my local store I can get this tea for $0.15 per bag but on here it works out to $0.11 per bag, which would save me $9.60 on that amount of bags."
182016,amazon_tea,overseas,Amazon US,Tea,B0009F3POY,5,,"Simplemente funciona, SUPER recomendado","Me dieron dos cajas cuando nació mi hija, y yo simplemente no confiaba mucho en el tema. Pero es ABSOLUTAMENTE maravilloso. De efecto rápido (mucho más que el motilium) y son de gran eficiencia. Muy recomendado para quién necesite producir más leche"
145763,amazon_tea,overseas,Amazon US,Tea,B003D4F1QS,2,,shorted 1 bag in order,"I love this tea but I was shorted 1 bag, and I counted twice. I bought 100 and not 99."
145612,amazon_tea,overseas,Amazon US,Tea,B003D4F1QS,5,,My favorite tea,"Stash Black Peach tea is the best peach tea I've ever tried and I'm a lifetime fan. I used to buy it directly from Stash, but this was a better deal. Very, very satisfied and highly recommend it."
521366,amazon_tea,overseas,Amazon US,Tea,B007JFXWRC,4,,"A sweet taste, but not overpowering","This is a really nice infusion, with a sweet blackberry taste that is refreshing and not overpowering. There is not much of a vanilla taste that I can tell, however I smell a hint of vanilla as I drink it. The teabags themselves are great, in a pyramid shape that helps it to infuse but with no leaking. I like that it's clear so I can see the herbs inside. I would definitely recommend this tea to anyone who likes the taste of blackberry, although not to someone who is hoping for a distinct vanilla flavor."
136010,amazon_tea,overseas,Amazon US,Tea,B005SPQENY,3,,Nothing special,"I generally like aloe pulp drinks. I enjoy little pieces of aloe gel, and Chantea has a lot of them. I also generally like green tea and passion fruit flavors, but I did not like the flavor of Chantea it reminded me of a tea that was made with hard water. I also thought Chantea is a bit on the 'too sweet' side. I would not buy this product."
222395,amazon_tea,overseas,Amazon US,Tea,B004E4CCSQ,1,,Peach Tea MiO smells like chlorine,"I was shocked to find this issue. I put the glass under the noses of three co workers and they all said the same thing ""Chlorine"" we then dumped it, started again with a new glass of water to make sure it wasn't something funny going on with the water itself. Same issue. I can understand how different people may detect different things and some like and some hate a chemical flavor or odor, but what I don't understand is why Kraft would pass this off when so many people DO think it smells like chlorine. It is truly offensive (the odor) to a LOT of people."
458722,amazon_tea,overseas,Amazon US,Tea,B000FFIL92,1,,Musty Smell and Poor Taste,"The packaging was very musty smelling! After through out the shredded paper and airing it out for weeks, the smell has come out of the boxes to the point that I may consider using them for something. The tea itself had a terrible taste! I bought another box of the same tea somewhere else and it's not so bad as what arrived in this set. Still, I'm not very impressed with the taste of the tea. Also, the flowers in the set did not have good color and were very drab. Also, the teapot holds a very small amount, as others have said. I would not recommend this at all."
70315,amazon_tea,overseas,Amazon US,Tea,B007I7Z3Z0,2,,Thumbs Down on Taste; Thumbs Up For Convenience,"This pertains ONLY to the Lipton To Go Stix ( Lipton To Go Stix Iced Green Tea Mix, Tea and Honey, Mango Pineapple, 10-Count (Pack of 4) ) product with the honey, mango and pineapple flavor. I had thought this would be a product I'd enjoy as mango and pineapple are two of my favorites when it comse to fresh fruit or smoothies; I've also been a Lipton tea customer for years, and have never been disappointed in their products. I even enjoy honey on occasion as a more natural sweetener, and was curious to see how these flavors would combine. This one was such a disappointment that I gave away what was left in my sampler box (my friends and family didn't care for it either). Now I liked the convenience of the stix, and have appreciated what companies have done in order to give you a somewhat cheaper form of ""flavored water"" so I thought Lipton might have had something. The honey was so prominent and overly sweet that it pretty much wrecked the remaining flavors; it also had a slight chemical tinge which left me with a horrible after-taste in the end. What there was of the mango and pineapple was not the fresh taste I had hoped for, but something with a disgusting artificiality that did not play up a combination which does work very well under most circumstances (such as when I've made up my own mixture); again there was way more artificial sweetness (and this is coming from a Southern girl who loves sweet iced tea on occasion). Even the fragrance was sickening and overpowering. The color in a 16.9 ounce bottle of water was a straw-yellow -- not quite golden, not quite regular yellow, but I figured that meant it would be strong enough to give me the full flavor I desired without being too weak. As I mentioned, I could only take several sips; I think I drank 1/3 of a bottle in the end...and then I called it quits. I even refrigerated it for a bit, as if hoping everything needed time to ""merge""; after a few hours I tried again -- lost cause and down the drain it went. I don't know if the other flavors are an improvement, but I will never waste money to find out. Had the box I received NOT have been a sampler courtesy of Lipton, I would have demanded a refund. Back to the drawing board Lipton!"
441876,amazon_tea,overseas,Amazon US,Tea,B004E4HUMY,1,,AWFUL- AWFUL- NASTY- HORRIBLE,"Do your research on this... the main ingredients are chemicals, ie propylene glycol. I got my 4 bottles from Amazon... opened one bottle, squirted some into a tall glass of ice cold water and could not wait... well... EEKKKKK... so gross. It tasted like pure sugar water with a weird aftertaste, squirted some more and finally got the ""hint"" of tea taste... You have to squirt A LOT to even taste a hint of tea and when the main ingredients are chemicals (excluding water of course) it tastes like what it is.. A CHEMICAL. I immediately put the bottle back into the box from Amazon, along with the 3 unopened bottles and tossed them in the garbage. While I hated to spend $12+ of my money for NOTHING.. it's my fault, I should have done reviews FIRST. Here's just one I found: [...] The cute bottle and the 0 calories in the commercials were enough to entice me and I am sure this product will make millions from idiots like me who fell for this, but trust me people, SAVE YOUR MONEY. I don't write much reviews, but I just had to come on here because I am trying to go green and avoid as many chemicals as I can for my own body and home and this is just one big giant chemical hidden in a cute bottle with a great commercial. Look up the ingredients, which are NOT on Amazon and do your own research. Pour a glass of water, squeeze some lemons and add stevia for some lemonade with no chemicals.... Or brew some tea bags, put in pitcher, refrigerate, add stevia for some sweet tea... it will be better for you and taste better than this crap. Lesson learned... Now choose for yourself, if you buy it... remember I warned you ;)"
538171,amazon_tea,overseas,Amazon US,Tea,B0061IUIDY,4,,"I'm not a fan of English Black Tea, but this will satisfy your needs","Length:: 1:17 Mins See video. I rarely drink black tea, but for those who like it, this product will serve them well. I would have given it 2 stars because I really don't like black tea, but I want to be a fair tester. Someone who wants black tea will be happy with this product; hence, 4 stars. Good packaging."
441893,amazon_tea,overseas,Amazon US,Tea,B004E4HUMY,2,,10 squirts and it was bleh.,I started with 5 squirts of the tea and that did nothing but color the water a smirky brown. I added 5 more squirts and it tasted like watered-down day old McDonald's sweet tea. It was just too lemony without having a true sweet taste. I wouldn't purchase again and don't recommend either.
136061,amazon_tea,overseas,Amazon US,Tea,B005SPQENY,5,,Quite good!,"This is passion fruit flavored green tea with aloe vera pulp. I really didn't know what to expect, but it sounded good. Here is what I thought, from start to finish: The bottle looked as interesting as the drink sounded, bright colors, bold text. Parts of the bottle are clear and you could see the liquid inside. It is a light, clear-ish color and you could see the pulp floating through the whole bottle. When I opened it it smelled good, like I would expect green tea and passion fruit to smell. I took a small sip with no pulp and it tasted good. The next sip I tried the pulp, it is hard not to get the pulp. They are large juicy bits and the only way I could describe them was like the inside of an orange. Have you ever pulled the membrane off a segment of an orange and then pulled the little juice filled pieces out? It is like all the little tiny juice filled pieces floating in the drink. As much as I thought it would be just OK, I found that I really enjoyed it. It was quite good and I kept sipping, deciding I liked it even better, and then I finished the bottle. If you like green tea flavored with fruit and wouldn't mind the juicy bits (much better than pulp), then I would suggest giving this a try. I am certainly going to get more, and I think I will be trying the lemon flavor, too. Yum!"
62087,amazon_tea,overseas,Amazon US,Tea,B000CQG8K8,5,,OMG!!!,"I love this Chai Tea, i normally bought my chai tea from starbucks, but since we moved to the most northern town BARROW, AK, theres not such a thing. I ordered this tea and it is even better than starbucks, i will order this tea soon again"
458658,amazon_tea,overseas,Amazon US,Tea,B000FFIL92,1,,no returns,I ordered three of these and one came with no packing around it and the pot was broken. When I went online I found there were no returns on this item. I am VERY disappointed.
441839,amazon_tea,overseas,Amazon US,Tea,B004E4HUMY,4,,Best flavor additive!,"The entire family enjoys these. They give good flavor for those times you want something besides water. I would rather not have artificial sweeteners & additives but sometimes water just doesn't satisfy. I do like that you can add as little or as much as you want. I tend to waste the powdered additives or add it to a LOT more water while hubby prefers his drinks sweeter. It's tasty and has a good tea flavor, slightly artificial tasting but to be expected. Would definitely buy again."
538202,amazon_tea,overseas,Amazon US,Tea,B0061IUIDY,4,,Very Pungent Tea,This tea is very pungent and flavorful. One cup of it will be enough to keep you awake for quite a while and will fill the whole house with a very soothing aroma. it is perhaps even better chilled with a little milk.
136043,amazon_tea,overseas,Amazon US,Tea,B005SPQENY,2,,"Tasty But Aloe Vero ""Floaties"" Put Me Off","Although I am a big tea drinker, both hot and cold, I don't normally drink green tea as I enjoy a nice black tea taste and have never bought it as a beverage. Therefore I didn't really know what to expect when I got the Chantea Aloe Vera Green Tea - Passion Fruit flavor. However, I was pleasantly surprised - the green tea taste is mild and there is a really nice passion fruit flavor. Now for the big ""BUT"". The Amazon page says that the bottle contains ""real Aloe Vera pulp"" which I also assume is infused with passion fruit since if you chew it that's what the taste is. However, I've seen Aloe Vera and it's a succulant and the pulp that's in the bottle looks similar to orange pulp, so maybe its passion fruit - the label doesn't say anything more helpful. There isn't alot of it in the bottle, but the color of the drink combined with the pulp gives the strong impression that something inside went bad (or worse - it gives the impression of looking at pond water with floating bugs and stuff). Maybe that's why the label is opaque, wraps around the entire bottle, and goes from the base all the way to the neck - the marketers have figured out the public doesn't want to see all that stuff floating around in their drinks. So the drink is actually quite good - I'd probably buy it again just for the taste - but I don't really like anything hard in my drink (which is why I don't but pulpy orange juice) and thus the pulp in the drink is just a little too much to take."
33968,amazon_tea,overseas,Amazon US,Tea,B00412W76S,5,,Helps slow breast milk production,Used this to help slow breast milk production when I was breastfeeding. Worked well! I drank 3 cups a day.
222270,amazon_tea,overseas,Amazon US,Tea,B004E4CCSQ,5,,Mio...MY OH!,"I love flavored water...I must admit I have used Mio before and really have enjoyed trying their assorted flavors. I think the one thing that I love most about this product is that you can make your water flavor as weak or strong as you would like to. My daughter likes it a bit more flavorful than I do...so that's easy enough to do, you don't have to open another 'flavor baggy' or container, just put another squeeze into the water and stir...boom...there ya go! What an easy way to get more water into your life! AND at a much more cost effective manner than purchasing bottled teas/flavored waters."
229995,amazon_tea,overseas,Amazon US,Tea,B000WB1YSE,5,,The real green tea,I love the green tea Japanese restaurants serve. The tea is strong and very green in color. For years I could not find similar tea in any Asian grocery stores. My colleague gave this tea bag for me to try. Wow! It is exactly like the tea you get in a Japanese restaurant. Amazon is offering it at an amazing price. I cannot be happier with it.
62021,amazon_tea,overseas,Amazon US,Tea,B000CQG8K8,5,,flavorful....,"This tea (chai) has a great blend of spicy flavors (gingery, etc) in addition to being invigorating (yes, this is black tea). For me, all it takes is a little splash of milk and a drizzle of honey, blended in, and I am one happy camper!"
538407,amazon_tea,overseas,Amazon US,Tea,B0061IUIDY,1,,Tepid Tea,"I have always enjoyed a good ""cuppa"" and thought I had a lucky break when I had a chance to sample this new tea through the vine program. Unfortunately, the only good thing I can say about it is I didn't have to pay for it. Folks, I gave it every chance. I brewed it strong, medium, weak. I had it plain, with milk, with lemon. I offered it to friends and family both tea lovers and haters. And we all had the same reaction: It has no flavor! For some reason, this tea is absolutely tasteless, flavorless and insipid. So what to drink? If you like a strong cup with milk you can't beat Yorkshire Gold. Awake by Tazo is a close second. If you prefer it medium strength Twinnings English Breakfast or PG Tips will do nicely. And while I'm at it, the most outstanding Earl Grey I've ever tasted was Rishi Silver Needle Jasmine. Impra Black Currant makes a lovely iced tea. All of these may be purchased here at amazon."
37190,amazon_tea,overseas,Amazon US,Tea,B003CK2BQG,5,,Moroccan Mint Tea,"My wife & I enjoy this tea and really like the flavor. We think it is better than other Moroccan Mint teas that we have tried. Because it does have some caffeine, we drink it only in the morning or early afternoon."
538323,amazon_tea,overseas,Amazon US,Tea,B0061IUIDY,4,,Tasty With A Great Aroma,"This is a great tea - good flavor and aroma, and very smooth. As other reviewers have noted, it is less bitter than some other Earl Greys I have tasted. A good tea!"
70345,amazon_tea,overseas,Amazon US,Tea,B007I7Z3Z0,1,,Yuk!,"As someone who is trying to lower their caffeine intake, I looked forward to recieving this. I enjoy green tea and thought the taste would be refreshing for the summer. Too bad then that it tastes like mango flavored medicine. I took one sip and gave the rest to a relative."
441934,amazon_tea,overseas,Amazon US,Tea,B004E4HUMY,3,,Not a fan of the Sweet Tea flavor..,"I tried MIO when it first came out and enjoyed the fruit punch flavor. A couple squirts in a bottle of water turned it into a tasty flavored treat. I decided to try this sweet tea variety, and I wasn't too impressed. The flavor just seems off to me, not what I'm accustomed to enjoying from sweet tea. I tried it with just one squirt and with a few, the flavor seems off either way. I'd suggest if you're new to MIO, try one of the other flavors first to see how you enjoy it. If you're a huge sweet tea fan, this may suit you but it didn't sit well with me or my household. Overall, I still prefer Crystal Light packets in my water over MIO, as the flavor is more consistent and they're cheaper where I purchase them in bulk."
222386,amazon_tea,overseas,Amazon US,Tea,B004E4CCSQ,3,,"Awesome tasting, convenient, tastes great, but...","It could be the sweetener that I might be allergic to it?, but after drinking this stuff, my mouth gets coated & I feel incredibly thirsty & dehydrated. Flavors are great (I HAD to try another flavot, the black cherry, to see if it was the flavoring - same result!) Has malic acid in it, and a few vitamins, yet can't read all the ingredients, so not sure if the problem is the dyes or the sweetener - could be either causing that severe thirst, which is why we want flavor/vitamin-enhanced water to begin with. I don't care that it's 0 calorie or not, but would LOVE to see these in the same form only with a sweetener & perhaps without the colors, that don't cause a reaction... This stuff should be labeled the ""diet"" version, as many of us have problems with diet sweeteners, OR, better yet, they could use something like ""EZ Sweets"", that most people don't react to adversely, unlike ""Nutrasweet"" & other zero-calorie drinks & drink mixes. If the color was gone or at the VERY least the sweetener changed, I'd give it 10 stars out of 5, if I could! This is a great idea for every day, to throw in your purse, car or whatever. The sweetener tastes OK, but either the sweetener or dyes cause extreme thirst, gas, and I don't feel well at all after drinking this stuff. Fun for college & HS students who seem to want to see who can drink it the strongest, or even right out of the bottle, which is VERY small & makes more servings than it says. Bottle says ""24 servings"", yet I think that's for large glasses (maybe 24oz or so?) The 1st time I tried it, I followed the directions & it was FAR too strong, so it only takes a little to go a LONG way! IF the sweetener (& possibly coloring) is changed & I don't get a bad reaction, and the taste is as good (I know the EZ Sweetz sweetener is fine), I'll be buying a LOT more of this stuff for the car, the house, my purse, overnight bags, traveling, etc."
441895,amazon_tea,overseas,Amazon US,Tea,B004E4HUMY,2,,A Science Experiment,"I thought the concept of this was awesome. The packaging seemed prefect for portability; small with a spill-free pop-top. It is available in nine flavors - Berry Pomegranate, Sweet Tea, Peach Tea, Mango Peach, Orange Tangerine, Fruit Punch, Strawberry Watermelon, Black Cherry and Green Thunder. Just a squirt or 2 and I would have favor-enhanced water on the go. The reality was slightly different. Although the packaging is small, the spill-free pop-top LEAKS. I received the Sweet Tea flavor to sample. The flavor was very inconsistent - sometimes a squirt would be enough for an 8 oz. glass; other times 2 or more squirts were needed. It was almost like a science experiment (LOL). Often I would have to pour it out and start over; once I had added too much the taste would be overwhelmed with an artificial chemical-like sweetener taste. YUCK!!!!!"
521411,amazon_tea,overseas,Amazon US,Tea,B007JFXWRC,5,,I like it,"First let me say that I am a cold tea drinker or i like ice in my tea and only on really cold outside conditions do I ever drink hot tea. Lipton has a really unusual bag here and already have a few of their flavors but wanted to try the blackberry. Although the box states it is Blackberry Vanilla, the vanilla is just a hint of a flavor and that is alright with me. The flavor is mild and there are only 18 bags in this box whereas most of the other teas like Bigelow and Tazo have 20 in theirs. But, the price is slightly lower at the store where I checked but not only are the number of bags lower, the ounces in the bags are lower too. I can't see where the different tea bag actually makes the flow any better. I tried both of the different bags and both floated for a time if I didn't push them down. This is a nice flavor but it is so mild that it is almost non existant and i had to use another bag to get a good bold flavor. This flavor is caffeine free, which is a plus for night time use."
181998,amazon_tea,overseas,Amazon US,Tea,B0009F3POY,4,,Pass the honey...,"It's a good thing this tea actually works as it's supposed to... because it tastes so, SO bad! I went from pumping 8 oz/day at work to 11 oz/day by the end of a week, and that was only using the tea twice a day. I'm not a tea fan to start with, and this has a very strong anise flavor... also not a favorite. With enough honey, I can tolerate it. The results are worthwhile."
230051,amazon_tea,overseas,Amazon US,Tea,B000WB1YSE,5,,"Delicious, fresh green tea blended with maccha powder","I grew up with green tea (I'm from Japan)- I was always searching for good alternative to the loose green tea (wanted something quick, single serving, easy to clean, and yet tastes good). Well, my search is over, finally! Pros -Tastes very fresh, the color is very green, not that yellow-ish green -Added Maccha to enhance the flavor Cons -The naming is bit confusing. I can see why some people order this product, thinking that they are getting the Maccha powder (the one for the tea ceremony). This is NOT a 100% Maccha poder. It is a delicious, fresh green tea blended with maccha powder. Quick Tip If your green tea tastes too bitter, the water might be too hot. The best temperature is around 80C (176F- NOT boiling hot). After pouring the hot water, steep about 30-45 sec, then take the bag out. You never want to ""cook"" the green tea. Hope this helps :)"
136101,amazon_tea,overseas,Amazon US,Tea,B005SPQENY,4,,Nice Flavor,"This product have a nice flavor and the fruit pulp added a nice twist. It was sweet, but not an overpowering sickly sweet."
136106,amazon_tea,overseas,Amazon US,Tea,B005SPQENY,4,,Enjoyable Cold Beverage,"I found this beverage quite refreshing with an exotic, alluring, fruity flavor. Definitely a change of pace. It does contain sugar so diabetics may have to wait for the artificially sweetened version. Also, it comes in a plastic bottle. I prefer glass bottles. I realize glass increases the price and so will probably be getting harder to find. But I would love to enjoy this same product from an ice cold glass container."
230038,amazon_tea,overseas,Amazon US,Tea,B000WB1YSE,2,,Sip the incipid,"The matcha content is too low to matter falvor-wise, and the tea itself is sadly incipid. I use only about 5 oz water, and the tea is still too bland, yet with slite bitterness. I much prefer, fo example, Barry's green tea, with no matcha promises, but a strong rich flavor, and a price signifly less than this stuff. Gonna buy some good quality matcha and add it to green drinks, rather than brew a cuppa 4 or 5 times/day. And just as important, more points off for excess packing. Let's not forget nylon, as in nylon teabags, and that junk sticks around--who needs it!"
521473,amazon_tea,overseas,Amazon US,Tea,B007JFXWRC,4,,lipton goes luxury,"A pleasant addition to the Lipton line of teas. The blackberry vanilla is a blend of several fruits and flowers including Hibiscus flowers, Rosehips, sweet Blackberry leaves, dried black currant pieces, dried blackberry pieces, dried blueberry pieces, dried raspberry pieces and some ""natural"" flavors. You do need to infuse the recommended time of 4-6 minutes to release the full flavors of the tea. The dominant flavor is the blackberry as expected in the name. We enjoyed it both hot and iced. The pyramid bag design most closely mimics an infuser which is often used for higher end and bulk teas. It seems to work allowing the flavors to escape through the skin of the bag. A nice product and presentation."
538175,amazon_tea,overseas,Amazon US,Tea,B0061IUIDY,5,,I'm pleased,"Well, I don't claim to be a tea expert. My basis for comparison is Lipton's Orange Pekoe and Black Tea, which I drink regularly and like. So, this tea I judge as just as good and perhaps a touch better, a bit richer. And, it does seem to dissolve fast, maybe a testament to its richness. So, between the two, I prefer this, but not enough to change because of the cost and what I judge as only marginally better with regard to its naturalness claim. Its claim for being ethically produced, I think worthy, but really can't judge and I haven't heard anything bad about Lipton's processes. That said, if its cost is not important to the buyer and/or its claim of ethics is important enough, I recommend this because I judge it a superior tea based on what I like, as described in this review."
145544,amazon_tea,overseas,Amazon US,Tea,B003D4F1QS,2,,Packaging more suited for metal screws not teabags,"The packaging does not match what is show on the website. The teabags came in a box suited to hold metal screws not teabags. The teabags were tossed in there like screws as well. So, unless you plan to store your teabags in your garage at your workbench, do not order these. I ordered these as a subscription which I am now cancelling."
441798,amazon_tea,overseas,Amazon US,Tea,B004E4HUMY,2,,Too Much Control,"I can't get the hang of this MIO liquid coloring/flavoring stuff. I feel like there is an optimal amount per ounce to add and that I have gone over or under that amount in every attempt. If I could find the sweet spot, perhaps I'd like the product more. I think I prefer to have a standard dose of a flavor additive. I was interested to try it for a long time and excited when it became available through the Vine program because I had not seen it in stores. When it arrived, I was in a new place with a sink that produced nasty tap water. Adding MIO made it nasty tap water with a funky fake tea taste. Fast forward to after I tried it in filtered water--still a funky fake flavoring taste. I might try it again in another flavor--I haven't had tea-flavored water products before. Maybe a flavor that was just fruity as opposed to imitating a favorite beverage of mine (sweet tea) would be more flavorful. In general, I'd prefer plain water to this stuff."
181879,amazon_tea,overseas,Amazon US,Tea,B0009F3POY,5,,Helpful Lactation Aid,"This product was recommended to me by both my midwife and the lactation consultants at my hospital's breastfeeding clinic. On the days I would drink this, I was able to notice a difference in the amount of milk produced while pumping at work. I struggled with production, and would usually be able to pump 9 or 10 ounces instead of 7 or 8. I imagine if you produce more overall, you would hopefully see a similar increase percentage wise. A few things to note that are not on the box: You can make a large batch in the beginning of the day, and then drink throughout the day, either by reheating or chilled, and it will not lose it's potency...same with being able to mix with other teas once brewed if you find the taste undesirable. Since it is imperative that you follow the brewing directions that require seeping, while covered for ten minutes, these are a few tips the lactation clinic suggested to make sure it was easier to fit into my day as a working professional."
230067,amazon_tea,overseas,Amazon US,Tea,B000WB1YSE,5,,The best green tea!,"I have never liked green tea very much before, but I love this green tea. I drink it constantly. You can make iced tea easily by steeping the tea bags in cold water for only three minutes. Yummy!"
123090,amazon_tea,overseas,Amazon US,Tea,B000CQBZOW,5,,Best Tea Ever,"I tried this tea in a sampler pack and became totally addicted! I moved and could not find any stores that carry the flavor so I have to buy online. It is a very sweet and strong tea that requires no sugar or milk. I guess it tastes like black licorice, but I never eat it so I'm not sure."
145712,amazon_tea,overseas,Amazon US,Tea,B003D4F1QS,5,,Lemon Tea,"Love anything Lemon...this is decaf white tea. It is hard to find in any stores, so I get it here on Amazon. Good price - fast delivery. Great fresh light tea for summer."
123083,amazon_tea,overseas,Amazon US,Tea,B000CQBZOW,5,,Tastes like dessert,"For licorice lovers only. Intense licorice flavor and is naturally sweet, so needs no sugar or honey. Drinking a cup is like eating licorice for dessert, without the calories."
61972,amazon_tea,overseas,Amazon US,Tea,B000CQG8K8,5,,Summertime,"This makes the best iced tea ever.And in the winter I can drink a cup hot and remember that summer is not ""that"" far off.In Momtana, in the winter, we appreciate any thing that reminds us of summer."
181838,amazon_tea,overseas,Amazon US,Tea,B0009F3POY,1,,Didn't work for me,"I ordered this item in hopes that it would help me with my milk output. Right now I am barely keeping up with as much as my 4 month old will eat. However, after using 5 out of the 6 boxes in my initial order, I saw absolutely no increase in my output. I was really disappointed as there are so many awesome reviews. Good luck if you intend to try it. Just didn't work for me."
123115,amazon_tea,overseas,Amazon US,Tea,B000CQBZOW,5,,super yummy sweet taste!,"If you aren't familiar with the taste, I can only suggest you try it before you end up with 6 boxes of the stuff. But if you are a committed lover of this tea, then Amazon's Subscribe and Save is REALLY a great deal! Definitely not for people who do not like the taste of black licorice. I personally steep the tea for longer than advised on the package but I like my teas strong (package says 3-5 minutes, I go for 10). I have turned some of my licorice loving friends onto it - 1 is a diabetic and she LOVES it since it gives a really sweet flavor with NO sugar or carbohydrates. It is wonderful on a cold evening and won't keep you awake as there is NO caffeine."
441883,amazon_tea,overseas,Amazon US,Tea,B004E4HUMY,1,,It's Like Drinking A Sharpie Permanent Marker,"Are you familiar with the chemical smell that emanates from the tip of a Sharpie? That's what your water will smell like when you put this in it. No matter how much of this concoction I mixed into my water, it failed to taste like sweet tea. It did have a tea-like taste but I'd put it somewhere between Snapple peach and raspberry teas. If you're a fan of sweet tea just go buy some from the store or make your own; stay far, far away from this stuff."
538420,amazon_tea,overseas,Amazon US,Tea,B0061IUIDY,4,,Wow,"I am a big fan of English Breakfast teas and I have to say that I really like this tea. I can't say that I am too familiar with the Higgins & Burke brand, but I am impressed with the quality of their offering. It had a nice, mild flavor, but didn't tase ""weak"" like some mild teas do. Some people don't like mild tea, I am a fan of it in the mornings, or as a relaxing cup in the evening, so if you like very strong flavors, then I wouldn't recommend this (unless you want to use two bags per cup). It also has a bit of a bitter aftertaste, which I think is characteristic of English Breakfast teas, but it's not overpowering or terrible. My wife likes her tea a bit sweeter and a little stronger than I do, but she did like this when she tried it plain (and liked it more when she added a bit of sweetener!). I would definitely recommend this tea ot any English Breakfast or black tea fan. It was also nice to see that this brand is part of the Ethical Tea Partnership."
145848,amazon_tea,overseas,Amazon US,Tea,B003D4F1QS,4,,Great if you like Wintergreen,"Although I do not care for this tea much, I still give it four stars. That is because it is the only tea I can force down that has wintergreen in it. I often buy teas that are a mixture of green and/or white tea with spearmint and/or peppermint. It was my fault I did not read the description carefully, as I did not realize it had wintergreen in it until I tasted it. You can definitely taste the wintergreen! My favorite Stash teas are the White Christmas, (white tea, peppermint, & ginger), and the Moroccan Mint, (green tea, spearmint, lemongrass, & peppermint). I do the White Christmas if I want something a bit spicier and more warming, and I do the Moroccan mint when I want something a little smoother. Due to the lemongrass it does taste a bit grassy, but it's still good. If you want a good mint tea without green, try the Cascade mint. It just has peppermint and spearmint, and is absolutely delicious! I mix that with decaf green in the evenings and it's wonderful! Unfortunately, I have not found the Cascade mint in boxes of 100, so I usually stick with one of the other varieties mentioned above. Bottom line, I have come to love most of the Stash tea flavors that contain mint, with the exception of the Merry Mint. Like I said though, I can kindof get it down, which is more than I can say about other teas with wintergreen in them. And these boxes of 100 are such a great value, as I drink several cups per day!"
458689,amazon_tea,overseas,Amazon US,Tea,B000FFIL92,4,,Great gift,"I loved the tea set, and with the deal I got on Amazon, I was able to buy two of them for the price of one. The only fault we found with it, is the tea kettle is a bit small. However, the 9 varieties of tea that come in the tea set are fantastic, and the blooms are beautiful. Well worth the price I got on Amazon. And the bamboo box that the set comes in is very handy, now I have a nice place to store all of my teas, and when some one comes over, I can present them with this beautiful bamboo box full of teas, it's FANTASTIC!"
43757,amazon_tea,overseas,Amazon US,Tea,B001EQ5JLE,5,,Best tea!,"I never drank hot tea. I am 50 years old, from the south until a friend of mine turned me on to British Tea. Loved it. Problem was the only way to get it was to order it from England. You can't get it here in the states. Then I moved to Texas where Central Market is. I found this tea and like it about as much as the Salisbury Brand. It's rich, full bodied. Not watery at all. Have me a cup every morning and sometimes(especially in winter, it's Texas you know) in the afternoon. Can't go wrong with this one. Now my teenage son drinks it too, he likes it better than coffee."
458671,amazon_tea,overseas,Amazon US,Tea,B000FFIL92,3,,Nice packaging,You really need HOT water to make these open up..tea will probably be cold by the time the flower opens ..maybe I did something wrong..give them the benefit of the doubt
33964,amazon_tea,overseas,Amazon US,Tea,B00412W76S,5,,Very high quality tea,Many of the common brands of herbal teas are not palatable to me. This one is very good. I enjoy it. Easy on the palette and easy on the digestion track. Yum! Just like any high quality tea.
70325,amazon_tea,overseas,Amazon US,Tea,B007I7Z3Z0,3,,Too Sweet and artificial tasting!,"I used one packet of this in water and, though, it tasted like a sweet tea; the taste was artificial. I am not too keen on trying this product again."
62046,amazon_tea,overseas,Amazon US,Tea,B000CQG8K8,4,,"Good, cheap, hearty","I wouldn't buy this for my house, but I always welcome a cup when out and about -- it's better than most brands of earl grey carried at cafes! It is hearty with a strong bergamot flavor. This tea outperforms earl grey by: Mighty Leaf, Choice Organics, Celestial Seasonings, Tea Gschwendner, Numi It seems on par with: Tazo, Republic of Tea It is not as good as: Revolution, Far Leaves"
145509,amazon_tea,overseas,Amazon US,Tea,B003D4F1QS,4,,Good value,"Stash chai tea is tasty and the large box was perfect for ordering tea for my wedding favors. It doesn't hurt that the dark red bags go well with my colors either :) I ordered this along with a box of 100 Bigelow English Breakfast tea bags with the free super saver shipping and they arrived together within a week, so I'm pretty satisfied."
43843,amazon_tea,overseas,Amazon US,Tea,B001EQ5JLE,4,,One bag 3 cups,"This tea is wonderful, one bag will make three cups for most people. I like my tea very strong so these were perfect. I bet they will be good for making a good ice tea."
521428,amazon_tea,overseas,Amazon US,Tea,B007JFXWRC,4,,A Warm Season Beverage,"Not what I would call a cold season tea, Blackberry Vanilla Caffeine Free Herbal Tea from Lipton has a very interesting fruity flavor, more reminiscent of a spring day than the upcoming fall season. The tea has a strong tart side so I would recommend reducing the brew time from the recommended 4 to 6 minutes. Do not be put off by the deep red color, it makes you think raspberry but that is not the flavor that you will taste. For a change, I brewed four pyramid bags in three cups of water and after it cooled, poured it over a glass of ice. This is my preferred method of drinking it. I do not like sugar in my tea, but decided to give it a little whirl. Something happened with this mix, because I came away with an artificial aftertaste. If you prefer more of a black tea taste in you iced tea, add an extra Lipton orange pekoe bag. A perfect combination. Overall, a good product for warm weather drinking, excellent iced and the tart flavor hits the right spot."
62110,amazon_tea,overseas,Amazon US,Tea,B000CQG8K8,3,,"I like this tea, but it does lack something.","I think it's like another reviewer said, it really lacks a good black tea body. I love the intense spiciness, but clove dominates. In fact, the clove is so intense, that it numbs my mouth half way through a cup. I don't mind because it reminds me of when I used to smoke kretek, but others might."
33900,amazon_tea,overseas,Amazon US,Tea,B00412W76S,1,,Fish tea,"I know nettle tea has a pretty distinct taste, but this particular brand was just unbearable. The smell reminded me of fish food pellets, and it had a fishy taste, too. I bought a pound of loose nettles from somewhere else for a lot cheaper, and the taste is so much better."
181937,amazon_tea,overseas,Amazon US,Tea,B0009F3POY,2,,It doesn't work as it supposed.,"We bought 6 boxes. and drink the tea every day, did see any improvement unfortunatedly."
230040,amazon_tea,overseas,Amazon US,Tea,B000WB1YSE,2,,Very Grassy Flavor & Weak Tea,"I bought this green tea from Amazon because of strong reviews. I have tried it twice on two different days, steeped according to directions on the bag the first time and then steeped for 15 minutes the second time. I have to say I hate this tea! Very grassy in flavor and watered-down for what's left over! I am a long-time tea drinker and occasionally buy more expensive loose-leaf green tea from Japan. This Kirkland Matcha blend is NOT high quality green tea. I am giving this tea two stars instead of one because I can understand how people who do not know how to brew tea can complain about its bitter tannic taste. I also give credit to Kirkland for putting more volume of tea in the bags. With this tea, it will never be bitter because the flavor is completely weak! If you've tried something like Bigelow Green tea and hated its bitter taste, you might think this Kirkland Matcha tea is the top of the line. But it is not! First, the Bigelow will never be sweet like authentic loose leaf green tea because it was not dried and packaged correctly. Second, brewing it for longer than 4 minutes will make it dark yellow and bitter. But this Kirkland brand is much worse because it only looks green like the authentic green tea, yet tastes nothing like it! I continue my search for a convenient high-quality green tea and will resort to Bigelow for quick fixes if I can't find anything satisfying in the meantime..."
43924,amazon_tea,overseas,Amazon US,Tea,B001EQ5JLE,5,,"Very good, and a lot of it","If you haven't bought a 240 count package of tea before, let me tell you how much it is. A lot. That's how much. This is the church's morning tea supply for the next few months. The pyramid teabag is very nice. The bag material appears to be a standard tea bag like the kind used by Celestial Seasonings, but the four corners of the bag were formed into a pyramid instead of a square. A tea bag, of course, will retain some air as it is steeped. A square tea bag will float flat on the surface of the water. A pyramid, on the other hand, floats as an upside down pyramid. I don't know why the air doesn't collect in one of the corners, but it doesn't. Bottom line: the rest of the bag, and thus the tea, is submerged, which makes for a (in my opinion) much better steep than a square bag. The tea itself is quite enjoyable, although I am not a connoisseur by any means. I use one bag in the morning to make about a liter of tea, then down it with a big breakfast. This tea is not as in-your-face earthy as the last black tea I tried (a Yorkshire blend), and I like it better. It still has that earth and slightly bitter flavor, but it is a little sweeter than the Yorkshire blend I tried, probably because it is made from the tips of the plant, as the product name states, or perhaps it came from a different and better crop, or some other reason that I do not know. I am not one to add anything to my tea for sweetening or any other alteration, so I prefer this tea. There's just a ton of it. Two-hundred forty tea bags in an absurd quantity."
37336,amazon_tea,overseas,Amazon US,Tea,B003CK2BQG,4,,very tasty but bags leak the very finely crushed leaves,Before trying this tea I'd been drinking the packets my husband brought home from Japan. The stash had the same nutty flavor of the good japanese green tea but the bags were fragile and leaked tea leaf into the cup. Just a personal pet peeve. I bought the Stash green tea based on a review I read in Men's Health magazine that rated Stash as having the highest level of anti oxidents (and Caffeine) in those tested.
70343,amazon_tea,overseas,Amazon US,Tea,B007I7Z3Z0,1,,Blah taste,So i tried this one day and was naseuous after drinking one serving mixed with water. Maybe it was funky artificial mango pineapple taste? Or the artificial sweeteners in it? Either way it was pretty nasty.. I wouldnt drink this again nor offer to anyone.
37238,amazon_tea,overseas,Amazon US,Tea,B003CK2BQG,5,,FREAKIN AMAZING STUFF :D,"Delicious stuff. No Joke. i actually like this tea..i'm not exactly a tea drinker, but i drink it at least one thing of tea a day..mainly cause of the benifits long and short term. I'm not as lazy as i used to be, n i just feel 100% more ALIVE lol..yea i'm kinda being overdramatic, but i can't get enough. i learned a lot about this stuff from my health class in college. the blend of GREEN and WHITE tea is AMAZING FOR YOUR HEALTH!! if u googled the benifits of green and/or white tea u'd definitely wanna get some of this stuff for urself! ;P"
43803,amazon_tea,overseas,Amazon US,Tea,B001EQ5JLE,5,,Good tea,"Having lived in England for 10 years, finding 'real' tea after moving back stateside was a challenge. I was so pleased to find real English PG Tips available on Amazon. I bought 6 boxes of 240 bags. That should hold me until my next group of British friends come to visit me and re-supply my tea cupborad."
181901,amazon_tea,overseas,Amazon US,Tea,B0009F3POY,5,,worked for me!,I really love the taste! I think it helps increase production although you have to drink a lot of it to see the difference. I love the taste anyway so it's easy to drink a lot of it. It definitely helped keep the supply up once I went back to work. Even my little one enjoys a few sips now and then.
135992,amazon_tea,overseas,Amazon US,Tea,B005SPQENY,2,,Too Chunky,"I enjoy drinking a variety of teas - green, black, fruit, etc - and I thought the combination of Passion Fruit, Aloe and Green Tea would be a good one. Unfortunately there was far too much pulpy material to make drinking the tea enjoyable. The flavor was good, but I found myself wanting to strain it, in order to drink it from the bottle. It almost reminded of a bubble tea because the chunks of Aloe were so thick and numerous. If the pulpy material won't bother you this tea is fine, otherwise I'd avoid it."
222479,amazon_tea,overseas,Amazon US,Tea,B004E4CCSQ,2,,"A for effort, but D for results","The idea behind this product is quite good - a small container of drink concentrate that you can add to water anywhere and have an instant soft drink. Sadly, the product is not as good as the idea. The problem is the taste. I have tried various tea products, including Crystal Light, and have generally not been too impressed. Sadly, this MIO stuff tastes very artificial, and not at all pleasing. I tried it out on the kids, to see if it was more in their range, but even they did not like it. Sorry, MIO - A for effort, but D for results. (Review of MIO Liquid Peach Tea)"
62068,amazon_tea,overseas,Amazon US,Tea,B000CQG8K8,2,,Peach Tea,"We found very little peach flavor in this ""peach tea"". It is a poor substitute for Twinings."
441850,amazon_tea,overseas,Amazon US,Tea,B004E4HUMY,3,,My daughter loves it......and I don't.,"I have never tried Mio but my daughter had tried the Pomegranate flavored one which she liked but thought it was quite strong. We received the Sweet Tea flavor and my daughter tried it in her bottled water. My daughter absolutely LOVED it! She thought it was much better than the previous flavor she tried. It supposed to last 24 servings (a serving size is 1/2 tsp). I suppose depending on how strong you like your tea how long those 24 servings would last. It says that you use one squeeze for 8oz of water. It has -0- calories, it does NOT need refrigeration but says that for best quality use within 1 month of opening. The Mio is sweetened by sucralose and acesulfame potassium (as per label). UPDATE: I tried the Mio...and I've tasted sweet tea but this tastes terrible. Perhaps I like lemon tea because this doesn't taste like sweet tea I've had. My daughter still loves it though...."
538185,amazon_tea,overseas,Amazon US,Tea,B0061IUIDY,3,,Interested taste,"This black tea had a very interesting taste. It was kind of strong for my taste, but nevertheless it had a comforting taste. The tea is very strong, so I suggest using the minimal amount of tea bags when making tea for multipe cups. It's good to keep in the cubboard for company, but I don't think I would purchase it for myself."
145861,amazon_tea,overseas,Amazon US,Tea,B003D4F1QS,5,,"Stash tea is the best, herbal tea for me","The stash teas are handy, with great flavor at a good price. I usually get wild raspberry. I got mango/passion fruit this time. I just drop it in a mug O' room temp water, and keep topping it off as I drink it. It is naturally sweet enough for me- un adulterated. No caffeine, no sugar, and so pleasant. Handy in the foil packs, and simple packaging. The foil packs make it nice to put a couple in your pocket or pack, or give a few to a friend."
123157,amazon_tea,overseas,Amazon US,Tea,B000CQBZOW,3,,Basic Lemon Ginger Herbal Tea,"*** Stash's Lemon Ginger Caffeine Free Herbal Tea is a basic lemon ginger tea, tasting strongly of ginger, and full of flavorings, and oddly, even contains soy. This is one of the better commercial highly processed, non-organic teas. I much prefer organic teas that are made without artificial flavorings and certainly without soy, but if you are not picky about herb teas, and are looking something very strongly flavored as an introduction to the world of teasans and decaffeinated beverages, this would be fine. If you like your tea more subtle, with true pure tastes, and can discern complex differences between natural and commercial teas, then this definitely is not for you, and I would recommend any Numi tea, Yogi Tea, Traditional Medicinals, or even Stash's organic line of teas (which comes in a wonderful Lemon Ginger Organic Tea!) Stash Lemon Ginger Tea contains ginger root, lemongrass, lemon flavor, safflower, hibiscus, citric acid, and soy. Unfortunately, nothing special. ***"
222346,amazon_tea,overseas,Amazon US,Tea,B004E4CCSQ,5,,Great convenience product!,"Well, was this ever a nice surprise! A bitty squirt, and I DO mean bitty, into a glass of water and voila! Instant peach iced tea! The flavor is quite nice, sweetened but not so much so that it gags you, and the peach flavor is quite present but not overpowering. It is very refreshing, just awesome actually. One of those products you literally stumble upon and see yourself using it the rest of your life. Kids love it too so that's the ultimate test in my book! It's best with ice cubes though - the flavor kinda grabs you otherwise. You don't need much - just a bit of a squirt into an 8-ounce glass of water and you're done. The package will last for about 10-12 glasses of good tea, which isn't too bad and it doesn't need refrigerated after opening. You need to use it within 30 days, however, after opening. Great product, a great idea and a very fast pick-me-up at work. Highly, highly recommend!"
521458,amazon_tea,overseas,Amazon US,Tea,B007JFXWRC,5,,Yummy Blackberry Tea,"I have only recently become fond of drinking hot tea and usually prefer a spiced chai. I decided to take a chance on the Lipton Herbal Pyramid Tea Bags when they were offered as a choice in the VINE program. I am so glad that I did. This tea has a strong real blackberry flavor that is good with or without cream. When I added half and half, I almost thought I was drinking a blackberry cobbler with ice cream which is a good thing when you need to avoid desserts. I shared a cup with a friend last week who also loved it. I'm pretty sure she will buy some for herself soon. The only negative thing I noticed is that my half and half curdled when added to the hot tea. I thought I might have some bad milk but it only curdled in the blackberry tea and not my coffee or chai. I'm not sure what to think of that but it still tasted just fine."
538184,amazon_tea,overseas,Amazon US,Tea,B0061IUIDY,4,,"Good, but pricier than my standby (Taylors Yorkshire Gold)","This is a good, well-rounded, mellow English breakfast tea, an Assam/Ceylon blend. It has a distinctive, sort of floral undertone or aftertaste, not unpleasant but unusual. I prefer to do without the additional packaging of individual foil packets. And today's Amazon bulk price is $0.18 per for Higgins & Burke compared with $0.11 for my favorite everyday bagged tea, Taylors Yorkshire Gold. I won't be switching brands, but I'll enjoy the rest of this box. If you're a tea-drinker, you probably have a good idea of what you like in a black tea. There are many good ones to choose from. I have my favorite, but that's a personal thing based on my budget and taste. Above all, I'm grateful to Amazon for providing us with such variety and reasonable pricing."
37350,amazon_tea,overseas,Amazon US,Tea,B003CK2BQG,3,,Not my favorite flavor,"I love Stash mint green & white teas but this is not my favorite variation. It's much better over ice than warm so I think I'll use my purchase to make lots of iced tea. To be fair, it's a high quality tea. I think I really wanted a real mojito."
33908,amazon_tea,overseas,Amazon US,Tea,B00412W76S,5,,It works!,"I have used this product for quite some time on and off. It is easy to use, drink a cup before bed and excellent results in the morning. It is very beneficial for those times when life gets you out of sync."
458511,amazon_tea,overseas,Amazon US,Tea,B000FFIL92,3,,Decent,"The best thing about this tea is that it is unusual. I received it as a gift as I am a tea lover. The tea tastes pretty good, but no better really than your average box of tea and not as good as many of the loose leaf teas I have tried. I would possibly gift it to someone who is beginning to like tea only because it is a unique gift, not to those who might be ""tea connoisseurs"" of sorts."
62103,amazon_tea,overseas,Amazon US,Tea,B000CQG8K8,5,,strong smooth tea with an aromatic bergamot scent and taste,"I am totally addicted to this! i drink it every morning when i wake up and usually have one cup after dinner, . Bergamot is supposed to have properties that aid in digestion and calm your stomach, which i believe in. I have tried severl other brands but none even come close to the quality of stash."
230094,amazon_tea,overseas,Amazon US,Tea,B000WB1YSE,4,,Green Tea,"I find Kirkland Green Tea to be a very nice smooth tasting tea. Kirkland Signature Ito En Matcha Blend (Green Tea), 100% Japanese Green Tea Leaves, 100 Tea Bags"
458718,amazon_tea,overseas,Amazon US,Tea,B000FFIL92,3,,Jury is still out,"I gotta say that I was really excited for this product-- it was the perfect gift for my mom-- but not so happy with how it all worked out. My biggest issue? The flowers didn't always open the way they were supposed to, and even when they did I sort of felt like I was drinking tea with a giant sea anenome stuck in the teapot. The tea itself was pretty good, and it's still an interesting novelty gift (more power to these people for coming up with this idea), but I just don't think it's all it's cracked up to be. I'm going to try some more soon, so my opinion may change, but right now, I'm a little disappointed."
441955,amazon_tea,overseas,Amazon US,Tea,B004E4HUMY,4,,"Great flavor, but you've got to like 'sweet'","MIO Sweet Tea is indeed 'sweet', so if you don't like sweet things, don't bother with this flavor enhancer for your water. The tea flavor does come through too, but it's subtle. No strong aftertaste with this flavor of MIO and all things considered, it really is one of the best I've tried from their many flavors. I kept thinking to myself as I sipped away on my Sweet Tea flavored water - ""If I was on a diet and needed something sweet instead of a soda, this would be it!"" So if you're looking for a sweet with no aftertaste drink, that is as close to a regular soda in that 'sweetness', snag some MIO Sweet Tea flavored drink enhancer. If you are more inclined to enjoy diet sodas, you'll find this too sweet. Backing off the amount in your drink doesn't really help much as for me at least, the tea flavor was always much fainter than the sweetness."
123139,amazon_tea,overseas,Amazon US,Tea,B000CQBZOW,2,,Gross,"Tasted artificial, weird, unnatural. Could not detect the orange peel ""note"" at all. Singular, not balanced. Very pretty color and pleasant aroma. Unfortunately, I sent it back ):"
70278,amazon_tea,overseas,Amazon US,Tea,B007I7Z3Z0,5,,Great flavor with no aftertaste.,"Almost every add-in powder or liquid flavoring that I've tried has had a pretty bad aftertaste. With this Lipton To Go Stix I didn't experience an aftertaste at all. The honey, mango and pineapple flavors were all very subtle but mixed well together. I highly recommend this product for anyone who enjoys flavored tea."
62097,amazon_tea,overseas,Amazon US,Tea,B000CQG8K8,3,,"Over all, fairly good","I have tried spiced chai tea, but it did not have enough spices. I also tried a mix where you just add water, but they were too sweet. I prefer a stronger spice flavor and I like to be able to control the amount of milk and sugar. So, I usually make my own chai spiced tea from scratch. I get just the right amount of ingredients, but it is a lot of trouble and takes time. Then I tried the Stash Double Spiced Chai Tea. With more spice than most other teas I found the flavor and intensity to be fairly close to my home-made chai. This chai tea is able to maintain the flavor of the black tea with a nice blend of spices that give it a little extra kick with the double-spice. Of course, with more spices comes more bitterness. The way to lessen the bitterness is to slightly increase the milk and sugar. A better way to help cut the bitterness is to use honey instead of sugar. I will still make my own home-made version when I have the time to make it. But, I will also use this Stash Double Spice Chai Tea as an alternative until I find something better."
521362,amazon_tea,overseas,Amazon US,Tea,B007JFXWRC,5,,Nice cup of tea!,"I am a confirmed tea addict, and I keep a wide selection of regular, flavored, and herbal teas on hand, so the chance to test a new flavor of herbal tea was a no-brainer. I was more than pleasantly surprised to find that, though this is an entirely herbal concoction, it has the nice flavor of black tea. I don't know how they did that. There's a definite blackberry taste and the vanilla keeps all the other flavors calm and happy, but whereas some herbals have an overpowering single-flower note (usually some sort of citrus stomping heavily on the lighter flavors), there is no such thing going on in this cup. Honestly, I would not have expected such a nice touch from Lipton. I tend to be a little tea-snob, and I would have expected this from one of the exotic producers of primarily herbal blends. My hat is off to Lipton for out-herbaling the best of the rest. Highly recommend this lovely, caffeine-free herbal for any time of the day or night when only tea will do."
123224,amazon_tea,overseas,Amazon US,Tea,B000CQBZOW,5,,refreshing,"Well, I assume most people who buy this have tried it once before and are buying it because they know they like it. However, if you are buying it without trying it then i can tell you that its got a great flavor of pepppermint and leaves you feeling fresh. I liked it and I am not very big on tea either, so i'd say its got a good flavor"
145803,amazon_tea,overseas,Amazon US,Tea,B003D4F1QS,1,,yuk,I bought this tea for the health benefits but couldn't stand the taste. I couldn't drink it. Had to give it away and won't buy it again.
230008,amazon_tea,overseas,Amazon US,Tea,B000WB1YSE,5,,best tasting Green Tea,"I've tried hundreds of green tea brands from China, Japan and Korea and US. This is the best tasting green tea ever without the dark residue, sediments and bitter taste. This is very high quality and the taste is clean & fresh. will continue to order from Amazon.."
458726,amazon_tea,overseas,Amazon US,Tea,B000FFIL92,4,,"Nice tasting, pretty looking tea!","I have seen Numi teas around at my local coffee and tea shops. I found this on a Gold Box Deal and decided to try it out. I like how the tea bud blossoms and looks so nice when the tea is steeped. The only negative is the small teapot. I have this at work, and have to bring hot water to my desk, then pour in the teapot otherwise the teapot gets extremely hot, too hot to the touch. Even pouring it into a cup when the tea is steeped needs to be done with caution. Otherwise for the price, its a nice variety of special teas, for any occasions!"
34002,amazon_tea,overseas,Amazon US,Tea,B00412W76S,4,,Shipping Charges,"The product was fine, but the cost of shipping was more than the cost of the tea. Won't make that mistake again."
222505,amazon_tea,overseas,Amazon US,Tea,B004E4CCSQ,3,,Tastes ok but..,So i bit the bullet and got the Mio Liqud. This flavor tastes.. ok. It has a funky fresh aspartame kinda taste to it. I dont like diet sodas at al because they give me head aches (allergy to the artificial sweeteners) and this had the same headache. I took out out just for some flavor to add when on some walks and or hikes etc.. I mean its nice to keep something portable in a bag and just add if you want for flavor in the water - but im not sure whats in it.. all i know is the taste n the headache.
70233,amazon_tea,overseas,Amazon US,Tea,B007I7Z3Z0,5,,"fruit juice taste, diet friendly, healthy on-the-go drink","I must watch my calories, sodium, sugar, and fat due to health issues. Thus tea is a preferred drink over sodas. I want to live, and live a good lifestyle. This product helps. Expecting good taste since it is produced by Lipton, a favorite of mine and my wife's, this was hardly a gamble in trying. The flavor was excellent, strong, fruity, and actually better than expected. I've tried lots of flavored teas and usually have gone back to regular plain old Lipton. Fat & Sodium are 0. Sugar only 1g per 8 oz. and calories only 5. 10mg caffeine if that's an issue for you, not for me. After realizing the drink was a bit sweeter, like southern sweetened tea, and I'm used to less sweet, I tried mixing the drink with an equal amount of club soda. WOW. Even better. Now the Lipton Blackberry Pomegranate flavor was still there, less sweet, the drink had the fizz of soda, calories cut to 2 ½, and sugar only 1/2g. The drink came out as clear as sun tea. Kids will love this sweetness. Kids need drinks with low calorie count. That's becoming major for child health. Convenience is a plus, an easily opened individual tube of powder, travel friendly, a freshly mixed drink at work, or make it one bottle at a time at home. No more having several types of bagged tea on the shelf to mix one with another, and then a remaining half-pitcher of tea going funky in the refrigerator. This has a shelf life of well over a year. It is tons better than instant teas I've tried, easier storage than bottled brew, and has the refreshing taste that the world has come to expect from Lipton. My sample convinced me to begin converting from the mess of tea bags. Dare I mention this can be carried in a shirt pocket or purse to a restaurant and instead of ordering those overpriced drinks, ask for the free iced water, then pour in your Lipton, stir, and ""Bob's your Uncle""."
135957,amazon_tea,overseas,Amazon US,Tea,B005SPQENY,4,,"Very Interesting, Takes Some Getting Used To","I really enjoyed this drink, for a couple of reasons. First off, Chantea has a really nice taste. The texture of the liquid is very smooth, and while it's a little sweeter than I would have liked, it isn't cloying, and there isn't any of that artificial sweetener tang. You can definitely taste the tea, too. To my surprise, the aloe vera pulp really helped make the drink. It was a little bit startling at first, mostly because the pulp was really more like chunks. But again, it was good. The nutrition isn't too bad (heavy on the sugar, though, take note) and it's very refreshing. I'd recommend it."
136007,amazon_tea,overseas,Amazon US,Tea,B005SPQENY,3,,Pulpy Sweetness,"If you're the kind of person who doesn't like drinking anything that has stuff floating in their beverage, than this isn't the product for you. I usually stay clear of orange juice with pulp for this reason, and with this drink, you're guaranteed a mouthful of fruit viscera in every sip. Nevertheless, this green tea and passion fruit concoction is packed with sweet exotic flavor. If you can get past the clumps of fruit that pass through your gullet with every swallow you'll enjoy this beverage as a tasty alternative to your typical fruit juices. I wouldn't recommend this product if you tend to be more of a traditionalist with your tastes, but if you're adventurous and are open to slightly unusual but safe experiences, give it a try."
521363,amazon_tea,overseas,Amazon US,Tea,B007JFXWRC,5,,"Very easy to brew, tastes and smells great, could be sweeter","Lipton Herbal Pyramid Tea Bags, Blackberry Vanilla These pyramid tea bags are quite functional by allowing the contents to release their flavoring more consistently and fully. Upon opening the box, I could smell the berries and vanilla which did not dissipate while brewing the tea. When the dried contents of the bag were reconstituted, I could tell that they're real berries. The tea tastes fairly smooth and I could detect its acidity. I think it would work better if it were slightly sweeter. The fact it is caffeine-free makes this a great tea to drink before sleeping. Overall: 5/5 stars, very easy to brew with the pyramid bags, smells and tastest great, could be slightly sweeter"
33966,amazon_tea,overseas,Amazon US,Tea,B00412W76S,5,,good stuff,"this red clover tea is worth my money, i have shed 8 pounds in 3 weeks, i know its not a diet tea or anything but, i drink this twice a day eat my 3 regular small meals, and a fruit or a rice cake or something lowfat, the tea coupled with better eating habits and i ride my exercise bike and do a few stretches, lunges, lift a 5 pound weight in sets of 5's twice, for about 15 minutes total2 times a day, nothing long and drawn out. before 3 weeks ago i honestly weighed 199, that's a lot of weight if you are 5'2, mostly in my butt and thighs. today i weigh 190, today meaning march 20, 2012. i have a long way to go but that is a good start for me i love food it is hard but i find lowfat and sugarfree things to snack on. being overweight makes you tired easily, and the more tired you feel the more you will just sit around and when you sit around, yep you tend to snack. my goal is 170 pounds, yea that is still a lot of weight but i am a realistic person, i will not set myself up for a let down. if a should lose anything beyond 170 i will be very happy, i will update my quest on april 20, 2012. thanks"
61992,amazon_tea,overseas,Amazon US,Tea,B000CQG8K8,4,,Ahhh finally truly spicy chai in a tea bag,"I once had a soy chai latte that blew my mind. I was driving through Missoula Montana. I have yearned for years to capture that taste again. I have tried chai after chai with no luck. This chai comes close. If you like spicey chai but without all the sugar and milk in the premixed, this may be your chai."
230032,amazon_tea,overseas,Amazon US,Tea,B000WB1YSE,2,,I don't get it,"I was all excited about trying this after reading all the great reviews, but I don't like it- even with lemon and sweetener-tastes like dirt to me. The only type of green tea I've tried that I actually enjoyed is Yogi's Green Slim Life Blueberry. The search continues..."
521442,amazon_tea,overseas,Amazon US,Tea,B007JFXWRC,4,,Blackberry Vanilla Tea,"This tea smells so GOOD brewing! A nice strong yummy smell. I was just a tad disappointed that the taste wasn't quite as strong as the smell. It does taste good, just not as strong as I like my tea. (just brew it for a little longer than normal) I love the pyramid bag it comes in! I have found that tea that comes in the pyramid bags do seem to brew a better cup of tea. Grab a box of this Blackberry Vanilla Tea and brew yourself a cup."
