review_id,aspect,sentiment,evidence,group_id,category,rating,aspect_label,aspect_label_zh,owner
521446,taste,positive,"naturally sweet, rich taste",B007JFXWRC,Tea,5,Taste,口感,Product / Sourcing
521446,aroma,positive,enticingly delicious smell,B007JFXWRC,Tea,5,Aroma,香气,Product / Sourcing
521446,health_wellness,positive,No sugar or honey is needed,B007JFXWRC,Tea,5,Health & wellness,健康功效,Marketing claims
123112,taste,positive,"interesting taste, not bitter",B000CQBZOW,Tea,5,Taste,口感,Product / Sourcing
123112,caffeine_energy,positive,most robust decafinated tea,B000CQBZOW,Tea,5,Caffeine & energy,咖啡因与提神,Product / Content
123112,packaging,positive,"Individually, foil wrapped tea bags",B000CQBZOW,Tea,5,Packaging,包装,Packaging
123112,freshness_quality,positive,keeps the flavor fresh,B000CQBZOW,Tea,5,Freshness & quality,新鲜度与品质,Supply chain / QC
123112,price_value,positive,save on shipping,B000CQBZOW,Tea,5,Price & value,价格与性价比,Pricing
222442,taste,positive,light peach taste,B004E4CCSQ,Tea,4,Taste,口感,Product / Sourcing
222442,health_wellness,positive,sugar free drink,B004E4CCSQ,Tea,4,Health & wellness,健康功效,Marketing claims
222442,brewing_convenience,positive,in total control of the strength,B004E4CCSQ,Tea,4,Brewing & convenience,冲泡与便利,Product / Content
222361,taste,negative,taste like chemicals and has a horrible aftertaste,B004E4CCSQ,Tea,3,Taste,口感,Product / Sourcing
222361,brewing_convenience,positive,Easy to carry and I can flavor to taste,B004E4CCSQ,Tea,3,Brewing & convenience,冲泡与便利,Product / Content
222412,taste,negative,Peach flavor is off,B004E4CCSQ,Tea,2,Taste,口感,Product / Sourcing
62071,aroma,neutral,strong clove scent,B000CQG8K8,Tea,3,Aroma,香气,Product / Sourcing
62071,taste,neutral,chai tastes a bit better this time,B000CQG8K8,Tea,3,Taste,口感,Product / Sourcing
62071,brewing_convenience,positive,Convenient,B000CQG8K8,Tea,3,Brewing & convenience,冲泡与便利,Product / Content
136023,health_wellness,positive,doesn't have any artificial ingredients,B005SPQENY,Tea,1,Health & wellness,健康功效,Marketing claims
136023,taste,positive,fresh taste,B005SPQENY,Tea,1,Taste,口感,Product / Sourcing
136023,freshness_quality,negative,"bits of aloe, while healthy, made me gag",B005SPQENY,Tea,1,Freshness & quality,新鲜度与品质,Supply chain / QC
441918,packaging,negative,sweetener was already leaking from the seal,B004E4HUMY,Tea,2,Packaging,包装,Packaging
33977,health_wellness,positive,helps cure insomnia and is also known as a cleanser,B00412W76S,Tea,5,Health & wellness,健康功效,Marketing claims
538370,taste,positive,not much of a bitter after taste,B0061IUIDY,Tea,3,Taste,口感,Product / Sourcing
61984,taste,positive,It has a good flavor,B000CQG8K8,Tea,5,Taste,口感,Product / Sourcing
230114,taste,positive,it taste good,B000WB1YSE,Tea,3,Taste,口感,Product / Sourcing
230114,freshness_quality,negative,expired in less than a month,B000WB1YSE,Tea,3,Freshness & quality,新鲜度与品质,Supply chain / QC
230114,delivery,neutral,100 packages and when I got mine,B000WB1YSE,Tea,3,Delivery,物流,Logistics
441911,taste,positive,i love the sweet tea,B004E4HUMY,Tea,4,Taste,口感,Product / Sourcing
441911,caffeine_energy,neutral,know if it has caffine in it,B004E4HUMY,Tea,4,Caffeine & energy,咖啡因与提神,Product / Content
123085,taste,positive,tasted the tea in a restaurant,B000CQBZOW,Tea,5,Taste,口感,Product / Sourcing
145505,taste,negative,The peach flavor is lost,B003D4F1QS,Tea,3,Taste,口感,Product / Sourcing
34040,taste,negative,It's a little bitter,B00412W76S,Tea,4,Taste,口感,Product / Sourcing
34040,health_wellness,positive,recommended for helping women's PMS symptoms,B00412W76S,Tea,4,Health & wellness,健康功效,Marketing claims
34040,price_value,neutral,I have purchased other teas of this brand,B00412W76S,Tea,4,Price & value,价格与性价比,Pricing
229998,price_value,positive,pricing was great because your getting 100 tea bags for about $11,B000WB1YSE,Tea,5,Price & value,价格与性价比,Pricing
229998,taste,positive,started to taste it after 3 cups,B000WB1YSE,Tea,5,Taste,口感,Product / Sourcing
43910,taste,positive,Very strong,B001EQ5JLE,Tea,4,Taste,口感,Product / Sourcing
43910,price_value,positive,worth the price,B001EQ5JLE,Tea,4,Price & value,价格与性价比,Pricing
43910,packaging,negative,bits and pieces fall through the box,B001EQ5JLE,Tea,4,Packaging,包装,Packaging
222428,taste,positive,peach tea is by far my favorite,B004E4CCSQ,Tea,4,Taste,口感,Product / Sourcing
222428,health_wellness,negative,trigger heartburn for me after drinking it,B004E4CCSQ,Tea,4,Health & wellness,健康功效,Marketing claims
222428,brewing_convenience,negative,"need to stir my drink, dirtying a spoon",B004E4CCSQ,Tea,4,Brewing & convenience,冲泡与便利,Product / Content
145463,taste,negative,little to no taste,B003D4F1QS,Tea,2,Taste,口感,Product / Sourcing
521350,taste,positive,The vanilla flavor manages to come through even with the berry flavors,B007JFXWRC,Tea,4,Taste,口感,Product / Sourcing
521350,caffeine_energy,positive,"it did not keep me up at all, so it is caffeine free",B007JFXWRC,Tea,4,Caffeine & energy,咖啡因与提神,Product / Content
521350,brewing_convenience,positive,I also like the pyramid bag as I feel it brews a lot faster,B007JFXWRC,Tea,4,Brewing & convenience,冲泡与便利,Product / Content
521349,taste,positive,the blackberry flavor is predominant. The vanilla notes are more subtle,B007JFXWRC,Tea,4,Taste,口感,Product / Sourcing
521498,taste,positive,Blackberry Vanilla is delicious!,B007JFXWRC,Tea,5,Taste,口感,Product / Sourcing
521498,aroma,positive,do smell and taste it,B007JFXWRC,Tea,5,Aroma,香气,Product / Sourcing
521498,freshness_quality,positive,"With real pieces of blackberry, current, blueberry, raspberry",B007JFXWRC,Tea,5,Freshness & quality,新鲜度与品质,Supply chain / QC
521498,brewing_convenience,positive,cool pyramid shaped teabag,B007JFXWRC,Tea,5,Brewing & convenience,冲泡与便利,Product / Content
33941,taste,negative,tastes to me like I steeped weeds from the backyard,B00412W76S,Tea,2,Taste,口感,Product / Sourcing
230047,taste,negative,taste not as good as Chinese green tea,B000WB1YSE,Tea,1,Taste,口感,Product / Sourcing
230047,freshness_quality,negative,The quality... not as good,B000WB1YSE,Tea,1,Freshness & quality,新鲜度与品质,Supply chain / QC
230047,price_value,negative,Price is ripped off,B000WB1YSE,Tea,1,Price & value,价格与性价比,Pricing
222284,taste,positive,It is a tasty beverage,B004E4CCSQ,Tea,5,Taste,口感,Product / Sourcing
222284,brewing_convenience,positive,easily control the strength of the drink,B004E4CCSQ,Tea,5,Brewing & convenience,冲泡与便利,Product / Content
230016,taste,negative,taste is a little too 'leafy' for me,B000WB1YSE,Tea,2,Taste,口感,Product / Sourcing
229982,taste,positive,thoroughly enjoyed it,B000WB1YSE,Tea,5,Taste,口感,Product / Sourcing
33947,taste,negative,This stuff taste the worse,B00412W76S,Tea,1,Taste,口感,Product / Sourcing
33947,aroma,negative,it stinks up the place,B00412W76S,Tea,1,Aroma,香气,Product / Sourcing
33947,price_value,negative,what a waste of money,B00412W76S,Tea,1,Price & value,价格与性价比,Pricing
33916,health_wellness,positive,It helps strengthen the uterus,B00412W76S,Tea,5,Health & wellness,健康功效,Marketing claims
135951,taste,neutral,more sweet than fruit,B005SPQENY,Tea,2,Taste,口感,Product / Sourcing
135951,freshness_quality,neutral,suspension of these pulps,B005SPQENY,Tea,2,Freshness & quality,新鲜度与品质,Supply chain / QC
135951,health_wellness,negative,unlikely to purchase this item as part of my healthier eating plan,B005SPQENY,Tea,2,Health & wellness,健康功效,Marketing claims
43864,taste,positive,This is really smooth tea,B001EQ5JLE,Tea,4,Taste,口感,Product / Sourcing
43864,price_value,positive,less expensive,B001EQ5JLE,Tea,4,Price & value,价格与性价比,Pricing
33944,health_wellness,positive,help cleanse my liver,B00412W76S,Tea,5,Health & wellness,健康功效,Marketing claims
33944,delivery,positive,I order it from Amazon,B00412W76S,Tea,5,Delivery,物流,Logistics
136003,taste,neutral,it didn't taste too bad,B005SPQENY,Tea,2,Taste,口感,Product / Sourcing
136003,freshness_quality,negative,hard to get past trying to drink the chunks,B005SPQENY,Tea,2,Freshness & quality,新鲜度与品质,Supply chain / QC
538433,caffeine_energy,positive,substitute for coffee in the morning and soda,B0061IUIDY,Tea,5,Caffeine & energy,咖啡因与提神,Product / Content
538433,packaging,positive,each tea bag is wrapped in foil packets,B0061IUIDY,Tea,5,Packaging,包装,Packaging
538433,brewing_convenience,positive,easy to tear open without tearing up,B0061IUIDY,Tea,5,Brewing & convenience,冲泡与便利,Product / Content
538433,aroma,positive,nice smell to the tea,B0061IUIDY,Tea,5,Aroma,香气,Product / Sourcing
538433,taste,positive,without the bitter taste,B0061IUIDY,Tea,5,Taste,口感,Product / Sourcing
458496,listing_accuracy,negative,considerably smaller than it appears in the picture,B000FFIL92,Tea,4,Listing accuracy,描述相符,Listing / Content
458496,packaging,positive,the teapot and the flowering tea are beautiful,B000FFIL92,Tea,4,Packaging,包装,Packaging
222520,packaging,positive,bottles are small and will fit in your purse,B004E4CCSQ,Tea,3,Packaging,包装,Packaging
222520,brewing_convenience,positive,A little goes a long way,B004E4CCSQ,Tea,3,Brewing & convenience,冲泡与便利,Product / Content
222520,taste,negative,artificial sweet flavor took over,B004E4CCSQ,Tea,3,Taste,口感,Product / Sourcing
222520,health_wellness,negative,sickeningly sweet fake/chemically taste,B004E4CCSQ,Tea,3,Health & wellness,健康功效,Marketing claims
222269,taste,positive,good sweetness and good flavor,B004E4CCSQ,Tea,4,Taste,口感,Product / Sourcing
222269,packaging,positive,snap lock lid is secure,B004E4CCSQ,Tea,4,Packaging,包装,Packaging
521471,taste,positive,The vanilla and blackberry flavors blend well,B007JFXWRC,Tea,5,Taste,口感,Product / Sourcing
521471,packaging,positive,pyramid tea bags are delightful,B007JFXWRC,Tea,5,Packaging,包装,Packaging
145836,price_value,positive,excellent value for decaf English Breakfast tea,B003D4F1QS,Tea,2,Price & value,价格与性价比,Pricing
145836,taste,negative,bears no relationship to any English Breakfast tea,B003D4F1QS,Tea,2,Taste,口感,Product / Sourcing
145836,caffeine_energy,neutral,decaf black tea,B003D4F1QS,Tea,2,Caffeine & energy,咖啡因与提神,Product / Content
123190,price_value,positive,at a fraction of the cost,B000CQBZOW,Tea,5,Price & value,价格与性价比,Pricing
222328,taste,negative,tastes more artificial. It tastes almost cloyingly sweet,B004E4CCSQ,Tea,4,Taste,口感,Product / Sourcing
222328,packaging,positive,handy small package,B004E4CCSQ,Tea,4,Packaging,包装,Packaging
123152,taste,negative,very little licorice taste and an almost sickening after taste,B000CQBZOW,Tea,2,Taste,口感,Product / Sourcing
123152,aroma,negative,sickening after taste and smell,B000CQBZOW,Tea,2,Aroma,香气,Product / Sourcing
62028,aroma,positive,smell of spices from this tea is awesome,B000CQG8K8,Tea,3,Aroma,香气,Product / Sourcing
62028,taste,negative,tea itself is weak,B000CQG8K8,Tea,3,Taste,口感,Product / Sourcing
136070,taste,positive,tasted natural and fresh,B005SPQENY,Tea,5,Taste,口感,Product / Sourcing
136070,freshness_quality,positive,tasted natural and fresh,B005SPQENY,Tea,5,Freshness & quality,新鲜度与品质,Supply chain / QC
458755,packaging,positive,The case it comes in is pretty sturdy,B000FFIL92,Tea,4,Packaging,包装,Packaging
458653,taste,negative,"tastes ""weedy"" rather than like real tea",B000FFIL92,Tea,2,Taste,口感,Product / Sourcing
458653,packaging,positive,The presentation was good,B000FFIL92,Tea,2,Packaging,包装,Packaging
458697,taste,positive,The tea tastes very good,B000FFIL92,Tea,3,Taste,口感,Product / Sourcing
458697,packaging,negative,little glass pot that comes with the set it cracked,B000FFIL92,Tea,3,Packaging,包装,Packaging
441938,taste,positive,The taste is natural and not overly sweet,B004E4HUMY,Tea,5,Taste,口感,Product / Sourcing
37191,taste,positive,Great taste,B003CK2BQG,Tea,5,Taste,口感,Product / Sourcing
37191,aroma,positive,nice smell,B003CK2BQG,Tea,5,Aroma,香气,Product / Sourcing
37191,price_value,positive,great value,B003CK2BQG,Tea,5,Price & value,价格与性价比,Pricing
43782,taste,positive,"Strong flavourful, but not with a bitter aftertaste",B001EQ5JLE,Tea,5,Taste,口感,Product / Sourcing
43782,price_value,positive,makes it an excellent deal,B001EQ5JLE,Tea,5,Price & value,价格与性价比,Pricing
181936,health_wellness,negative,made no difference to my milk production,B0009F3POY,Tea,3,Health & wellness,健康功效,Marketing claims
521483,taste,negative,Doesn't taste much like berry or vanilla,B007JFXWRC,Tea,3,Taste,口感,Product / Sourcing
521483,packaging,positive,Pyramid silk tea bags are very impressive,B007JFXWRC,Tea,3,Packaging,包装,Packaging
521483,health_wellness,negative,List of ingredients is a bit frigtening,B007JFXWRC,Tea,3,Health & wellness,健康功效,Marketing claims
33912,health_wellness,positive,Helped in restoring my breastmilk supply,B00412W76S,Tea,5,Health & wellness,健康功效,Marketing claims
181814,health_wellness,negative,made no difference to my milk production,B0009F3POY,Tea,3,Health & wellness,健康功效,Marketing claims
43797,taste,positive,"It's a bit strong, so it goes really well with milk",B001EQ5JLE,Tea,5,Taste,口感,Product / Sourcing
145614,taste,positive,truly the most comforting delicious tea,B003D4F1QS,Tea,4,Taste,口感,Product / Sourcing
145614,caffeine_energy,positive,The fact that its decaf is awesome,B003D4F1QS,Tea,4,Caffeine & energy,咖啡因与提神,Product / Content
145614,price_value,positive,at a great price,B003D4F1QS,Tea,4,Price & value,价格与性价比,Pricing
222462,brewing_convenience,negative,comes with no instruction on how much,B004E4CCSQ,Tea,2,Brewing & convenience,冲泡与便利,Product / Content
222462,taste,negative,It tastes like medicine or chemicals,B004E4CCSQ,Tea,2,Taste,口感,Product / Sourcing
222462,listing_accuracy,negative,there is no mention of tea or peaches,B004E4CCSQ,Tea,2,Listing accuracy,描述相符,Listing / Content
458702,price_value,positive,inexpensive thru Amazon,B000FFIL92,Tea,5,Price & value,价格与性价比,Pricing
458702,packaging,positive,It was well packaged,B000FFIL92,Tea,5,Packaging,包装,Packaging
37245,taste,positive,I've never had an iced tea that I like better,B003CK2BQG,Tea,5,Taste,口感,Product / Sourcing
37245,brewing_convenience,positive,I make it in an iced tea maker,B003CK2BQG,Tea,5,Brewing & convenience,冲泡与便利,Product / Content
37245,health_wellness,positive,The fact that it is healthy is just a bonus,B003CK2BQG,Tea,5,Health & wellness,健康功效,Marketing claims
43821,taste,positive,"Like the tea, its pretty strong is quite good.",B001EQ5JLE,Tea,3,Taste,口感,Product / Sourcing
43821,packaging,negative,the 2 packs i received both had tea spilled outside the boxes.,B001EQ5JLE,Tea,3,Packaging,包装,Packaging
181851,aroma,positive,smells like liqurious candy,B0009F3POY,Tea,4,Aroma,香气,Product / Sourcing
181851,health_wellness,positive,works within a hour or so you got more milk production,B0009F3POY,Tea,4,Health & wellness,健康功效,Marketing claims
181851,price_value,positive,So the Subscription deal comes pretty handy.,B0009F3POY,Tea,4,Price & value,价格与性价比,Pricing
222311,taste,negative,the overwhelming characteristic is sweetness,B004E4CCSQ,Tea,2,Taste,口感,Product / Sourcing
145794,caffeine_energy,negative,it said caffiene free,B003D4F1QS,Tea,2,Caffeine & energy,咖啡因与提神,Product / Content
145794,listing_accuracy,negative,Tea advertised it had caffeine,B003D4F1QS,Tea,2,Listing accuracy,描述相符,Listing / Content
145794,delivery,negative,product you cannot return,B003D4F1QS,Tea,2,Delivery,物流,Logistics
62134,taste,positive,I am completely addicted to my Chai,B000CQG8K8,Tea,5,Taste,口感,Product / Sourcing
62134,price_value,positive,less expensive... than when we get it by the single box,B000CQG8K8,Tea,5,Price & value,价格与性价比,Pricing
222388,aroma,positive,Smelled like peach.,B004E4CCSQ,Tea,1,Aroma,香气,Product / Sourcing
222388,taste,negative,too sweet with over powering peachiness and left an unpleasant aftertaste,B004E4CCSQ,Tea,1,Taste,口感,Product / Sourcing
222388,brewing_convenience,negative,Instructions on bottle say each squeeze adds more flavor,B004E4CCSQ,Tea,1,Brewing & convenience,冲泡与便利,Product / Content
458518,taste,positive,the tea is delicious,B000FFIL92,Tea,5,Taste,口感,Product / Sourcing
458518,packaging,positive,individual tea blossoms are pre packaged in a single box,B000FFIL92,Tea,5,Packaging,包装,Packaging
458518,freshness_quality,positive,the teapot is nice and small,B000FFIL92,Tea,5,Freshness & quality,新鲜度与品质,Supply chain / QC
135976,taste,positive,was both delicious and left no after taste.,B005SPQENY,Tea,5,Taste,口感,Product / Sourcing
33940,taste,positive,It is good and soothing to drink.,B00412W76S,Tea,4,Taste,口感,Product / Sourcing
33940,health_wellness,positive,soothing to drink,B00412W76S,Tea,4,Health & wellness,健康功效,Marketing claims
70136,taste,negative,It leaves an after taste that just won't go away,B007I7Z3Z0,Tea,1,Taste,口感,Product / Sourcing
62151,taste,positive,"heartier, more interesting taste",B000CQG8K8,Tea,4,Taste,口感,Product / Sourcing
441877,taste,negative,I can't taste tea. I just taste like sweet water,B004E4HUMY,Tea,2,Taste,口感,Product / Sourcing
538191,taste,positive,good flavor,B0061IUIDY,Tea,5,Taste,口感,Product / Sourcing
538191,caffeine_energy,positive,The caffeine rush that I got... was impressive,B0061IUIDY,Tea,5,Caffeine & energy,咖啡因与提神,Product / Content
538191,packaging,positive,Each tea bag comes in an individual packet,B0061IUIDY,Tea,5,Packaging,包装,Packaging
538191,freshness_quality,positive,preserves its freshness,B0061IUIDY,Tea,5,Freshness & quality,新鲜度与品质,Supply chain / QC
538191,brewing_convenience,positive,brews quickly into a nice color,B0061IUIDY,Tea,5,Brewing & convenience,冲泡与便利,Product / Content
538191,aroma,positive,pleasant aroma,B0061IUIDY,Tea,5,Aroma,香气,Product / Sourcing
441797,taste,positive,plenty of taste,B004E4HUMY,Tea,4,Taste,口感,Product / Sourcing
441797,brewing_convenience,positive,ultra convenient,B004E4HUMY,Tea,4,Brewing & convenience,冲泡与便利,Product / Content
441797,price_value,negative,"cost, which is a little higher than powders",B004E4HUMY,Tea,4,Price & value,价格与性价比,Pricing
441797,health_wellness,positive,No calories,B004E4HUMY,Tea,4,Health & wellness,健康功效,Marketing claims
123140,taste,neutral,decent flavored tea,B000CQBZOW,Tea,3,Taste,口感,Product / Sourcing
43788,taste,positive,Very good tasting,B001EQ5JLE,Tea,5,Taste,口感,Product / Sourcing
43788,brewing_convenience,positive,one tea bag makes 2 strong or 3 medium cups,B001EQ5JLE,Tea,5,Brewing & convenience,冲泡与便利,Product / Content
181924,taste,neutral,i didnt mind the taste,B0009F3POY,Tea,1,Taste,口感,Product / Sourcing
222482,brewing_convenience,positive,portable cost effective alternative,B004E4CCSQ,Tea,3,Brewing & convenience,冲泡与便利,Product / Content
222482,taste,neutral,The taste is not bad but not exciting,B004E4CCSQ,Tea,3,Taste,口感,Product / Sourcing
37295,taste,negative,taste notes of green olives... I don't care for,B003CK2BQG,Tea,3,Taste,口感,Product / Sourcing
136089,taste,positive,tea is just sweet enough without being cloying,B005SPQENY,Tea,5,Taste,口感,Product / Sourcing
136089,health_wellness,positive,no reflux flair up,B005SPQENY,Tea,5,Health & wellness,健康功效,Marketing claims
136089,price_value,neutral,subscribe and save program,B005SPQENY,Tea,5,Price & value,价格与性价比,Pricing
145536,taste,negative,not full bodied or flavor,B003D4F1QS,Tea,3,Taste,口感,Product / Sourcing
538331,taste,negative,weak yet slightly bitter flavor,B0061IUIDY,Tea,3,Taste,口感,Product / Sourcing
441884,taste,negative,it tasted horrible,B004E4HUMY,Tea,1,Taste,口感,Product / Sourcing
61966,taste,positive,very smooth tea and will never produce a bitter taste,B000CQG8K8,Tea,5,Taste,口感,Product / Sourcing
145681,taste,neutral,This flavor was okay,B003D4F1QS,Tea,3,Taste,口感,Product / Sourcing
145681,packaging,neutral,"bags came individually wrapped, although the bags were loose",B003D4F1QS,Tea,3,Packaging,包装,Packaging
43900,taste,positive,drink strong tea with milk/cream,B001EQ5JLE,Tea,5,Taste,口感,Product / Sourcing
43900,price_value,positive,at a very good price,B001EQ5JLE,Tea,5,Price & value,价格与性价比,Pricing
43900,delivery,positive,"having a subscription, I have a constant supply",B001EQ5JLE,Tea,5,Delivery,物流,Logistics
37202,price_value,negative,this 6-pack may not be that great of a deal,B003CK2BQG,Tea,5,Price & value,价格与性价比,Pricing
441771,taste,positive,does taste a lot like real sweet tea,B004E4HUMY,Tea,4,Taste,口感,Product / Sourcing
441771,packaging,positive,cool little bottle with a flip lid,B004E4HUMY,Tea,4,Packaging,包装,Packaging
441771,health_wellness,neutral,These are not health products,B004E4HUMY,Tea,4,Health & wellness,健康功效,Marketing claims
37351,taste,positive,Green Chai Tea is very good,B003CK2BQG,Tea,5,Taste,口感,Product / Sourcing
37351,health_wellness,positive,how can it be healthy and seem like a treat,B003CK2BQG,Tea,5,Health & wellness,健康功效,Marketing claims
521477,taste,negative,absolutely disgusting as a hot beverage,B007JFXWRC,Tea,3,Taste,口感,Product / Sourcing
521477,brewing_convenience,positive,"delicious as iced tea, especially with a few berries",B007JFXWRC,Tea,3,Brewing & convenience,冲泡与便利,Product / Content
521477,packaging,negative,packaged in hard plastic bags rather than something biodegradeable,B007JFXWRC,Tea,3,Packaging,包装,Packaging
538324,taste,positive,I have long loved Earl Grey Tea,B0061IUIDY,Tea,5,Taste,口感,Product / Sourcing
538314,taste,neutral,more of that bergamot oily/orange flavor than I'm used to,B0061IUIDY,Tea,3,Taste,口感,Product / Sourcing
538314,price_value,neutral,buying this in a smaller quantity first,B0061IUIDY,Tea,3,Price & value,价格与性价比,Pricing
230115,taste,positive,this green tea actually make me wanting to get a box,B000WB1YSE,Tea,5,Taste,口感,Product / Sourcing
136042,taste,positive,There are pieces of fruit and aloe vera,B005SPQENY,Tea,5,Taste,口感,Product / Sourcing
136042,health_wellness,positive,"all natural, made with green tea, sugar, and fruit",B005SPQENY,Tea,5,Health & wellness,健康功效,Marketing claims
222485,taste,negative,not such a big fan of the taste,B004E4CCSQ,Tea,1,Taste,口感,Product / Sourcing
222485,brewing_convenience,positive,convenience provided in the concentrated little bottle,B004E4CCSQ,Tea,1,Brewing & convenience,冲泡与便利,Product / Content
222485,health_wellness,negative,ingredient list--it's got propylene glycol,B004E4CCSQ,Tea,1,Health & wellness,健康功效,Marketing claims
222485,listing_accuracy,negative,"despite it saying ""natural flavor..."" it says 0% juice",B004E4CCSQ,Tea,1,Listing accuracy,描述相符,Listing / Content
222344,taste,positive,The peach tea flavor is awesome,B004E4CCSQ,Tea,5,Taste,口感,Product / Sourcing
222344,price_value,positive,cost works out to about 75% cheaper,B004E4CCSQ,Tea,5,Price & value,价格与性价比,Pricing
222344,brewing_convenience,positive,customize your water perfectly,B004E4CCSQ,Tea,5,Brewing & convenience,冲泡与便利,Product / Content
222344,health_wellness,positive,drinking an additional 2-3 large... glasses of ice water,B004E4CCSQ,Tea,5,Health & wellness,健康功效,Marketing claims
70044,taste,positive,"I enjoyed the flavor, and didn't find it too ""chemically""",B007I7Z3Z0,Tea,4,Taste,口感,Product / Sourcing
70044,brewing_convenience,negative,following the mixing instructions... made the tea far too strong,B007I7Z3Z0,Tea,4,Brewing & convenience,冲泡与便利,Product / Content
70044,health_wellness,neutral,"contains sucralose, an artificial sweetener",B007I7Z3Z0,Tea,4,Health & wellness,健康功效,Marketing claims
521506,taste,negative,The flavor was too subtle,B007JFXWRC,Tea,2,Taste,口感,Product / Sourcing
458566,delivery,positive,arrived before expected,B000FFIL92,Tea,5,Delivery,物流,Logistics
37364,taste,positive,combined my favorite (Chai) WITH green tea,B003CK2BQG,Tea,5,Taste,口感,Product / Sourcing
37364,health_wellness,positive,how good green tea is for you,B003CK2BQG,Tea,5,Health & wellness,健康功效,Marketing claims
441958,taste,positive,it wasnt as strong as a flavor,B004E4HUMY,Tea,4,Taste,口感,Product / Sourcing
441958,brewing_convenience,positive,all you need is a bottle or glass of water,B004E4HUMY,Tea,4,Brewing & convenience,冲泡与便利,Product / Content
441958,packaging,positive,Very small bottle that you can carry in your pocket,B004E4HUMY,Tea,4,Packaging,包装,Packaging
521371,taste,neutral,"The flavor wasn't bad, but it was overpoweringly blackberry",B007JFXWRC,Tea,3,Taste,口感,Product / Sourcing
521371,aroma,positive,The smell is amazing!,B007JFXWRC,Tea,3,Aroma,香气,Product / Sourcing
521371,packaging,positive,The bag is an eye-catching design,B007JFXWRC,Tea,3,Packaging,包装,Packaging
521371,listing_accuracy,negative,product doesn't live up to the description,B007JFXWRC,Tea,3,Listing accuracy,描述相符,Listing / Content
135953,taste,negative,"also, it has a nasty aftertaste",B005SPQENY,Tea,2,Taste,口感,Product / Sourcing
135953,freshness_quality,negative,pieces of aloe vera in a drink,B005SPQENY,Tea,2,Freshness & quality,新鲜度与品质,Supply chain / QC
222389,health_wellness,negative,words that you can't pronounce or have never heard of,B004E4CCSQ,Tea,1,Health & wellness,健康功效,Marketing claims
145755,taste,positive,This is my favorite evening tea,B003D4F1QS,Tea,4,Taste,口感,Product / Sourcing
145755,packaging,negative,100 tea bags randomly shoved in a shipping box,B003D4F1QS,Tea,4,Packaging,包装,Packaging
145755,price_value,positive,when buying the 100 count,B003D4F1QS,Tea,4,Price & value,价格与性价比,Pricing
145801,taste,positive,"The tea is refreshing though, not high on the mint",B003D4F1QS,Tea,3,Taste,口感,Product / Sourcing
145801,price_value,positive,This is a good deal moneywise,B003D4F1QS,Tea,3,Price & value,价格与性价比,Pricing
145801,packaging,negative,bags do come all thrown in a box,B003D4F1QS,Tea,3,Packaging,包装,Packaging
521444,taste,neutral,"I can taste the blackberry, but I don't smell or taste any hint of vanilla.",B007JFXWRC,Tea,3,Taste,口感,Product / Sourcing
521444,aroma,neutral,I don't smell or taste any hint of vanilla.,B007JFXWRC,Tea,3,Aroma,香气,Product / Sourcing
521444,packaging,positive,pyramid-shaped tea bags are novel and look rather expensive,B007JFXWRC,Tea,3,Packaging,包装,Packaging
521444,health_wellness,positive,herbal tea late in the afternoon to warm me up,B007JFXWRC,Tea,3,Health & wellness,健康功效,Marketing claims
145691,taste,positive,It's tasty and smells good,B003D4F1QS,Tea,4,Taste,口感,Product / Sourcing
145691,aroma,positive,smells good,B003D4F1QS,Tea,4,Aroma,香气,Product / Sourcing
145691,freshness_quality,positive,tea is consistent from bag to bag,B003D4F1QS,Tea,4,Freshness & quality,新鲜度与品质,Supply chain / QC
145691,packaging,positive,100 sealed bags at a time,B003D4F1QS,Tea,4,Packaging,包装,Packaging
145691,price_value,positive,very reasonable prices,B003D4F1QS,Tea,4,Price & value,价格与性价比,Pricing
145691,caffeine_energy,positive,It has more caffeine and more flavour,B003D4F1QS,Tea,4,Caffeine & energy,咖啡因与提神,Product / Content
62022,taste,negative,taste of their teas that does not agree with my senses,B000CQG8K8,Tea,3,Taste,口感,Product / Sourcing
62022,aroma,negative,cloying smell of the bergamot,B000CQG8K8,Tea,3,Aroma,香气,Product / Sourcing
62022,price_value,neutral,when it was on sale at Sprouts,B000CQG8K8,Tea,3,Price & value,价格与性价比,Pricing
222528,taste,negative,really don't like the flavor of it,B004E4CCSQ,Tea,2,Taste,口感,Product / Sourcing
222528,health_wellness,neutral,no-calorie (or very low calorie) drink options,B004E4CCSQ,Tea,2,Health & wellness,健康功效,Marketing claims
222528,brewing_convenience,positive,add it to my regular water at work,B004E4CCSQ,Tea,2,Brewing & convenience,冲泡与便利,Product / Content
222528,listing_accuracy,negative,"don't think there is any actual ""peach"" or ""tea""",B004E4CCSQ,Tea,2,Listing accuracy,描述相符,Listing / Content
123149,price_value,positive,good value (via amazon),B000CQBZOW,Tea,4,Price & value,价格与性价比,Pricing
123149,taste,positive,sure winner in the taste section too,B000CQBZOW,Tea,4,Taste,口感,Product / Sourcing
123149,delivery,positive,thanks amazon for making it so affordable,B000CQBZOW,Tea,4,Delivery,物流,Logistics
441822,brewing_convenience,positive,dissolves very easily and did not require too much stirring,B004E4HUMY,Tea,3,Brewing & convenience,冲泡与便利,Product / Content
441822,taste,negative,overloaded with sugar,B004E4HUMY,Tea,3,Taste,口感,Product / Sourcing
441822,listing_accuracy,positive,tastes exactly like it says,B004E4HUMY,Tea,3,Listing accuracy,描述相符,Listing / Content
538351,packaging,positive,box is really easy to open as are the tea bags,B0061IUIDY,Tea,4,Packaging,包装,Packaging
538351,aroma,positive,distinct aroma is present but not overpowering,B0061IUIDY,Tea,4,Aroma,香气,Product / Sourcing
538351,taste,positive,perfect blend of bergamot and black tea,B0061IUIDY,Tea,4,Taste,口感,Product / Sourcing
538351,health_wellness,positive,only two ingredients,B0061IUIDY,Tea,4,Health & wellness,健康功效,Marketing claims
70308,taste,neutral,tastes OK,B007I7Z3Z0,Tea,2,Taste,口感,Product / Sourcing
70308,health_wellness,negative,includes Sucralose (sweetener),B007I7Z3Z0,Tea,2,Health & wellness,健康功效,Marketing claims
70308,listing_accuracy,negative,not as natural as Lipton advertises,B007I7Z3Z0,Tea,2,Listing accuracy,描述相符,Listing / Content
222302,brewing_convenience,positive,"Easy to use, neat",B004E4CCSQ,Tea,5,Brewing & convenience,冲泡与便利,Product / Content
222302,caffeine_energy,positive,no caffeine additive for the office,B004E4CCSQ,Tea,5,Caffeine & energy,咖啡因与提神,Product / Content
222302,taste,positive,great tasting peach tea,B004E4CCSQ,Tea,5,Taste,口感,Product / Sourcing
222302,freshness_quality,positive,did exceptionally well at consistency,B004E4CCSQ,Tea,5,Freshness & quality,新鲜度与品质,Supply chain / QC
62115,taste,positive,double the bergamot IS FAR superior,B000CQG8K8,Tea,5,Taste,口感,Product / Sourcing
70125,taste,negative,artificial sweetener dominates the flavor,B007I7Z3Z0,Tea,2,Taste,口感,Product / Sourcing
70125,aroma,negative,couldn't catch the faintest whiff of green tea,B007I7Z3Z0,Tea,2,Aroma,香气,Product / Sourcing
70125,brewing_convenience,negative,took a fair bit of stirring to get it to dissolve,B007I7Z3Z0,Tea,2,Brewing & convenience,冲泡与便利,Product / Content
70125,listing_accuracy,negative,none of those flavors come through,B007I7Z3Z0,Tea,2,Listing accuracy,描述相符,Listing / Content
70137,taste,negative,ridiculously sweet,B007I7Z3Z0,Tea,2,Taste,口感,Product / Sourcing
70137,health_wellness,negative,"With that much sugar in the tea, they will make obesity worse",B007I7Z3Z0,Tea,2,Health & wellness,健康功效,Marketing claims
136014,taste,negative,Bleccccch,B005SPQENY,Tea,1,Taste,口感,Product / Sourcing
136014,health_wellness,neutral,reduced my desire for anything to eat or drink,B005SPQENY,Tea,1,Health & wellness,健康功效,Marketing claims
37223,taste,positive,This tea is just so so so so so so so goooddddd!!!,B003CK2BQG,Tea,5,Taste,口感,Product / Sourcing
37223,health_wellness,positive,This tea has no sugar,B003CK2BQG,Tea,5,Health & wellness,健康功效,Marketing claims
123154,taste,positive,Lemon and ginger combination is perfect,B000CQBZOW,Tea,5,Taste,口感,Product / Sourcing
123154,health_wellness,positive,helps me drink up to 10 huge mugs,B000CQBZOW,Tea,5,Health & wellness,健康功效,Marketing claims
123154,caffeine_energy,positive,helped me stop drinking caffeine drinks which lets me now sleep,B000CQBZOW,Tea,5,Caffeine & energy,咖啡因与提神,Product / Content
230013,taste,positive,"has an excellent, balanced flavor",B000WB1YSE,Tea,5,Taste,口感,Product / Sourcing
222374,taste,negative,sickening aftertaste is enough to keep me from ever drinking this again,B004E4CCSQ,Tea,2,Taste,口感,Product / Sourcing
70041,taste,neutral,"This product does taste good, and it only contains 5 calories",B007I7Z3Z0,Tea,4,Taste,口感,Product / Sourcing
70041,health_wellness,neutral,What is confusing/questionable are some of the ingredients,B007I7Z3Z0,Tea,4,Health & wellness,健康功效,Marketing claims
70041,caffeine_energy,neutral,10 mg of caffeine per 8 fl oz serving,B007I7Z3Z0,Tea,4,Caffeine & energy,咖啡因与提神,Product / Content
33901,taste,negative,The burnt leaf taste is pungent.,B00412W76S,Tea,1,Taste,口感,Product / Sourcing
33901,freshness_quality,negative,Get compost from a gardening store and brew that,B00412W76S,Tea,1,Freshness & quality,新鲜度与品质,Supply chain / QC
33926,price_value,positive,The price was a great deal,B00412W76S,Tea,5,Price & value,价格与性价比,Pricing
33926,delivery,positive,shipment was really fast!,B00412W76S,Tea,5,Delivery,物流,Logistics
441818,taste,positive,"sweet tea is a rich tea flavor with a sweet, but not too sweet, taste.",B004E4HUMY,Tea,4,Taste,口感,Product / Sourcing
441818,packaging,positive,package is a size that I can toss in a plastic baggie for travel,B004E4HUMY,Tea,4,Packaging,包装,Packaging
441818,brewing_convenience,positive,ease of getting this mix dispense and mix up in water,B004E4HUMY,Tea,4,Brewing & convenience,冲泡与便利,Product / Content
34014,health_wellness,positive,great product to help with insomnia.,B00412W76S,Tea,5,Health & wellness,健康功效,Marketing claims
34014,taste,positive,"Some do not like the smell or taste, but I actually love it.",B00412W76S,Tea,5,Taste,口感,Product / Sourcing
34014,aroma,positive,"Some do not like the smell or taste, but I actually love it.",B00412W76S,Tea,5,Aroma,香气,Product / Sourcing
222297,taste,positive,"it was a very light, subtle peach flavor. Pleasant.",B004E4CCSQ,Tea,4,Taste,口感,Product / Sourcing
222297,packaging,positive,appreciated the seal at the top of the bottle,B004E4CCSQ,Tea,4,Packaging,包装,Packaging
222297,brewing_convenience,neutral,"Wasn't sure what ""Flip It"" meant at first",B004E4CCSQ,Tea,4,Brewing & convenience,冲泡与便利,Product / Content
222297,health_wellness,positive,sugar-free with no calories,B004E4CCSQ,Tea,4,Health & wellness,健康功效,Marketing claims
222297,caffeine_energy,positive,caffeine-free,B004E4CCSQ,Tea,4,Caffeine & energy,咖啡因与提神,Product / Content
33958,delivery,negative,product still took FIVE days to arrive,B00412W76S,Tea,2,Delivery,物流,Logistics
145461,packaging,negative,simply thrown into the box,B003D4F1QS,Tea,3,Packaging,包装,Packaging
145461,taste,negative,taste to be weak,B003D4F1QS,Tea,3,Taste,口感,Product / Sourcing
145461,freshness_quality,negative,contents of the teabag often coming out,B003D4F1QS,Tea,3,Freshness & quality,新鲜度与品质,Supply chain / QC
145461,delivery,positive,order reached me quickly,B003D4F1QS,Tea,3,Delivery,物流,Logistics
135995,taste,positive,Really good flavor,B005SPQENY,Tea,5,Taste,口感,Product / Sourcing
230053,taste,positive,tastes fantastic,B000WB1YSE,Tea,5,Taste,口感,Product / Sourcing
230053,price_value,negative,Much Cheaper at Costco,B000WB1YSE,Tea,5,Price & value,价格与性价比,Pricing
181852,health_wellness,positive,anything that helps boost production is worth it,B0009F3POY,Tea,4,Health & wellness,健康功效,Marketing claims
181852,taste,positive,tastes great! Sort of a mild fennel/herbal,B0009F3POY,Tea,4,Taste,口感,Product / Sourcing
181852,brewing_convenience,positive,makes a great iced tea,B0009F3POY,Tea,4,Brewing & convenience,冲泡与便利,Product / Content
145641,taste,positive,best herbal tea i have found,B003D4F1QS,Tea,5,Taste,口感,Product / Sourcing
222490,taste,negative,sticky sweet aftertaste,B004E4CCSQ,Tea,1,Taste,口感,Product / Sourcing
222490,brewing_convenience,negative,"Exactly how much is ""one squeeze""",B004E4CCSQ,Tea,1,Brewing & convenience,冲泡与便利,Product / Content
458728,taste,positive,the tea is great,B000FFIL92,Tea,4,Taste,口感,Product / Sourcing
37369,taste,positive,lemon grass gives the tea a little richer flavor,B003CK2BQG,Tea,5,Taste,口感,Product / Sourcing
37369,price_value,positive,automatic delivery means I dont have to hunt,B003CK2BQG,Tea,5,Price & value,价格与性价比,Pricing
538350,taste,positive,Higgins & Burke tea is delicious,B0061IUIDY,Tea,4,Taste,口感,Product / Sourcing
521424,taste,positive,enjoyed the fruity flavor,B007JFXWRC,Tea,4,Taste,口感,Product / Sourcing
521424,caffeine_energy,positive,caffeine free,B007JFXWRC,Tea,4,Caffeine & energy,咖啡因与提神,Product / Content
521424,brewing_convenience,positive,"better ""iced"" than hot",B007JFXWRC,Tea,4,Brewing & convenience,冲泡与便利,Product / Content
521424,packaging,positive,teabags are made of an interesting and very durable mesh,B007JFXWRC,Tea,4,Packaging,包装,Packaging
538187,taste,negative,flavor rather flat and weak,B0061IUIDY,Tea,2,Taste,口感,Product / Sourcing
538187,listing_accuracy,negative,From the written description I really thought this tea would be great,B0061IUIDY,Tea,2,Listing accuracy,描述相符,Listing / Content
230102,delivery,positive,arrived ahead of schedule without any packing problems,B000WB1YSE,Tea,5,Delivery,物流,Logistics
538309,taste,positive,"very nice flavor, true to the Earl Grey blend",B0061IUIDY,Tea,5,Taste,口感,Product / Sourcing
538309,price_value,positive,good value,B0061IUIDY,Tea,5,Price & value,价格与性价比,Pricing
181890,health_wellness,positive,great product for mother's milk production,B0009F3POY,Tea,5,Health & wellness,健康功效,Marketing claims
123206,taste,positive,Fantastic tea and flavoring,B000CQBZOW,Tea,5,Taste,口感,Product / Sourcing
123206,brewing_convenience,positive,great either hot or cold,B000CQBZOW,Tea,5,Brewing & convenience,冲泡与便利,Product / Content
43753,taste,positive,It's flavour is consistent - a full bodied delicious tea,B001EQ5JLE,Tea,5,Taste,口感,Product / Sourcing
43753,price_value,positive,at a very reasonable price,B001EQ5JLE,Tea,5,Price & value,价格与性价比,Pricing
43753,delivery,positive,always delivered according to my schedule,B001EQ5JLE,Tea,5,Delivery,物流,Logistics
136090,taste,positive,nice sweet tea,B005SPQENY,Tea,4,Taste,口感,Product / Sourcing
458540,freshness_quality,positive,flowering tea is beautiful,B000FFIL92,Tea,5,Freshness & quality,新鲜度与品质,Supply chain / QC
441951,taste,positive,Mio certainly is sweet,B004E4HUMY,Tea,2,Taste,口感,Product / Sourcing
441951,health_wellness,positive,zero calories,B004E4HUMY,Tea,2,Health & wellness,健康功效,Marketing claims
441951,brewing_convenience,positive,convenient to use and carry around,B004E4HUMY,Tea,2,Brewing & convenience,冲泡与便利,Product / Content
441951,packaging,negative,"type 7, which cannot be recycled",B004E4HUMY,Tea,2,Packaging,包装,Packaging
441951,delivery,negative,arrived covered with dried residue on the outside,B004E4HUMY,Tea,2,Delivery,物流,Logistics
123225,aroma,positive,fragrant and delicious,B000CQBZOW,Tea,1,Aroma,香气,Product / Sourcing
123225,taste,positive,fragrant and delicious,B000CQBZOW,Tea,1,Taste,口感,Product / Sourcing
123225,health_wellness,negative,Danger for anyone with HIGH Blood Pressure,B000CQBZOW,Tea,1,Health & wellness,健康功效,Marketing claims
123225,delivery,negative,not return or refundable,B000CQBZOW,Tea,1,Delivery,物流,Logistics
34018,taste,positive,It tastes good,B00412W76S,Tea,4,Taste,口感,Product / Sourcing
34018,health_wellness,positive,help keep me regular,B00412W76S,Tea,4,Health & wellness,健康功效,Marketing claims
34018,brewing_convenience,positive,you can take the tea bag with you,B00412W76S,Tea,4,Brewing & convenience,冲泡与便利,Product / Content
37279,taste,negative,pretty bland no matter how little or long I steep it,B003CK2BQG,Tea,2,Taste,口感,Product / Sourcing
37279,health_wellness,neutral,benefits of green tea,B003CK2BQG,Tea,2,Health & wellness,健康功效,Marketing claims
230061,taste,positive,I thought it was quite good,B000WB1YSE,Tea,5,Taste,口感,Product / Sourcing
230061,health_wellness,positive,increasing my anti-oxidents,B000WB1YSE,Tea,5,Health & wellness,健康功效,Marketing claims
230061,delivery,positive,packet of Kirkland Signature Green Tea (100 bags),B000WB1YSE,Tea,5,Delivery,物流,Logistics
181849,health_wellness,positive,Helped my wife during breastfeeding time,B0009F3POY,Tea,4,Health & wellness,健康功效,Marketing claims
230063,price_value,positive,great for the price,B000WB1YSE,Tea,5,Price & value,价格与性价比,Pricing
230063,health_wellness,positive,higher anti-oxidant concentration,B000WB1YSE,Tea,5,Health & wellness,健康功效,Marketing claims
230063,taste,positive,tastes great,B000WB1YSE,Tea,5,Taste,口感,Product / Sourcing
230063,brewing_convenience,positive,Ease of making,B000WB1YSE,Tea,5,Brewing & convenience,冲泡与便利,Product / Content
521382,taste,positive,"smooth, fresh and not too sweet",B007JFXWRC,Tea,5,Taste,口感,Product / Sourcing
521382,freshness_quality,positive,"smooth, fresh and not too sweet",B007JFXWRC,Tea,5,Freshness & quality,新鲜度与品质,Supply chain / QC
521382,packaging,positive,The pyramid design is unique and seems to work well,B007JFXWRC,Tea,5,Packaging,包装,Packaging
70327,taste,neutral,a bit on the too sweet side,B007I7Z3Z0,Tea,3,Taste,口感,Product / Sourcing
70327,health_wellness,positive,One packet only has five calories,B007I7Z3Z0,Tea,3,Health & wellness,健康功效,Marketing claims
458703,taste,negative,not a rich flavor,B000FFIL92,Tea,1,Taste,口感,Product / Sourcing
458703,freshness_quality,negative,smelled musty and teapot tooo tiny,B000FFIL92,Tea,1,Freshness & quality,新鲜度与品质,Supply chain / QC
458703,packaging,negative,box seemed like it had gotten wet,B000FFIL92,Tea,1,Packaging,包装,Packaging
458703,listing_accuracy,negative,teapot tooo tiny,B000FFIL92,Tea,1,Listing accuracy,描述相符,Listing / Content
145473,taste,positive,A mild and pleasant flavor,B003D4F1QS,Tea,4,Taste,口感,Product / Sourcing
145473,aroma,neutral,expected this tea to have a stronger fragrance,B003D4F1QS,Tea,4,Aroma,香气,Product / Sourcing
145473,packaging,positive,individual bags are easy to transport,B003D4F1QS,Tea,4,Packaging,包装,Packaging
145473,freshness_quality,positive,the tea stays fresh,B003D4F1QS,Tea,4,Freshness & quality,新鲜度与品质,Supply chain / QC
222454,taste,positive,spouse loves the sweet tea.........no calories and excellent taste!,B004E4CCSQ,Tea,5,Taste,口感,Product / Sourcing
222454,packaging,positive,"It is so compact, I keep a bottle in my purse.",B004E4CCSQ,Tea,5,Packaging,包装,Packaging
222454,health_wellness,positive,no calories and excellent taste,B004E4CCSQ,Tea,5,Health & wellness,健康功效,Marketing claims
458675,taste,negative,Only buy this if you like the taste of chinese tea,B000FFIL92,Tea,1,Taste,口感,Product / Sourcing
458675,price_value,negative,Way overpriced for what you get,B000FFIL92,Tea,1,Price & value,价格与性价比,Pricing
458675,freshness_quality,negative,"The ""flowering"" effect is not that dramatic or pretty",B000FFIL92,Tea,1,Freshness & quality,新鲜度与品质,Supply chain / QC
135933,taste,neutral,"The taste is ok, though the bits of passion fruit make give it a texture that is rather slimy.",B005SPQENY,Tea,2,Taste,口感,Product / Sourcing
135933,health_wellness,negative,one cup serving has 80 calories,B005SPQENY,Tea,2,Health & wellness,健康功效,Marketing claims
135933,price_value,negative,price is a bit prohibitive. It works out to $2.08 per bottle,B005SPQENY,Tea,2,Price & value,价格与性价比,Pricing
230027,freshness_quality,negative,Item arrived with 24 days till expiration. Watch out for stale tea.,B000WB1YSE,Tea,2,Freshness & quality,新鲜度与品质,Supply chain / QC
230027,delivery,negative,Item arrived with 24 days till expiration.,B000WB1YSE,Tea,2,Delivery,物流,Logistics
70053,taste,positive,convenient and decent tasting product,B007I7Z3Z0,Tea,3,Taste,口感,Product / Sourcing
70053,price_value,negative,assume it is expensive,B007I7Z3Z0,Tea,3,Price & value,价格与性价比,Pricing
70053,brewing_convenience,positive,convenience is critical,B007I7Z3Z0,Tea,3,Brewing & convenience,冲泡与便利,Product / Content
70068,taste,negative,husband hated the after taste. It does have a little bit of an after taste,B007I7Z3Z0,Tea,3,Taste,口感,Product / Sourcing
230049,taste,positive,does not get bitter after a long steep,B000WB1YSE,Tea,5,Taste,口感,Product / Sourcing
230049,freshness_quality,positive,the tea still tastes great,B000WB1YSE,Tea,5,Freshness & quality,新鲜度与品质,Supply chain / QC
136054,taste,positive,"refreshing, fruity, sweet drink",B005SPQENY,Tea,4,Taste,口感,Product / Sourcing
136054,caffeine_energy,positive,seem to have an energyzing kick,B005SPQENY,Tea,4,Caffeine & energy,咖啡因与提神,Product / Content
136054,health_wellness,neutral,calorie count is 80,B005SPQENY,Tea,4,Health & wellness,健康功效,Marketing claims
37198,taste,positive,"Good quality tea, good flavor.",B003CK2BQG,Tea,4,Taste,口感,Product / Sourcing
37198,price_value,negative,price they are offering you to buy in bulk online is higher,B003CK2BQG,Tea,4,Price & value,价格与性价比,Pricing
458652,packaging,negative,The box isn't worth keeping,B000FFIL92,Tea,2,Packaging,包装,Packaging
458652,taste,negative,the tea is not particularly tasty,B000FFIL92,Tea,2,Taste,口感,Product / Sourcing
458652,freshness_quality,negative,"it doesn't really ""flower"" - at least not very impressively",B000FFIL92,Tea,2,Freshness & quality,新鲜度与品质,Supply chain / QC
458652,price_value,negative,I don't think it's worth the money,B000FFIL92,Tea,2,Price & value,价格与性价比,Pricing
538196,taste,positive,flavor is robust and sweet,B0061IUIDY,Tea,4,Taste,口感,Product / Sourcing
538196,aroma,positive,fragrant and flavorful,B0061IUIDY,Tea,4,Aroma,香气,Product / Sourcing
538196,freshness_quality,positive,Each teabag is wrapped within its own sealed package,B0061IUIDY,Tea,4,Freshness & quality,新鲜度与品质,Supply chain / QC
538196,packaging,positive,Each teabag is wrapped within its own sealed package,B0061IUIDY,Tea,4,Packaging,包装,Packaging
135928,taste,positive,taste of this product is outstanding,B005SPQENY,Tea,4,Taste,口感,Product / Sourcing
135928,freshness_quality,neutral,The bottle I got as a sample had gel from the aloe,B005SPQENY,Tea,4,Freshness & quality,新鲜度与品质,Supply chain / QC
135928,caffeine_energy,positive,give me nice boost of energy with a little calming effected,B005SPQENY,Tea,4,Caffeine & energy,咖啡因与提神,Product / Content
181958,health_wellness,neutral,definitely noticed the difference in supply,B0009F3POY,Tea,4,Health & wellness,健康功效,Marketing claims
441782,taste,positive,enjoyed this product because it has no calories,B004E4HUMY,Tea,5,Taste,口感,Product / Sourcing
441782,health_wellness,positive,"no calories, and no sugar in it",B004E4HUMY,Tea,5,Health & wellness,健康功效,Marketing claims
70036,taste,positive,It tasted just as good as Crystal Light,B007I7Z3Z0,Tea,4,Taste,口感,Product / Sourcing
538283,taste,positive,It has the flavor of chai with a trace of halloween,B0061IUIDY,Tea,4,Taste,口感,Product / Sourcing
538283,caffeine_energy,neutral,must not have too much caffeine,B0061IUIDY,Tea,4,Caffeine & energy,咖啡因与提神,Product / Content
521364,taste,positive,This is a great tasting tea,B007JFXWRC,Tea,5,Taste,口感,Product / Sourcing
521364,brewing_convenience,positive,mesh pryamid-shaped bags make it brew up fast,B007JFXWRC,Tea,5,Brewing & convenience,冲泡与便利,Product / Content
521364,caffeine_energy,neutral,"caffine-free, too",B007JFXWRC,Tea,5,Caffeine & energy,咖啡因与提神,Product / Content
43845,freshness_quality,positive,very fresh product,B001EQ5JLE,Tea,5,Freshness & quality,新鲜度与品质,Supply chain / QC
43845,price_value,positive,great value for money,B001EQ5JLE,Tea,5,Price & value,价格与性价比,Pricing
43845,delivery,positive,ordering is simple,B001EQ5JLE,Tea,5,Delivery,物流,Logistics
222443,taste,negative,has too little flavor,B004E4CCSQ,Tea,2,Taste,口感,Product / Sourcing
222443,price_value,negative,too much money,B004E4CCSQ,Tea,2,Price & value,价格与性价比,Pricing
123235,taste,positive,The taste is crisp and refreshing,B000CQBZOW,Tea,5,Taste,口感,Product / Sourcing
123235,price_value,positive,at a fraction of the price,B000CQBZOW,Tea,5,Price & value,价格与性价比,Pricing
123235,brewing_convenience,positive,"make great-tasting, refreshing iced tea",B000CQBZOW,Tea,5,Brewing & convenience,冲泡与便利,Product / Content
123235,packaging,positive,The bags and the box can go in the compost,B000CQBZOW,Tea,5,Packaging,包装,Packaging
123235,health_wellness,positive,The ingredients are hibiscus flowers... licorice powder,B000CQBZOW,Tea,5,Health & wellness,健康功效,Marketing claims
538405,taste,positive,"Nice flavor, mild and spicy",B0061IUIDY,Tea,4,Taste,口感,Product / Sourcing
538405,aroma,positive,Heavy on the cloves and aromatic,B0061IUIDY,Tea,4,Aroma,香气,Product / Sourcing
538405,brewing_convenience,neutral,only steep it for two and half to three minutes,B0061IUIDY,Tea,4,Brewing & convenience,冲泡与便利,Product / Content
538405,caffeine_energy,positive,quite the eye opener,B0061IUIDY,Tea,4,Caffeine & energy,咖啡因与提神,Product / Content
538405,health_wellness,positive,break away from coffee or just cut down,B0061IUIDY,Tea,4,Health & wellness,健康功效,Marketing claims
181971,health_wellness,positive,keep my supply up,B0009F3POY,Tea,5,Health & wellness,健康功效,Marketing claims
538208,taste,neutral,It does not taste very spicy,B0061IUIDY,Tea,3,Taste,口感,Product / Sourcing
538208,aroma,neutral,nor does it have a very fragrant aroma,B0061IUIDY,Tea,3,Aroma,香气,Product / Sourcing
538208,health_wellness,neutral,The only spices listed as ingredients,B0061IUIDY,Tea,3,Health & wellness,健康功效,Marketing claims
145625,brewing_convenience,positive,for ease of use (I can get hot water from the Keurig & drop these in),B003D4F1QS,Tea,4,Brewing & convenience,冲泡与便利,Product / Content
145625,price_value,positive,Quality to price ratio is solid,B003D4F1QS,Tea,4,Price & value,价格与性价比,Pricing
123181,taste,positive,light Peppermint flavor,B000CQBZOW,Tea,5,Taste,口感,Product / Sourcing
123181,caffeine_energy,positive,too get the day started,B000CQBZOW,Tea,5,Caffeine & energy,咖啡因与提神,Product / Content
62074,taste,negative,Horrible taste!,B000CQG8K8,Tea,1,Taste,口感,Product / Sourcing
62074,aroma,negative,Doesn't smell or taste like the real traditional Earl Gray,B000CQG8K8,Tea,1,Aroma,香气,Product / Sourcing
37241,taste,positive,"This is the best tea, delicious!",B003CK2BQG,Tea,5,Taste,口感,Product / Sourcing
458536,freshness_quality,negative,"the flower was beautiful, but very flimsy",B000FFIL92,Tea,3,Freshness & quality,新鲜度与品质,Supply chain / QC
135960,taste,positive,balance of passion fruit flavoring is just right,B005SPQENY,Tea,2,Taste,口感,Product / Sourcing
135960,health_wellness,negative,sweetened with real sugar,B005SPQENY,Tea,2,Health & wellness,健康功效,Marketing claims
123156,taste,negative,they have licorice in it -- even in small amounts it is not appealing,B000CQBZOW,Tea,3,Taste,口感,Product / Sourcing
123156,health_wellness,negative,Raises some people's blood pressure,B000CQBZOW,Tea,3,Health & wellness,健康功效,Marketing claims
123156,listing_accuracy,negative,good to know this before purchasing,B000CQBZOW,Tea,3,Listing accuracy,描述相符,Listing / Content
181925,health_wellness,negative,used them 3 to 4 times/day for about 2 weeks with no results,B0009F3POY,Tea,1,Health & wellness,健康功效,Marketing claims
181925,taste,neutral,The taste is not bad. Reminds me of chamomile.,B0009F3POY,Tea,1,Taste,口感,Product / Sourcing
62009,taste,positive,"the citrus ""bergamot"" flavor is doubled",B000CQG8K8,Tea,5,Taste,口感,Product / Sourcing
62009,caffeine_energy,positive,strong enough (black tea) to wake you up in the morning,B000CQG8K8,Tea,5,Caffeine & energy,咖啡因与提神,Product / Content
123222,taste,negative,taste an overpowering amount of rose hips and citrus peel,B000CQBZOW,Tea,1,Taste,口感,Product / Sourcing
123222,listing_accuracy,negative,not even a hint of passion fruit nor mango,B000CQBZOW,Tea,1,Listing accuracy,描述相符,Listing / Content
123138,health_wellness,positive,very soothing and gentle on the tummy,B000CQBZOW,Tea,3,Health & wellness,健康功效,Marketing claims
123138,taste,positive,I like the flavor though,B000CQBZOW,Tea,3,Taste,口感,Product / Sourcing
123138,listing_accuracy,negative,found NO mention of soy... they really should label it as such,B000CQBZOW,Tea,3,Listing accuracy,描述相符,Listing / Content
37315,taste,positive,"distinctive green tea ""taste"" and seems resistant to bitterness",B003CK2BQG,Tea,4,Taste,口感,Product / Sourcing
37315,brewing_convenience,positive,it's idiot-proof,B003CK2BQG,Tea,4,Brewing & convenience,冲泡与便利,Product / Content
70086,brewing_convenience,negative,directions that say to add 1/2 packet to 8 oz of water,B007I7Z3Z0,Tea,3,Brewing & convenience,冲泡与便利,Product / Content
70086,taste,negative,"funny, artificial taste... tastes like Kool-Aid",B007I7Z3Z0,Tea,3,Taste,口感,Product / Sourcing
70086,health_wellness,negative,Reading the ingredient list reveals: sucralose and maltodextrin,B007I7Z3Z0,Tea,3,Health & wellness,健康功效,Marketing claims
37360,taste,positive,Very pleasantly surprised,B003CK2BQG,Tea,4,Taste,口感,Product / Sourcing
538359,taste,neutral,"with one teabag to a mug, it's pretty mild",B0061IUIDY,Tea,3,Taste,口感,Product / Sourcing
538359,aroma,neutral,"The flavor and aroma are there, but you have to go looking",B0061IUIDY,Tea,3,Aroma,香气,Product / Sourcing
538359,price_value,negative,I have to use two bags... and that feels profligate,B0061IUIDY,Tea,3,Price & value,价格与性价比,Pricing
441848,brewing_convenience,positive,So easy to use! You just get a glass of water,B004E4HUMY,Tea,5,Brewing & convenience,冲泡与便利,Product / Content
441848,taste,positive,sweet tasting... I don't find the taste to overpowering,B004E4HUMY,Tea,5,Taste,口感,Product / Sourcing
441848,price_value,positive,makes MIO an affordable substitution,B004E4HUMY,Tea,5,Price & value,价格与性价比,Pricing
222498,taste,positive,makes water tasty to drink,B004E4CCSQ,Tea,4,Taste,口感,Product / Sourcing
222498,packaging,positive,how small the bottle is as you can take it just about any where,B004E4CCSQ,Tea,4,Packaging,包装,Packaging
222498,price_value,positive,one bottle will last a long time,B004E4CCSQ,Tea,4,Price & value,价格与性价比,Pricing
37298,taste,negative,really intesely sweet spices,B003CK2BQG,Tea,1,Taste,口感,Product / Sourcing
43936,price_value,positive,Can't beat amazon price!!,B001EQ5JLE,Tea,5,Price & value,价格与性价比,Pricing
43936,freshness_quality,positive,"got mine with exp date, Fall 2013",B001EQ5JLE,Tea,5,Freshness & quality,新鲜度与品质,Supply chain / QC
222305,taste,negative,leaves a chemical after taste,B004E4CCSQ,Tea,3,Taste,口感,Product / Sourcing
222305,brewing_convenience,positive,no need to mess with powders,B004E4CCSQ,Tea,3,Brewing & convenience,冲泡与便利,Product / Content
222276,taste,negative,It doesn't even taste good,B004E4CCSQ,Tea,2,Taste,口感,Product / Sourcing
222276,aroma,negative,smells somewhat like paint,B004E4CCSQ,Tea,2,Aroma,香气,Product / Sourcing
222276,packaging,negative,"bottle is type-7 plastic, which is non-recyclable",B004E4CCSQ,Tea,2,Packaging,包装,Packaging
222276,listing_accuracy,negative,not made with real tea or peach juice,B004E4CCSQ,Tea,2,Listing accuracy,描述相符,Listing / Content
222276,health_wellness,negative,all that junk inside your body,B004E4CCSQ,Tea,2,Health & wellness,健康功效,Marketing claims
521386,taste,positive,pleasing to the taste and refreshing,B007JFXWRC,Tea,5,Taste,口感,Product / Sourcing
521386,aroma,positive,distinct blackberry aroma,B007JFXWRC,Tea,5,Aroma,香气,Product / Sourcing
521386,caffeine_energy,positive,herbal caffeine free tea,B007JFXWRC,Tea,5,Caffeine & energy,咖啡因与提神,Product / Content
521386,freshness_quality,positive,contains real pieces of blackberry,B007JFXWRC,Tea,5,Freshness & quality,新鲜度与品质,Supply chain / QC
521386,packaging,positive,pyramid shaped tea bags,B007JFXWRC,Tea,5,Packaging,包装,Packaging
37189,taste,positive,It has a richer taste,B003CK2BQG,Tea,4,Taste,口感,Product / Sourcing
70118,taste,negative,It's mostly sweetner,B007I7Z3Z0,Tea,1,Taste,口感,Product / Sourcing
43793,taste,positive,Delicious!,B001EQ5JLE,Tea,5,Taste,口感,Product / Sourcing
43793,caffeine_energy,neutral,quick rinse to release some of the caffeine,B001EQ5JLE,Tea,5,Caffeine & energy,咖啡因与提神,Product / Content
43793,brewing_convenience,positive,steep about a minute and a half,B001EQ5JLE,Tea,5,Brewing & convenience,冲泡与便利,Product / Content
458649,taste,negative,tasted ABOSOLUTELY horrible!,B000FFIL92,Tea,2,Taste,口感,Product / Sourcing
458649,packaging,negative,The pot is very small though,B000FFIL92,Tea,2,Packaging,包装,Packaging
61958,taste,negative,not a strong enough flavor,B000CQG8K8,Tea,2,Taste,口感,Product / Sourcing
145464,taste,negative,it tastes like a black tea; I hardly taste the ginger at all,B003D4F1QS,Tea,3,Taste,口感,Product / Sourcing
145464,packaging,neutral,it comes in a regular box (as pictured) and not in a tea box,B003D4F1QS,Tea,3,Packaging,包装,Packaging
521421,taste,positive,It has a wonderful flavor,B007JFXWRC,Tea,5,Taste,口感,Product / Sourcing
521421,brewing_convenience,positive,I prefer it cold,B007JFXWRC,Tea,5,Brewing & convenience,冲泡与便利,Product / Content
521421,packaging,positive,see-through pyramid tea bags,B007JFXWRC,Tea,5,Packaging,包装,Packaging
441764,packaging,negative,it had leaked out all over the place,B004E4HUMY,Tea,1,Packaging,包装,Packaging
230022,taste,negative,This tea just taste bland,B000WB1YSE,Tea,3,Taste,口感,Product / Sourcing
538197,taste,neutral,mild tea blend taste,B0061IUIDY,Tea,3,Taste,口感,Product / Sourcing
538197,aroma,positive,nice floral aroma,B0061IUIDY,Tea,3,Aroma,香气,Product / Sourcing
458674,delivery,negative,they are out of stock and would NOT be able to ship,B000FFIL92,Tea,1,Delivery,物流,Logistics
33939,health_wellness,neutral,hope of having stronger,B00412W76S,Tea,5,Health & wellness,健康功效,Marketing claims
33939,delivery,positive,Received package in timely manner,B00412W76S,Tea,5,Delivery,物流,Logistics
222521,taste,neutral,the taste is not far from ready-to-drink flavored water,B004E4CCSQ,Tea,3,Taste,口感,Product / Sourcing
222521,packaging,positive,The plastic bottle has a unique way of dispensing,B004E4CCSQ,Tea,3,Packaging,包装,Packaging
222521,health_wellness,positive,0 calorie. Mio is also gluten-free,B004E4CCSQ,Tea,3,Health & wellness,健康功效,Marketing claims
123137,taste,negative,it is weak,B000CQBZOW,Tea,2,Taste,口感,Product / Sourcing
123137,price_value,negative,used up almost the entire box... too weak overall,B000CQBZOW,Tea,2,Price & value,价格与性价比,Pricing
70224,taste,negative,"Way too sweet, overwhelms any berry flavor",B007I7Z3Z0,Tea,2,Taste,口感,Product / Sourcing
70224,listing_accuracy,negative,"They keep saying 'naturally sweetened with honey', but it is like sweetener overkill",B007I7Z3Z0,Tea,2,Listing accuracy,描述相符,Listing / Content
70224,health_wellness,negative,sweetener overkill with sucralose,B007I7Z3Z0,Tea,2,Health & wellness,健康功效,Marketing claims
33954,health_wellness,neutral,urinary tract infection,B00412W76S,Tea,1,Health & wellness,健康功效,Marketing claims
37331,price_value,positive,better deal through Amazon,B003CK2BQG,Tea,5,Price & value,价格与性价比,Pricing
37331,caffeine_energy,positive,AM beverage of choice,B003CK2BQG,Tea,5,Caffeine & energy,咖啡因与提神,Product / Content
441882,health_wellness,negative,ingredients sound a bit too harsh,B004E4HUMY,Tea,1,Health & wellness,健康功效,Marketing claims
441882,packaging,negative,the product was all over the outside,B004E4HUMY,Tea,1,Packaging,包装,Packaging
441882,delivery,negative,it seems to have leaked through,B004E4HUMY,Tea,1,Delivery,物流,Logistics
182019,taste,positive,I love the taste of this tea,B0009F3POY,Tea,4,Taste,口感,Product / Sourcing
182019,health_wellness,positive,not able to produce enough,B0009F3POY,Tea,4,Health & wellness,健康功效,Marketing claims
538403,taste,positive,exotic flavors,B0061IUIDY,Tea,5,Taste,口感,Product / Sourcing
538403,brewing_convenience,positive,make here at home,B0061IUIDY,Tea,5,Brewing & convenience,冲泡与便利,Product / Content
222275,aroma,negative,smells like shampoo,B004E4CCSQ,Tea,2,Aroma,香气,Product / Sourcing
222275,taste,negative,artificial taste,B004E4CCSQ,Tea,2,Taste,口感,Product / Sourcing
145783,taste,negative,strong fig flavor & scent,B003D4F1QS,Tea,2,Taste,口感,Product / Sourcing
145783,aroma,negative,strong fig flavor & scent,B003D4F1QS,Tea,2,Aroma,香气,Product / Sourcing
145783,freshness_quality,positive,quality and value of their products are exceptional,B003D4F1QS,Tea,2,Freshness & quality,新鲜度与品质,Supply chain / QC
145783,price_value,positive,quality and value of their products are exceptional,B003D4F1QS,Tea,2,Price & value,价格与性价比,Pricing
145783,listing_accuracy,negative,Not the flavor I expected,B003D4F1QS,Tea,2,Listing accuracy,描述相符,Listing / Content
145600,taste,negative,doesn't seem to have any chocolate flavor,B003D4F1QS,Tea,2,Taste,口感,Product / Sourcing
145600,price_value,negative,You get what you pay for,B003D4F1QS,Tea,2,Price & value,价格与性价比,Pricing
34041,delivery,positive,sent a box out immediately!,B00412W76S,Tea,5,Delivery,物流,Logistics
123107,taste,positive,full bodied,B000CQBZOW,Tea,5,Taste,口感,Product / Sourcing
123107,aroma,positive,flavorful and aromatic,B000CQBZOW,Tea,5,Aroma,香气,Product / Sourcing
123107,health_wellness,positive,great for your digestive system,B000CQBZOW,Tea,5,Health & wellness,健康功效,Marketing claims
136114,taste,positive,passion fruit flavor is very tasty,B005SPQENY,Tea,5,Taste,口感,Product / Sourcing
136114,price_value,neutral,will be looking for this in the stores,B005SPQENY,Tea,5,Price & value,价格与性价比,Pricing
222282,price_value,positive,It goes a long way,B004E4CCSQ,Tea,5,Price & value,价格与性价比,Pricing
222282,taste,positive,peach MIO is one of our favorites,B004E4CCSQ,Tea,5,Taste,口感,Product / Sourcing
222282,health_wellness,positive,alternative to soft drinks and it fits nicely into our diet plan,B004E4CCSQ,Tea,5,Health & wellness,健康功效,Marketing claims
222282,packaging,positive,takes up very little room in your cabinets,B004E4CCSQ,Tea,5,Packaging,包装,Packaging
441905,taste,neutral,doesn't really taste like sweet tea,B004E4HUMY,Tea,3,Taste,口感,Product / Sourcing
441905,health_wellness,positive,low to no calorie drink,B004E4HUMY,Tea,3,Health & wellness,健康功效,Marketing claims
441905,listing_accuracy,negative,don't see any conduit between the taste and the flavor proclaimed,B004E4HUMY,Tea,3,Listing accuracy,描述相符,Listing / Content
521429,freshness_quality,positive,flow-easy poly teabags literally gush flavor,B007JFXWRC,Tea,3,Freshness & quality,新鲜度与品质,Supply chain / QC
521429,taste,neutral,tea does indeed taste as if it is infused with blackberries,B007JFXWRC,Tea,3,Taste,口感,Product / Sourcing
521429,aroma,positive,exhale you can smell a hint of vanilla,B007JFXWRC,Tea,3,Aroma,香气,Product / Sourcing
521429,health_wellness,negative,ingredient named 'NATURAL FLAVOR' which is usually food-industry-speak for MSG,B007JFXWRC,Tea,3,Health & wellness,健康功效,Marketing claims
136036,taste,positive,green tea flavor was just right mixed with the passion fruit,B005SPQENY,Tea,4,Taste,口感,Product / Sourcing
136036,freshness_quality,positive,pulp/chunks was not slimy but just the right texture,B005SPQENY,Tea,4,Freshness & quality,新鲜度与品质,Supply chain / QC
135969,taste,positive,passion fruit combined with Taiwanese provides a tasty duo,B005SPQENY,Tea,3,Taste,口感,Product / Sourcing
135969,freshness_quality,neutral,"particles, which have the texture of small, damp pieces of rice",B005SPQENY,Tea,3,Freshness & quality,新鲜度与品质,Supply chain / QC
135969,health_wellness,positive,Aloe Vera is a natural ingredient that contains helpful vitamins and minerals,B005SPQENY,Tea,3,Health & wellness,健康功效,Marketing claims
135969,brewing_convenience,positive,ready-to-drink chilled green team beverage,B005SPQENY,Tea,3,Brewing & convenience,冲泡与便利,Product / Content
123150,health_wellness,negative,raises my blood pressure to dangerous levels,B000CQBZOW,Tea,1,Health & wellness,健康功效,Marketing claims
123150,listing_accuracy,negative,(almost all) I discovered contain licorice,B000CQBZOW,Tea,1,Listing accuracy,描述相符,Listing / Content
33883,aroma,negative,don't warn you about the god-awful smell,B00412W76S,Tea,4,Aroma,香气,Product / Sourcing
34027,taste,positive,got used to the taste pretty quickly,B00412W76S,Tea,4,Taste,口感,Product / Sourcing
34027,brewing_convenience,positive,pour it in a glass of ice to enjoy during the summer days,B00412W76S,Tea,4,Brewing & convenience,冲泡与便利,Product / Content
34027,health_wellness,neutral,not seeing the work of benefits that is claimed,B00412W76S,Tea,4,Health & wellness,健康功效,Marketing claims
229987,taste,positive,It tastes incredibly wonderful,B000WB1YSE,Tea,4,Taste,口感,Product / Sourcing
229987,freshness_quality,negative,"small, strange green gel on my cup",B000WB1YSE,Tea,4,Freshness & quality,新鲜度与品质,Supply chain / QC
229987,aroma,negative,has a strange odor to it,B000WB1YSE,Tea,4,Aroma,香气,Product / Sourcing
43806,taste,positive,The taste of home,B001EQ5JLE,Tea,5,Taste,口感,Product / Sourcing
136056,taste,positive,The passionfruit flavor is exotic and absolutely delicious,B005SPQENY,Tea,5,Taste,口感,Product / Sourcing
136056,aroma,positive,gives the breath a delicious fragrance,B005SPQENY,Tea,5,Aroma,香气,Product / Sourcing
62027,price_value,positive,This tea has a good price/bag,B000CQG8K8,Tea,3,Price & value,价格与性价比,Pricing
62027,taste,negative,doesn't have a great or even very strong flavor,B000CQG8K8,Tea,3,Taste,口感,Product / Sourcing
145535,freshness_quality,positive,The foil packaging ensures that it always brews up a fresh,B003D4F1QS,Tea,5,Freshness & quality,新鲜度与品质,Supply chain / QC
145535,packaging,positive,The foil packaging ensures that it always brews up,B003D4F1QS,Tea,5,Packaging,包装,Packaging
145535,price_value,positive,making it even more affordable,B003D4F1QS,Tea,5,Price & value,价格与性价比,Pricing
181904,taste,positive,It's worth drinking for the taste alone!,B0009F3POY,Tea,4,Taste,口感,Product / Sourcing
181904,health_wellness,positive,my milk supply already started to dry up,B0009F3POY,Tea,4,Health & wellness,健康功效,Marketing claims
181930,price_value,negative,It was a waste of money.,B0009F3POY,Tea,1,Price & value,价格与性价比,Pricing
181930,health_wellness,negative,She had horrible tummy aches and diarrhea.,B0009F3POY,Tea,1,Health & wellness,健康功效,Marketing claims
123143,taste,negative,hot tea it makes is a little weak,B000CQBZOW,Tea,3,Taste,口感,Product / Sourcing
123143,brewing_convenience,positive,Makes a refresing iced tea,B000CQBZOW,Tea,3,Brewing & convenience,冲泡与便利,Product / Content
521440,taste,positive,Not too sweet or too tarte.,B007JFXWRC,Tea,4,Taste,口感,Product / Sourcing
521353,taste,positive,rich blackberry balanced well with other tart herbs,B007JFXWRC,Tea,5,Taste,口感,Product / Sourcing
521353,brewing_convenience,positive,pyramid fine net bags for ease of brewing,B007JFXWRC,Tea,5,Brewing & convenience,冲泡与便利,Product / Content
43855,packaging,negative,two tea boxes inside looked crushed and broken in corners,B001EQ5JLE,Tea,1,Packaging,包装,Packaging
43855,taste,negative,less flavorful than a lot of regular brands,B001EQ5JLE,Tea,1,Taste,口感,Product / Sourcing
43855,freshness_quality,negative,They lack flavor as of now.,B001EQ5JLE,Tea,1,Freshness & quality,新鲜度与品质,Supply chain / QC
136099,taste,positive,delightful taste of passion fruit,B005SPQENY,Tea,4,Taste,口感,Product / Sourcing
136099,price_value,negative,incredibly expensive,B005SPQENY,Tea,4,Price & value,价格与性价比,Pricing
136099,health_wellness,positive,not your average health drink,B005SPQENY,Tea,4,Health & wellness,健康功效,Marketing claims
538214,taste,negative,flavor was a rather murky blend of spice and water,B0061IUIDY,Tea,2,Taste,口感,Product / Sourcing
538214,brewing_convenience,neutral,steep for at least five minutes,B0061IUIDY,Tea,2,Brewing & convenience,冲泡与便利,Product / Content
123231,taste,positive,I love the taste of this herbal tea,B000CQBZOW,Tea,3,Taste,口感,Product / Sourcing
123231,health_wellness,negative,raspring (breathing discomfort) that may or may not be triggered by it,B000CQBZOW,Tea,3,Health & wellness,健康功效,Marketing claims
43828,taste,positive,taste more complex and satisfying,B001EQ5JLE,Tea,4,Taste,口感,Product / Sourcing
43828,freshness_quality,positive,Each PG Tips bag weighs 38 percent more,B001EQ5JLE,Tea,4,Freshness & quality,新鲜度与品质,Supply chain / QC
43828,caffeine_energy,positive,caffeine-rich tea,B001EQ5JLE,Tea,4,Caffeine & energy,咖啡因与提神,Product / Content
43828,brewing_convenience,positive,pyramid shaped bag that allows more room,B001EQ5JLE,Tea,4,Brewing & convenience,冲泡与便利,Product / Content
136021,taste,positive,"The taste is nice, not overly sweet",B005SPQENY,Tea,3,Taste,口感,Product / Sourcing
136021,health_wellness,negative,spike up your insulin levels and suppress your immunity,B005SPQENY,Tea,3,Health & wellness,健康功效,Marketing claims
37266,taste,positive,Best tasting Mint tea,B003CK2BQG,Tea,5,Taste,口感,Product / Sourcing
37266,price_value,positive,for the price,B003CK2BQG,Tea,5,Price & value,价格与性价比,Pricing
458484,aroma,negative,horrible smell came off of it,B000FFIL92,Tea,3,Aroma,香气,Product / Sourcing
458484,packaging,positive,great bamboo box,B000FFIL92,Tea,3,Packaging,包装,Packaging
458484,listing_accuracy,negative,"No labels on the ""flowers""",B000FFIL92,Tea,3,Listing accuracy,描述相符,Listing / Content
181989,taste,neutral,flavor is just so so not bad,B0009F3POY,Tea,5,Taste,口感,Product / Sourcing
181989,health_wellness,positive,you get more milk on wensday,B0009F3POY,Tea,5,Health & wellness,健康功效,Marketing claims
37276,taste,negative,"astringent tasting, leaving my mouth feeling dry",B003CK2BQG,Tea,2,Taste,口感,Product / Sourcing
521392,taste,positive,blackberry taste in this one is good,B007JFXWRC,Tea,2,Taste,口感,Product / Sourcing
521392,packaging,negative,very short string,B007JFXWRC,Tea,2,Packaging,包装,Packaging
521344,brewing_convenience,positive,allows you to see quite well,B007JFXWRC,Tea,4,Brewing & convenience,冲泡与便利,Product / Content
521344,aroma,neutral,there wasn't a lot of aroma,B007JFXWRC,Tea,4,Aroma,香气,Product / Sourcing
521344,taste,positive,tartness that was quite pleasant,B007JFXWRC,Tea,4,Taste,口感,Product / Sourcing
521344,price_value,positive,I think this well worth the price,B007JFXWRC,Tea,4,Price & value,价格与性价比,Pricing
538397,taste,positive,not quite as strong as the tea my friend bought,B0061IUIDY,Tea,4,Taste,口感,Product / Sourcing
181862,health_wellness,positive,great for increasing your milk supply,B0009F3POY,Tea,5,Health & wellness,健康功效,Marketing claims
181862,taste,positive,The taste is not bad I like it plain,B0009F3POY,Tea,5,Taste,口感,Product / Sourcing
181862,aroma,neutral,it has a licorice smell to it,B0009F3POY,Tea,5,Aroma,香气,Product / Sourcing
37346,taste,neutral,The overall taste is mild and muddled,B003CK2BQG,Tea,3,Taste,口感,Product / Sourcing
37346,listing_accuracy,negative,name is pomegranate raspberry and I therefore expected those,B003CK2BQG,Tea,3,Listing accuracy,描述相符,Listing / Content
230055,taste,positive,much stronger flavor that cheap green tea,B000WB1YSE,Tea,4,Taste,口感,Product / Sourcing
230055,price_value,negative,the price here is so much more expensive than Costco,B000WB1YSE,Tea,4,Price & value,价格与性价比,Pricing
521340,aroma,positive,fruity berry fragrance and flavor,B007JFXWRC,Tea,3,Aroma,香气,Product / Sourcing
521340,taste,positive,rich dark-fruit accents and the blackberries,B007JFXWRC,Tea,3,Taste,口感,Product / Sourcing
521340,brewing_convenience,positive,good hot or iced,B007JFXWRC,Tea,3,Brewing & convenience,冲泡与便利,Product / Content
181905,health_wellness,positive,concerned about milk production since about day one,B0009F3POY,Tea,5,Health & wellness,健康功效,Marketing claims
538243,taste,positive,tasted nice & refreshing & spicy,B0061IUIDY,Tea,4,Taste,口感,Product / Sourcing
538243,aroma,positive,loved the aroma,B0061IUIDY,Tea,4,Aroma,香气,Product / Sourcing
538243,brewing_convenience,positive,let it steep for 5 or 6 minutes,B0061IUIDY,Tea,4,Brewing & convenience,冲泡与便利,Product / Content
136078,taste,negative,"Ew, Gross, Nasty!",B005SPQENY,Tea,1,Taste,口感,Product / Sourcing
62006,taste,positive,this is the best Earl Grey,B000CQG8K8,Tea,5,Taste,口感,Product / Sourcing
62006,delivery,positive,Amazon sells this tea as it is very difficult to find,B000CQG8K8,Tea,5,Delivery,物流,Logistics
458488,taste,positive,flowering teas,B000FFIL92,Tea,4,Taste,口感,Product / Sourcing
458488,packaging,positive,clear tea pot and flowering teas,B000FFIL92,Tea,4,Packaging,包装,Packaging
145800,taste,neutral,"slightly bitter, not very flavorful, nor memorable",B003D4F1QS,Tea,3,Taste,口感,Product / Sourcing
145800,price_value,neutral,not terribly expensive,B003D4F1QS,Tea,3,Price & value,价格与性价比,Pricing
145800,brewing_convenience,positive,It is convenient,B003D4F1QS,Tea,3,Brewing & convenience,冲泡与便利,Product / Content
458681,packaging,positive,arrived well-cushioned to avoid breakage,B000FFIL92,Tea,5,Packaging,包装,Packaging
458681,price_value,positive,at the half-price proffered by Amazon,B000FFIL92,Tea,5,Price & value,价格与性价比,Pricing
458681,delivery,positive,My set arrived just hours before,B000FFIL92,Tea,5,Delivery,物流,Logistics
230078,taste,positive,tastes pretty good to me,B000WB1YSE,Tea,4,Taste,口感,Product / Sourcing
230078,price_value,positive,the price is right,B000WB1YSE,Tea,4,Price & value,价格与性价比,Pricing
230078,listing_accuracy,neutral,People seemed to be confused about the Matcha labeling,B000WB1YSE,Tea,4,Listing accuracy,描述相符,Listing / Content
62026,taste,positive,It's quite good Chai tea,B000CQG8K8,Tea,1,Taste,口感,Product / Sourcing
62026,freshness_quality,positive,this one is very fresh and has a good sell-by date,B000CQG8K8,Tea,1,Freshness & quality,新鲜度与品质,Supply chain / QC
62026,listing_accuracy,negative,thought it actually had organic ingredients- as the description stated,B000CQG8K8,Tea,1,Listing accuracy,描述相符,Listing / Content
33938,taste,negative,the tea was tasteless,B00412W76S,Tea,1,Taste,口感,Product / Sourcing
230117,taste,negative,This stuff tastes like pond water,B000WB1YSE,Tea,1,Taste,口感,Product / Sourcing
33987,taste,positive,The Rose flavour is the best,B00412W76S,Tea,5,Taste,口感,Product / Sourcing
33987,aroma,positive,It is full of aroma,B00412W76S,Tea,5,Aroma,香气,Product / Sourcing
33987,health_wellness,positive,How much it really calms u,B00412W76S,Tea,5,Health & wellness,健康功效,Marketing claims
458685,taste,negative,tea flavor was not impressive,B000FFIL92,Tea,1,Taste,口感,Product / Sourcing
458685,packaging,negative,glass teapot WITHOUT strainer holds 18 ounces,B000FFIL92,Tea,1,Packaging,包装,Packaging
458685,price_value,negative,way too pricey for what you get,B000FFIL92,Tea,1,Price & value,价格与性价比,Pricing
458685,freshness_quality,negative,one flower which failed to bloom,B000FFIL92,Tea,1,Freshness & quality,新鲜度与品质,Supply chain / QC
123223,taste,positive,I like the flavor of this tea,B000CQBZOW,Tea,4,Taste,口感,Product / Sourcing
123223,health_wellness,positive,somewhat stomach soothing combination,B000CQBZOW,Tea,4,Health & wellness,健康功效,Marketing claims
123223,caffeine_energy,positive,For when I'm going decaf,B000CQBZOW,Tea,4,Caffeine & energy,咖啡因与提神,Product / Content
521403,aroma,positive,The aroma has strong vanilla notes,B007JFXWRC,Tea,5,Aroma,香气,Product / Sourcing
521403,taste,positive,Lipton's Blackberry Vanilla is just right,B007JFXWRC,Tea,5,Taste,口感,Product / Sourcing
123216,health_wellness,positive,fought intestinal gas and stimulated my gastric juices,B000CQBZOW,Tea,5,Health & wellness,健康功效,Marketing claims
123216,taste,neutral,It has no flavor aside from a bitter taste,B000CQBZOW,Tea,5,Taste,口感,Product / Sourcing
33945,health_wellness,negative,made worsen my gas problem,B00412W76S,Tea,1,Health & wellness,健康功效,Marketing claims
441812,taste,negative,thought it had just a funny aftertaste,B004E4HUMY,Tea,3,Taste,口感,Product / Sourcing
441812,packaging,positive,He loved the package,B004E4HUMY,Tea,3,Packaging,包装,Packaging
538402,aroma,positive,Excellent aroma and flavor,B0061IUIDY,Tea,5,Aroma,香气,Product / Sourcing
538402,taste,positive,Excellent aroma and flavor,B0061IUIDY,Tea,5,Taste,口感,Product / Sourcing
538402,brewing_convenience,positive,easy to prepare,B0061IUIDY,Tea,5,Brewing & convenience,冲泡与便利,Product / Content
43937,taste,positive,PG Tips is a full bodied drink,B001EQ5JLE,Tea,5,Taste,口感,Product / Sourcing
43937,brewing_convenience,positive,also make ice tea,B001EQ5JLE,Tea,5,Brewing & convenience,冲泡与便利,Product / Content
70310,taste,negative,It has too many flavors going on and a bit of a after taste,B007I7Z3Z0,Tea,2,Taste,口感,Product / Sourcing
70310,price_value,negative,Not worth the money,B007I7Z3Z0,Tea,2,Price & value,价格与性价比,Pricing
33887,taste,positive,This rosehip tea is surprisingly good,B00412W76S,Tea,4,Taste,口感,Product / Sourcing
33887,delivery,negative,package did take 9 days to arrive,B00412W76S,Tea,4,Delivery,物流,Logistics
33887,packaging,negative,it was all crushed up inside the jiffy-bag,B00412W76S,Tea,4,Packaging,包装,Packaging
33887,price_value,negative,price is a bit steep,B00412W76S,Tea,4,Price & value,价格与性价比,Pricing
145761,caffeine_energy,positive,decaffeinated white teas are hard to find,B003D4F1QS,Tea,3,Caffeine & energy,咖啡因与提神,Product / Content
145761,taste,neutral,The taste is simple and clean,B003D4F1QS,Tea,3,Taste,口感,Product / Sourcing
145761,delivery,negative,arrived in a plain cardboard box,B003D4F1QS,Tea,3,Delivery,物流,Logistics
230093,taste,positive,Green tea tastes great!,B000WB1YSE,Tea,5,Taste,口感,Product / Sourcing
230093,brewing_convenience,positive,followed the simple instructions,B000WB1YSE,Tea,5,Brewing & convenience,冲泡与便利,Product / Content
230093,aroma,positive,smell is very light and pleasant,B000WB1YSE,Tea,5,Aroma,香气,Product / Sourcing
230093,price_value,neutral,store because it may be cheaper,B000WB1YSE,Tea,5,Price & value,价格与性价比,Pricing
181843,health_wellness,positive,"didn't have enough milk, but after only few days drinking this tea I started pomping almost 6 oz",B0009F3POY,Tea,5,Health & wellness,健康功效,Marketing claims
181843,price_value,positive,It's worth every dollar,B0009F3POY,Tea,5,Price & value,价格与性价比,Pricing
181843,taste,positive,it also taste delicious,B0009F3POY,Tea,5,Taste,口感,Product / Sourcing
521433,packaging,positive,Teas that have this shape of tea bag always release their essence much faster,B007JFXWRC,Tea,2,Packaging,包装,Packaging
521433,aroma,positive,the aroma of the tea is quite nice,B007JFXWRC,Tea,2,Aroma,香气,Product / Sourcing
521433,taste,negative,"I found the tea harsh, astringent, and really on the sour side",B007JFXWRC,Tea,2,Taste,口感,Product / Sourcing
521433,caffeine_energy,neutral,I do like a nice caffeine free herbal,B007JFXWRC,Tea,2,Caffeine & energy,咖啡因与提神,Product / Content
70366,taste,neutral,"This doesn't taste bad, but it doesn't taste like tea",B007I7Z3Z0,Tea,4,Taste,口感,Product / Sourcing
70366,aroma,positive,The immediate smell when I first opened the package brought me back,B007I7Z3Z0,Tea,4,Aroma,香气,Product / Sourcing
70366,price_value,negative,"This may, however, be an expensive way to go about a glass",B007I7Z3Z0,Tea,4,Price & value,价格与性价比,Pricing
33963,health_wellness,positive,works great & quickly. Long time allergy suffer,B00412W76S,Tea,5,Health & wellness,健康功效,Marketing claims
441762,taste,negative,very distinct chemical flavor that lets you know that you're drinking something artificial,B004E4HUMY,Tea,2,Taste,口感,Product / Sourcing
441762,brewing_convenience,positive,Very convenient and useful assuming you find a flavor you enjoy,B004E4HUMY,Tea,2,Brewing & convenience,冲泡与便利,Product / Content
441762,price_value,positive,paying about 21 cents for each 8 ounce glass which is reasonable,B004E4HUMY,Tea,2,Price & value,价格与性价比,Pricing
37218,health_wellness,positive,great way to get your green tea in everyday,B003CK2BQG,Tea,5,Health & wellness,健康功效,Marketing claims
441870,health_wellness,negative,believed to be carcinogenic,B004E4HUMY,Tea,1,Health & wellness,健康功效,Marketing claims
441870,taste,negative,leaves nasty bitter aftertaste,B004E4HUMY,Tea,1,Taste,口感,Product / Sourcing
34047,packaging,negative,packaged in a plastic bag so I guess it did has a pungent smell,B00412W76S,Tea,4,Packaging,包装,Packaging
34047,aroma,negative,does has a funky odor,B00412W76S,Tea,4,Aroma,香气,Product / Sourcing
34047,taste,positive,taste okay to me,B00412W76S,Tea,4,Taste,口感,Product / Sourcing
34047,health_wellness,positive,able to sleep for a full eight hours straight,B00412W76S,Tea,4,Health & wellness,健康功效,Marketing claims
521426,listing_accuracy,negative,there is no vanilla in it according to the ingredients list,B007JFXWRC,Tea,2,Listing accuracy,描述相符,Listing / Content
62056,freshness_quality,positive,Stash is an amazing quality with natural tasting,B000CQG8K8,Tea,5,Freshness & quality,新鲜度与品质,Supply chain / QC
62056,taste,positive,Double Chai is very well balanced in it's spices,B000CQG8K8,Tea,5,Taste,口感,Product / Sourcing
62056,brewing_convenience,positive,tea is easy that way,B000CQG8K8,Tea,5,Brewing & convenience,冲泡与便利,Product / Content
458512,taste,neutral,worthwhile soft flavors,B000FFIL92,Tea,3,Taste,口感,Product / Sourcing
458512,health_wellness,positive,very calming effect,B000FFIL92,Tea,3,Health & wellness,健康功效,Marketing claims
458512,packaging,negative,"box the flowering teas are sent is reusable, but poorly constructed",B000FFIL92,Tea,3,Packaging,包装,Packaging
181942,price_value,negative,readily available at GNC for $5.49... Don't pay for it online,B0009F3POY,Tea,1,Price & value,价格与性价比,Pricing
230105,taste,positive,"flavorful, rich and smooth",B000WB1YSE,Tea,5,Taste,口感,Product / Sourcing
230105,freshness_quality,positive,on par in quality and richness,B000WB1YSE,Tea,5,Freshness & quality,新鲜度与品质,Supply chain / QC
230105,brewing_convenience,neutral,strange looking nylon teabag,B000WB1YSE,Tea,5,Brewing & convenience,冲泡与便利,Product / Content
521378,aroma,positive,smell of this when you pour hot water over it is delightful,B007JFXWRC,Tea,4,Aroma,香气,Product / Sourcing
521378,taste,positive,You definitely get the vanilla and berries,B007JFXWRC,Tea,4,Taste,口感,Product / Sourcing
521378,health_wellness,positive,get the benefits of green tea without the bitterness,B007JFXWRC,Tea,4,Health & wellness,健康功效,Marketing claims
458528,taste,positive,made delicious tea,B000FFIL92,Tea,5,Taste,口感,Product / Sourcing
458528,packaging,positive,The packaging was also quite attractive,B000FFIL92,Tea,5,Packaging,包装,Packaging
458550,packaging,negative,"damage to the box, real damage. Looks like water damage to wood.",B000FFIL92,Tea,2,Packaging,包装,Packaging
230104,taste,positive,Very tasty tea,B000WB1YSE,Tea,5,Taste,口感,Product / Sourcing
230104,brewing_convenience,positive,well-designed bags that make for superb brewing,B000WB1YSE,Tea,5,Brewing & convenience,冲泡与便利,Product / Content
136024,taste,negative,"Too sweet, too chunky, and a bit thick",B005SPQENY,Tea,2,Taste,口感,Product / Sourcing
136024,health_wellness,negative,"very sweet, I noticed the second ingredient is 'cane sugar'",B005SPQENY,Tea,2,Health & wellness,健康功效,Marketing claims
136024,aroma,negative,weird aftertaste/smell,B005SPQENY,Tea,2,Aroma,香气,Product / Sourcing
136024,listing_accuracy,negative,writing on the label is so freaking small!,B005SPQENY,Tea,2,Listing accuracy,描述相符,Listing / Content
441940,taste,positive,hint of sweet flavor,B004E4HUMY,Tea,5,Taste,口感,Product / Sourcing
441940,brewing_convenience,positive,compact little bottle is perfect for bringing to work and mixing,B004E4HUMY,Tea,5,Brewing & convenience,冲泡与便利,Product / Content
441940,price_value,positive,"For the convenience and taste, it can't be beat!",B004E4HUMY,Tea,5,Price & value,价格与性价比,Pricing
222378,taste,positive,taste good for artificial kind of drink,B004E4CCSQ,Tea,4,Taste,口感,Product / Sourcing
222378,health_wellness,positive,It's sugar free,B004E4CCSQ,Tea,4,Health & wellness,健康功效,Marketing claims
222378,brewing_convenience,positive,dissolve fast and taste good,B004E4CCSQ,Tea,4,Brewing & convenience,冲泡与便利,Product / Content
222378,packaging,positive,The mini bottle is cute and great on the go,B004E4CCSQ,Tea,4,Packaging,包装,Packaging
33904,taste,negative,tastes and smell really bad,B00412W76S,Tea,4,Taste,口感,Product / Sourcing
33904,aroma,negative,tastes and smell really bad,B00412W76S,Tea,4,Aroma,香气,Product / Sourcing
33904,health_wellness,positive,helps you fall asleep,B00412W76S,Tea,4,Health & wellness,健康功效,Marketing claims
222474,taste,positive,Very peachy and great for the summer,B004E4CCSQ,Tea,5,Taste,口感,Product / Sourcing
222474,price_value,neutral,A bit pricey?,B004E4CCSQ,Tea,5,Price & value,价格与性价比,Pricing
222474,delivery,positive,Got here very quickly,B004E4CCSQ,Tea,5,Delivery,物流,Logistics
43852,taste,neutral,"This tea is very strong, but doesn't have any delicate flavor",B001EQ5JLE,Tea,3,Taste,口感,Product / Sourcing
43852,aroma,positive,normal flavor of indian BLACK tea,B001EQ5JLE,Tea,3,Aroma,香气,Product / Sourcing
521393,taste,positive,good tasting tea that does not really require sweetener,B007JFXWRC,Tea,4,Taste,口感,Product / Sourcing
521393,aroma,positive,vanilla blackberry,B007JFXWRC,Tea,4,Aroma,香气,Product / Sourcing
43905,taste,positive,good cup of tea,B001EQ5JLE,Tea,5,Taste,口感,Product / Sourcing
43905,price_value,positive,reasonable price for the product,B001EQ5JLE,Tea,5,Price & value,价格与性价比,Pricing
43905,delivery,positive,buying via Amazon when you are out of the UK,B001EQ5JLE,Tea,5,Delivery,物流,Logistics
43826,freshness_quality,positive,Quality tea,B001EQ5JLE,Tea,5,Freshness & quality,新鲜度与品质,Supply chain / QC
43826,price_value,positive,great price,B001EQ5JLE,Tea,5,Price & value,价格与性价比,Pricing
43826,delivery,positive,delivered to our door... on a schedule,B001EQ5JLE,Tea,5,Delivery,物流,Logistics
441819,health_wellness,positive,no calorie,B004E4HUMY,Tea,5,Health & wellness,健康功效,Marketing claims
441819,brewing_convenience,positive,portable drink option,B004E4HUMY,Tea,5,Brewing & convenience,冲泡与便利,Product / Content
538182,taste,negative,slightly rotted taste,B0061IUIDY,Tea,3,Taste,口感,Product / Sourcing
136031,taste,negative,weird bitter aftertaste was very off putting,B005SPQENY,Tea,1,Taste,口感,Product / Sourcing
136031,health_wellness,negative,made me instantly quite nauseous,B005SPQENY,Tea,1,Health & wellness,健康功效,Marketing claims
136031,price_value,negative,no good reason to drink this,B005SPQENY,Tea,1,Price & value,价格与性价比,Pricing
37195,taste,positive,extremely smooth and there is no aftertaste,B003CK2BQG,Tea,5,Taste,口感,Product / Sourcing
37195,health_wellness,positive,Nothing makes me feel so good like this tea,B003CK2BQG,Tea,5,Health & wellness,健康功效,Marketing claims
37195,brewing_convenience,positive,best bagged tea,B003CK2BQG,Tea,5,Brewing & convenience,冲泡与便利,Product / Content
521338,taste,positive,vanilla smooths the taste out,B007JFXWRC,Tea,4,Taste,口感,Product / Sourcing
521338,packaging,positive,tetrahedral pastic bags are fun,B007JFXWRC,Tea,4,Packaging,包装,Packaging
521338,health_wellness,positive,good for antioxidants,B007JFXWRC,Tea,4,Health & wellness,健康功效,Marketing claims
43749,taste,positive,Good Tasting Tea,B001EQ5JLE,Tea,5,Taste,口感,Product / Sourcing
62066,taste,neutral,Good Earl Grey Tea but nothing about it was special,B000CQG8K8,Tea,3,Taste,口感,Product / Sourcing
61993,taste,positive,Earl grey Double Bergamot is my favorite,B000CQG8K8,Tea,5,Taste,口感,Product / Sourcing
229985,health_wellness,positive,good for the heart,B000WB1YSE,Tea,4,Health & wellness,健康功效,Marketing claims
229985,packaging,neutral,The box was definitely bigger than what I was expecting,B000WB1YSE,Tea,4,Packaging,包装,Packaging
145863,taste,negative,It is incredibly astringent,B003D4F1QS,Tea,2,Taste,口感,Product / Sourcing
145863,price_value,negative,committing to a large Amazon purchase,B003D4F1QS,Tea,2,Price & value,价格与性价比,Pricing
230000,taste,positive,by far is the best yet,B000WB1YSE,Tea,5,Taste,口感,Product / Sourcing
230000,health_wellness,neutral,better if it was organic,B000WB1YSE,Tea,5,Health & wellness,健康功效,Marketing claims
538201,aroma,positive,reveal a delightful scent when opened,B0061IUIDY,Tea,2,Aroma,香气,Product / Sourcing
538201,taste,negative,flavors are too light,B0061IUIDY,Tea,2,Taste,口感,Product / Sourcing
538201,price_value,negative,These pricey little air-tight pouches,B0061IUIDY,Tea,2,Price & value,价格与性价比,Pricing
538404,taste,positive,full-bodied English Breakfast blend,B0061IUIDY,Tea,5,Taste,口感,Product / Sourcing
538404,packaging,positive,Each bag comes in its own heavy-duty sealed packet,B0061IUIDY,Tea,5,Packaging,包装,Packaging
230035,health_wellness,positive,Green Tea has been highly regarded for thousands of years as healing medicinal beverage,B000WB1YSE,Tea,5,Health & wellness,健康功效,Marketing claims
230035,caffeine_energy,positive,Providing a mild stimulating effect without causing sleepless nights or nervousness,B000WB1YSE,Tea,5,Caffeine & energy,咖啡因与提神,Product / Content
62112,taste,positive,Very distinctive flavor. Unique!,B000CQG8K8,Tea,5,Taste,口感,Product / Sourcing
62112,price_value,positive,Priced better than the local stores.,B000CQG8K8,Tea,5,Price & value,价格与性价比,Pricing
62112,delivery,positive,automatic delivery so we never run out,B000CQG8K8,Tea,5,Delivery,物流,Logistics
230122,brewing_convenience,positive,place the tea bag in cold water and brew a delicious glass of iced tea,B000WB1YSE,Tea,5,Brewing & convenience,冲泡与便利,Product / Content
230122,taste,positive,delicious glass of iced tea,B000WB1YSE,Tea,5,Taste,口感,Product / Sourcing
37349,taste,positive,"mild, minty tea",B003CK2BQG,Tea,5,Taste,口感,Product / Sourcing
37349,price_value,positive,reasonably priced in these little dispenser containers,B003CK2BQG,Tea,5,Price & value,价格与性价比,Pricing
37349,caffeine_energy,positive,just a little caffeine,B003CK2BQG,Tea,5,Caffeine & energy,咖啡因与提神,Product / Content
182013,taste,negative,it was so disgusting that I could only stomach it,B0009F3POY,Tea,2,Taste,口感,Product / Sourcing
182013,aroma,negative,smells awful too,B0009F3POY,Tea,2,Aroma,香气,Product / Sourcing
136111,taste,positive,The drink tastes good!,B005SPQENY,Tea,3,Taste,口感,Product / Sourcing
136111,freshness_quality,negative,"pulp [pieces of aloe], are like chopped up gummy bears",B005SPQENY,Tea,3,Freshness & quality,新鲜度与品质,Supply chain / QC
538250,aroma,positive,did seem to smell very strong,B0061IUIDY,Tea,5,Aroma,香气,Product / Sourcing
538250,taste,positive,"It's really smooth, delicious, and hits the spot.",B0061IUIDY,Tea,5,Taste,口感,Product / Sourcing
538250,health_wellness,positive,It says it has 162 mg of polyphenols per serving,B0061IUIDY,Tea,5,Health & wellness,健康功效,Marketing claims
70350,taste,positive,taste to be very strong,B007I7Z3Z0,Tea,5,Taste,口感,Product / Sourcing
70350,health_wellness,positive,hard to believe there isn't a lot of sugar in it,B007I7Z3Z0,Tea,5,Health & wellness,健康功效,Marketing claims
70350,brewing_convenience,positive,dissolves well,B007I7Z3Z0,Tea,5,Brewing & convenience,冲泡与便利,Product / Content
43926,taste,positive,It's full-bodied without being bitter.,B001EQ5JLE,Tea,5,Taste,口感,Product / Sourcing
43926,packaging,positive,no string stapled to the bag and no little paper bit,B001EQ5JLE,Tea,5,Packaging,包装,Packaging
43926,brewing_convenience,positive,microwave my tea. Just pop a bag in a mug,B001EQ5JLE,Tea,5,Brewing & convenience,冲泡与便利,Product / Content
181821,health_wellness,positive,It increases your milk supply instantly,B0009F3POY,Tea,5,Health & wellness,健康功效,Marketing claims
70112,taste,negative,flavor of the artificial sweetener is very pronounced,B007I7Z3Z0,Tea,2,Taste,口感,Product / Sourcing
70112,packaging,negative,hole was too small for the contents to pour out,B007I7Z3Z0,Tea,2,Packaging,包装,Packaging
70112,listing_accuracy,negative,"The description says ""Sweetened with honey",B007I7Z3Z0,Tea,2,Listing accuracy,描述相符,Listing / Content
181972,taste,negative,it is very hard to cover the taste,B0009F3POY,Tea,4,Taste,口感,Product / Sourcing
136065,aroma,positive,it actually smells really good,B005SPQENY,Tea,1,Aroma,香气,Product / Sourcing
136065,taste,negative,It is VERY VERY sweet,B005SPQENY,Tea,1,Taste,口感,Product / Sourcing
136065,health_wellness,negative,there is 38 grams of sugar,B005SPQENY,Tea,1,Health & wellness,健康功效,Marketing claims
521486,taste,positive,"still, it is a flavorful tea",B007JFXWRC,Tea,4,Taste,口感,Product / Sourcing
521486,brewing_convenience,neutral,Lipton is using an unusual tea bag shape; a pyramid,B007JFXWRC,Tea,4,Brewing & convenience,冲泡与便利,Product / Content
521375,taste,positive,hit the perfect mix of blackberry and vanilla,B007JFXWRC,Tea,4,Taste,口感,Product / Sourcing
521375,aroma,positive,It has a delicate and relaxing scent,B007JFXWRC,Tea,4,Aroma,香气,Product / Sourcing
37235,aroma,positive,The fragrance is so sweet that it is a feast,B003CK2BQG,Tea,5,Aroma,香气,Product / Sourcing
37235,taste,positive,best jasmine/green tea I have ever had,B003CK2BQG,Tea,5,Taste,口感,Product / Sourcing
37235,health_wellness,positive,Very soothing & perfect with a drizzle of honey,B003CK2BQG,Tea,5,Health & wellness,健康功效,Marketing claims
538177,taste,neutral,it's not bad but it's not special either,B0061IUIDY,Tea,4,Taste,口感,Product / Sourcing
62037,aroma,positive,Nice bergamot scent,B000CQG8K8,Tea,1,Aroma,香气,Product / Sourcing
62037,taste,negative,horrible BITTER tea taste,B000CQG8K8,Tea,1,Taste,口感,Product / Sourcing
458668,packaging,negative,bamboo box a splinter hazard,B000FFIL92,Tea,2,Packaging,包装,Packaging
458668,taste,negative,most horrendous and unbelievably weak tea,B000FFIL92,Tea,2,Taste,口感,Product / Sourcing
458668,listing_accuracy,negative,"""biodegradable tea bags"" are listed as a product feature- there most certainly are none",B000FFIL92,Tea,2,Listing accuracy,描述相符,Listing / Content
458668,aroma,negative,smell was unimpressive,B000FFIL92,Tea,2,Aroma,香气,Product / Sourcing
521359,packaging,positive,Lipton Pyramid Tea Bags,B007JFXWRC,Tea,5,Packaging,包装,Packaging
521359,brewing_convenience,positive,brewed for 4 minutes with hot water,B007JFXWRC,Tea,5,Brewing & convenience,冲泡与便利,Product / Content
521359,taste,positive,good flavor in a interesting package,B007JFXWRC,Tea,5,Taste,口感,Product / Sourcing
145569,taste,positive,Stash Peach Tea is the best peach tea,B003D4F1QS,Tea,4,Taste,口感,Product / Sourcing
145569,price_value,neutral,The price was higher per bag than the 20 count boxes,B003D4F1QS,Tea,4,Price & value,价格与性价比,Pricing
145569,delivery,positive,found the 100 count box on line and ordered it,B003D4F1QS,Tea,4,Delivery,物流,Logistics
182014,health_wellness,negative,DECREASED my milk supply,B0009F3POY,Tea,1,Health & wellness,健康功效,Marketing claims
538388,taste,positive,It's very good tea,B0061IUIDY,Tea,5,Taste,口感,Product / Sourcing
136087,taste,positive,it is surprisingly good and is not at all what I expected,B005SPQENY,Tea,4,Taste,口感,Product / Sourcing
136087,brewing_convenience,positive,keep some cold... warm some up and try it warm,B005SPQENY,Tea,4,Brewing & convenience,冲泡与便利,Product / Content
37207,taste,positive,This tea is really good.,B003CK2BQG,Tea,5,Taste,口感,Product / Sourcing
62143,taste,positive,This tea is delicious with milk.,B000CQG8K8,Tea,5,Taste,口感,Product / Sourcing
62143,brewing_convenience,neutral,"the longer you leave it, the better it gets",B000CQG8K8,Tea,5,Brewing & convenience,冲泡与便利,Product / Content
62143,caffeine_energy,positive,The decaf version with milk makes a lovely bedtime drink,B000CQG8K8,Tea,5,Caffeine & energy,咖啡因与提神,Product / Content
43745,taste,positive,Simple and tasty. Best breakfast tea I've ever had.,B001EQ5JLE,Tea,5,Taste,口感,Product / Sourcing
43745,brewing_convenience,positive,Each bag is good for 1 cup.,B001EQ5JLE,Tea,5,Brewing & convenience,冲泡与便利,Product / Content
37275,taste,negative,it tastes just like cough syrup,B003CK2BQG,Tea,2,Taste,口感,Product / Sourcing
37275,health_wellness,positive,it is full of antioxidants,B003CK2BQG,Tea,2,Health & wellness,健康功效,Marketing claims
43813,taste,positive,best tea I have ever had,B001EQ5JLE,Tea,5,Taste,口感,Product / Sourcing
43813,price_value,positive,for a very reasonable price,B001EQ5JLE,Tea,5,Price & value,价格与性价比,Pricing
43813,delivery,positive,purchase it quickly and easily on Amazon.com,B001EQ5JLE,Tea,5,Delivery,物流,Logistics
70192,packaging,negative,had a hard time opening it,B007I7Z3Z0,Tea,2,Packaging,包装,Packaging
70192,taste,neutral,The taste is OK but nothing exciting.,B007I7Z3Z0,Tea,2,Taste,口感,Product / Sourcing
70192,health_wellness,neutral,low cal... cannot tolerate artificial sweetner,B007I7Z3Z0,Tea,2,Health & wellness,健康功效,Marketing claims
441892,taste,negative,horrible after taste when using too much,B004E4HUMY,Tea,3,Taste,口感,Product / Sourcing
37196,aroma,negative,aroma reminiscent of lawn clippings,B003CK2BQG,Tea,1,Aroma,香气,Product / Sourcing
37196,taste,negative,mossy taste,B003CK2BQG,Tea,1,Taste,口感,Product / Sourcing
521436,aroma,positive,It smelled great in the box,B007JFXWRC,Tea,2,Aroma,香气,Product / Sourcing
521436,taste,negative,it still wasn't very tasty,B007JFXWRC,Tea,2,Taste,口感,Product / Sourcing
521436,caffeine_energy,neutral,caffeine free,B007JFXWRC,Tea,2,Caffeine & energy,咖啡因与提神,Product / Content
521436,brewing_convenience,positive,taste slightly better as an iced tea,B007JFXWRC,Tea,2,Brewing & convenience,冲泡与便利,Product / Content
521436,packaging,positive,"the tea bags, they're really nice-- I love the shape",B007JFXWRC,Tea,2,Packaging,包装,Packaging
33903,taste,positive,the tea is very good with honey,B00412W76S,Tea,5,Taste,口感,Product / Sourcing
33903,health_wellness,positive,I have lost 3lbs since taking it,B00412W76S,Tea,5,Health & wellness,健康功效,Marketing claims
136035,taste,positive,best tasting iced tea drink that I ever tried,B005SPQENY,Tea,5,Taste,口感,Product / Sourcing
136035,caffeine_energy,positive,refreshing and energizing,B005SPQENY,Tea,5,Caffeine & energy,咖啡因与提神,Product / Content
136035,brewing_convenience,positive,iced tea drink,B005SPQENY,Tea,5,Brewing & convenience,冲泡与便利,Product / Content
37186,price_value,positive,auto delivery,B003CK2BQG,Tea,5,Price & value,价格与性价比,Pricing
145804,taste,negative,not anywhere near as good as the Tazo,B003D4F1QS,Tea,2,Taste,口感,Product / Sourcing
145804,price_value,positive,can't beat this price,B003D4F1QS,Tea,2,Price & value,价格与性价比,Pricing
145804,packaging,neutral,The packaging is fine... oversized box with too much,B003D4F1QS,Tea,2,Packaging,包装,Packaging
441928,taste,negative,tastes a bit like chemicals,B004E4HUMY,Tea,3,Taste,口感,Product / Sourcing
441928,brewing_convenience,negative,hard to judge how much is the right amount,B004E4HUMY,Tea,3,Brewing & convenience,冲泡与便利,Product / Content
145564,taste,positive,This green tea is absolutely tasty,B003D4F1QS,Tea,4,Taste,口感,Product / Sourcing
34006,taste,positive,I drink it with clover honey,B00412W76S,Tea,5,Taste,口感,Product / Sourcing
70294,taste,positive,It's a true taste treat,B007I7Z3Z0,Tea,5,Taste,口感,Product / Sourcing
70294,health_wellness,positive,sugars are very low (1g per serving),B007I7Z3Z0,Tea,5,Health & wellness,健康功效,Marketing claims
70294,caffeine_energy,positive,"it's decaf, I will be enjoying this as I watch my evening TV without losing sleep",B007I7Z3Z0,Tea,5,Caffeine & energy,咖啡因与提神,Product / Content
521343,taste,positive,great tasting tea with great flavor,B007JFXWRC,Tea,4,Taste,口感,Product / Sourcing
521343,brewing_convenience,negative,pyramid bags they get stuck around a spoon easier,B007JFXWRC,Tea,4,Brewing & convenience,冲泡与便利,Product / Content
521423,taste,positive,subtly sweet delicious cup of tea,B007JFXWRC,Tea,4,Taste,口感,Product / Sourcing
521423,freshness_quality,positive,pieces of real blackberries and hibicus flowers,B007JFXWRC,Tea,4,Freshness & quality,新鲜度与品质,Supply chain / QC
521423,brewing_convenience,neutral,not sure that the shape of the bag plays any specific role,B007JFXWRC,Tea,4,Brewing & convenience,冲泡与便利,Product / Content
37206,taste,positive,Stash is by far the best company for jasmine tea,B003CK2BQG,Tea,5,Taste,口感,Product / Sourcing
37206,price_value,positive,how cheap it is! At the grocery stores near me this tea is $3 a box,B003CK2BQG,Tea,5,Price & value,价格与性价比,Pricing
37206,delivery,positive,got my first shipment of six boxes yesterday,B003CK2BQG,Tea,5,Delivery,物流,Logistics
136081,taste,negative,sugar is the second ingredient listed: it's TOO SWEET!,B005SPQENY,Tea,2,Taste,口感,Product / Sourcing
136081,health_wellness,positive,"aloe is really good for you, and the actual pulp is the best way to get the benefits",B005SPQENY,Tea,2,Health & wellness,健康功效,Marketing claims
62129,taste,positive,tried this tea and have been drinking it ever since,B000CQG8K8,Tea,5,Taste,口感,Product / Sourcing
33992,taste,positive,This tea is great,B00412W76S,Tea,5,Taste,口感,Product / Sourcing
229999,taste,positive,I love the taste of matcha,B000WB1YSE,Tea,5,Taste,口感,Product / Sourcing
229999,freshness_quality,positive,100% Japanese green tea leaves in unique bags,B000WB1YSE,Tea,5,Freshness & quality,新鲜度与品质,Supply chain / QC
229999,delivery,positive,Amazon.com delivers this one to my door exactly when I want it,B000WB1YSE,Tea,5,Delivery,物流,Logistics
230048,taste,negative,most flavorless green tea I've had,B000WB1YSE,Tea,1,Taste,口感,Product / Sourcing
230048,caffeine_energy,negative,It is also very weak. I have to use 3 tea bags,B000WB1YSE,Tea,1,Caffeine & energy,咖啡因与提神,Product / Content
230048,brewing_convenience,negative,strings to short on the bags. They aren't long enough,B000WB1YSE,Tea,1,Brewing & convenience,冲泡与便利,Product / Content
70129,brewing_convenience,negative,didn't mix in as well,B007I7Z3Z0,Tea,3,Brewing & convenience,冲泡与便利,Product / Content
70129,aroma,positive,smelled awesome,B007I7Z3Z0,Tea,3,Aroma,香气,Product / Sourcing
70129,taste,negative,favor just wasn't there for me,B007I7Z3Z0,Tea,3,Taste,口感,Product / Sourcing
123161,taste,negative,weak licorice taste and a weak spice taste,B000CQBZOW,Tea,2,Taste,口感,Product / Sourcing
123161,price_value,negative,makes the seemingly low price not so much a good deal,B000CQBZOW,Tea,2,Price & value,价格与性价比,Pricing
34029,taste,positive,tastes like what a rose would taste like if it were a fruit,B00412W76S,Tea,4,Taste,口感,Product / Sourcing
34029,brewing_convenience,negative,bags themselves are not very thick and will break,B00412W76S,Tea,4,Brewing & convenience,冲泡与便利,Product / Content
136032,taste,positive,This is a tasty tea,B005SPQENY,Tea,3,Taste,口感,Product / Sourcing
136032,freshness_quality,neutral,solids within your liquids are a personal preference,B005SPQENY,Tea,3,Freshness & quality,新鲜度与品质,Supply chain / QC
136032,health_wellness,negative,a little high in calories for me,B005SPQENY,Tea,3,Health & wellness,健康功效,Marketing claims
37305,taste,negative,Pomegranate and Raspberry flavors and the green tea are all buried and very faint!,B003CK2BQG,Tea,2,Taste,口感,Product / Sourcing
37305,health_wellness,positive,a tea to wind down your hectic life,B003CK2BQG,Tea,2,Health & wellness,健康功效,Marketing claims
62113,taste,negative,cloves overpower everything else,B000CQG8K8,Tea,1,Taste,口感,Product / Sourcing
458587,listing_accuracy,positive,The product is exactly what it is stated as.,B000FFIL92,Tea,3,Listing accuracy,描述相符,Listing / Content
458587,aroma,positive,The flowers bloom and are beautiful.,B000FFIL92,Tea,3,Aroma,香气,Product / Sourcing
458587,taste,negative,tea tastes like boiled grass!,B000FFIL92,Tea,3,Taste,口感,Product / Sourcing
521408,taste,positive,unique flavor that I've never had before - really original,B007JFXWRC,Tea,5,Taste,口感,Product / Sourcing
521397,taste,positive,Wonderful berry flavor with a hint of vanilla,B007JFXWRC,Tea,5,Taste,口感,Product / Sourcing
521397,caffeine_energy,positive,no caffeine so I can drink several cups at a time,B007JFXWRC,Tea,5,Caffeine & energy,咖啡因与提神,Product / Content
458598,packaging,positive,"enjoyed the glass teapot, and even the packaging",B000FFIL92,Tea,3,Packaging,包装,Packaging
458598,taste,negative,tea flowers did not have hardly any flavor,B000FFIL92,Tea,3,Taste,口感,Product / Sourcing
135988,taste,positive,I loved the taste of this tea,B005SPQENY,Tea,3,Taste,口感,Product / Sourcing
135988,brewing_convenience,neutral,make sure you really shake the bottle,B005SPQENY,Tea,3,Brewing & convenience,冲泡与便利,Product / Content
135988,price_value,negative,The price is much higher than other comparable brands,B005SPQENY,Tea,3,Price & value,价格与性价比,Pricing
43742,delivery,positive,Order arrived all the way from England a couple of weeks earlier,B001EQ5JLE,Tea,5,Delivery,物流,Logistics
43742,taste,positive,good strongly-flavored black tea,B001EQ5JLE,Tea,5,Taste,口感,Product / Sourcing
37234,taste,positive,I love this tea,B003CK2BQG,Tea,3,Taste,口感,Product / Sourcing
37234,packaging,negative,flaps that ripped and they don't stand upright,B003CK2BQG,Tea,3,Packaging,包装,Packaging
34003,health_wellness,neutral,supposed to help with PMS,B00412W76S,Tea,5,Health & wellness,健康功效,Marketing claims
34003,taste,positive,very light flavored. I usually put some honey in it and it goes down great,B00412W76S,Tea,5,Taste,口感,Product / Sourcing
181977,health_wellness,positive,able to pump four ounces in just a few minutes,B0009F3POY,Tea,5,Health & wellness,健康功效,Marketing claims
181977,taste,positive,Tastes good too.,B0009F3POY,Tea,5,Taste,口感,Product / Sourcing
34010,health_wellness,positive,numerous health benefits,B00412W76S,Tea,5,Health & wellness,健康功效,Marketing claims
34010,freshness_quality,positive,pure red raspberry leaves,B00412W76S,Tea,5,Freshness & quality,新鲜度与品质,Supply chain / QC
34010,packaging,positive,great organic package,B00412W76S,Tea,5,Packaging,包装,Packaging
34010,taste,neutral,it is a little bitter but not bad,B00412W76S,Tea,5,Taste,口感,Product / Sourcing
43738,price_value,positive,GINORMOUS pack on Amazon,B001EQ5JLE,Tea,4,Price & value,价格与性价比,Pricing
43738,taste,positive,Great flavor,B001EQ5JLE,Tea,4,Taste,口感,Product / Sourcing
538298,aroma,positive,"fragrance is strong, however pleasing",B0061IUIDY,Tea,4,Aroma,香气,Product / Sourcing
538298,taste,positive,tastes good with or without sugar,B0061IUIDY,Tea,4,Taste,口感,Product / Sourcing
538298,caffeine_energy,positive,definite pick me up,B0061IUIDY,Tea,4,Caffeine & energy,咖啡因与提神,Product / Content
123073,taste,positive,"Do you love the taste of licorice? If so, this tea is for you.",B000CQBZOW,Tea,5,Taste,口感,Product / Sourcing
123073,price_value,positive,buying this online is about half the price of retail,B000CQBZOW,Tea,5,Price & value,价格与性价比,Pricing
230031,freshness_quality,negative,very poor quality in comparison to other green teas,B000WB1YSE,Tea,1,Freshness & quality,新鲜度与品质,Supply chain / QC
230031,taste,negative,It is flavorless and odorless,B000WB1YSE,Tea,1,Taste,口感,Product / Sourcing
230031,aroma,negative,flavorless and odorless,B000WB1YSE,Tea,1,Aroma,香气,Product / Sourcing
441937,taste,positive,The sweet tea actually tastes pretty good,B004E4HUMY,Tea,4,Taste,口感,Product / Sourcing
441937,health_wellness,positive,zero calories as well,B004E4HUMY,Tea,4,Health & wellness,健康功效,Marketing claims
441937,packaging,positive,The bottle is small and would easily fit in a pocket,B004E4HUMY,Tea,4,Packaging,包装,Packaging
37251,taste,positive,Loved this tea.,B003CK2BQG,Tea,5,Taste,口感,Product / Sourcing
37251,brewing_convenience,neutral,make sure you brew it long enough,B003CK2BQG,Tea,5,Brewing & convenience,冲泡与便利,Product / Content
222470,taste,neutral,only taste I was getting was peach,B004E4CCSQ,Tea,4,Taste,口感,Product / Sourcing
222470,price_value,positive,"The unit price is pretty good, at around five bucks.",B004E4CCSQ,Tea,4,Price & value,价格与性价比,Pricing
230101,taste,positive,"The taste is grassy, comparable to Hagen-Daz green tea ice cream",B000WB1YSE,Tea,5,Taste,口感,Product / Sourcing
230101,freshness_quality,positive,plenty of Maccha powder in the package,B000WB1YSE,Tea,5,Freshness & quality,新鲜度与品质,Supply chain / QC
230101,brewing_convenience,positive,It only takes 30 seconds to set,B000WB1YSE,Tea,5,Brewing & convenience,冲泡与便利,Product / Content
33897,taste,positive,I like the chamomile taste,B00412W76S,Tea,5,Taste,口感,Product / Sourcing
33897,health_wellness,positive,Especially when I have a cough and/or cold I brew some,B00412W76S,Tea,5,Health & wellness,健康功效,Marketing claims
33897,freshness_quality,positive,not other ingredients in it but the chamomile,B00412W76S,Tea,5,Freshness & quality,新鲜度与品质,Supply chain / QC
458514,packaging,negative,bamboo chest it came in was damaged and had scratches,B000FFIL92,Tea,4,Packaging,包装,Packaging
62079,taste,positive,Peach Black Tea is simply the best.,B000CQG8K8,Tea,5,Taste,口感,Product / Sourcing
62079,freshness_quality,positive,Stash makes quality teas all the time,B000CQG8K8,Tea,5,Freshness & quality,新鲜度与品质,Supply chain / QC
62079,brewing_convenience,positive,It makes a heavenly iced tea.,B000CQG8K8,Tea,5,Brewing & convenience,冲泡与便利,Product / Content
458622,packaging,positive,The package is very nice for gift giving,B000FFIL92,Tea,5,Packaging,包装,Packaging
458622,price_value,negative,did not get $10 discount offer,B000FFIL92,Tea,5,Price & value,价格与性价比,Pricing
458622,listing_accuracy,neutral,larger than I expected,B000FFIL92,Tea,5,Listing accuracy,描述相符,Listing / Content
458676,freshness_quality,negative,flowering tea DOES NOT FLOWER!,B000FFIL92,Tea,1,Freshness & quality,新鲜度与品质,Supply chain / QC
458676,price_value,negative,This was a waist of $,B000FFIL92,Tea,1,Price & value,价格与性价比,Pricing
145808,price_value,positive,For the price you can't go wrong.,B003D4F1QS,Tea,3,Price & value,价格与性价比,Pricing
145808,freshness_quality,positive,excellent quality.,B003D4F1QS,Tea,3,Freshness & quality,新鲜度与品质,Supply chain / QC
145808,caffeine_energy,negative,"claims to be caffeine free, but it sure kept me up all night",B003D4F1QS,Tea,3,Caffeine & energy,咖啡因与提神,Product / Content
123185,taste,positive,Very nice product.,B000CQBZOW,Tea,4,Taste,口感,Product / Sourcing
123185,freshness_quality,positive,It was fresh and in date,B000CQBZOW,Tea,4,Freshness & quality,新鲜度与品质,Supply chain / QC
123185,delivery,positive,shipped quickly.,B000CQBZOW,Tea,4,Delivery,物流,Logistics
521482,taste,positive,"good berry flavor, the vanilla isn't that strong",B007JFXWRC,Tea,4,Taste,口感,Product / Sourcing
521482,freshness_quality,positive,It has bits of real fruit,B007JFXWRC,Tea,4,Freshness & quality,新鲜度与品质,Supply chain / QC
521482,brewing_convenience,positive,The bags are triangle shaped... don't tear if left in the mug,B007JFXWRC,Tea,4,Brewing & convenience,冲泡与便利,Product / Content
458615,taste,positive,each are DELICIOUS (very floral and light,B000FFIL92,Tea,5,Taste,口感,Product / Sourcing
458615,packaging,positive,The box is gorgeous and the item was well packaged,B000FFIL92,Tea,5,Packaging,包装,Packaging
458615,price_value,positive,cheaper than on numi.com,B000FFIL92,Tea,5,Price & value,价格与性价比,Pricing
37324,taste,positive,"mild enough, and tasty enough",B003CK2BQG,Tea,5,Taste,口感,Product / Sourcing
37324,health_wellness,positive,result in 4 to 8 lbs of weight loss,B003CK2BQG,Tea,5,Health & wellness,健康功效,Marketing claims
70135,health_wellness,negative,"sweeteners are sucralose, maltodextrin, and isomalt",B007I7Z3Z0,Tea,1,Health & wellness,健康功效,Marketing claims
70135,listing_accuracy,negative,These ingredients are not disclosed in the description,B007I7Z3Z0,Tea,1,Listing accuracy,描述相符,Listing / Content
441967,taste,positive,sweet tea flavor is very tasty and refreshing,B004E4HUMY,Tea,4,Taste,口感,Product / Sourcing
441967,health_wellness,positive,without any added sugar or calories,B004E4HUMY,Tea,4,Health & wellness,健康功效,Marketing claims
441967,brewing_convenience,positive,very conveniently packaged for use away from home,B004E4HUMY,Tea,4,Brewing & convenience,冲泡与便利,Product / Content
43898,taste,positive,Powerfully flavorful... smooth and rich,B001EQ5JLE,Tea,5,Taste,口感,Product / Sourcing
43898,caffeine_energy,positive,look for a 'pick-me-up.',B001EQ5JLE,Tea,5,Caffeine & energy,咖啡因与提神,Product / Content
70235,taste,positive,"mango stands out. Either way, it tastes delicious.",B007I7Z3Z0,Tea,5,Taste,口感,Product / Sourcing
70235,brewing_convenience,positive,"Packets are scored, so they're easy to open",B007I7Z3Z0,Tea,5,Brewing & convenience,冲泡与便利,Product / Content
70235,health_wellness,positive,Calories 5. Zero Fat. Zero Sodium.,B007I7Z3Z0,Tea,5,Health & wellness,健康功效,Marketing claims
70235,caffeine_energy,positive,10mg caffeine per 8 fl oz serving,B007I7Z3Z0,Tea,5,Caffeine & energy,咖啡因与提神,Product / Content
521374,taste,positive,Very nice blackberry tea,B007JFXWRC,Tea,5,Taste,口感,Product / Sourcing
521374,caffeine_energy,positive,without caffeine. The lack of caffeine allows a cup in the evening,B007JFXWRC,Tea,5,Caffeine & energy,咖啡因与提神,Product / Content
521374,health_wellness,positive,without interfering with sleep,B007JFXWRC,Tea,5,Health & wellness,健康功效,Marketing claims
43741,price_value,positive,The price is much better than the local supermarket,B001EQ5JLE,Tea,5,Price & value,价格与性价比,Pricing
43741,delivery,positive,by buying enough the shipping is free,B001EQ5JLE,Tea,5,Delivery,物流,Logistics
123193,taste,positive,reminds me of the quality of home made chimmile tea,B000CQBZOW,Tea,5,Taste,口感,Product / Sourcing
123193,freshness_quality,positive,quality of home made chimmile tea,B000CQBZOW,Tea,5,Freshness & quality,新鲜度与品质,Supply chain / QC
538378,taste,negative,"tastes very, very weak with no depth of flavor",B0061IUIDY,Tea,2,Taste,口感,Product / Sourcing
538378,packaging,positive,each bag is sealed in an airtight packet,B0061IUIDY,Tea,2,Packaging,包装,Packaging
43822,taste,positive,Good smooth flavor,B001EQ5JLE,Tea,5,Taste,口感,Product / Sourcing
538303,taste,positive,This tea was so sweet,B0061IUIDY,Tea,5,Taste,口感,Product / Sourcing
538303,brewing_convenience,positive,only brewed it for two minutes and it was perfect,B0061IUIDY,Tea,5,Brewing & convenience,冲泡与便利,Product / Content
181912,taste,neutral,the flavor wasn't too bad,B0009F3POY,Tea,3,Taste,口感,Product / Sourcing
181912,health_wellness,negative,"This did nothing for me, as far as I could tell",B0009F3POY,Tea,3,Health & wellness,健康功效,Marketing claims
37309,taste,positive,The cinnamon is fairly dominant but counterbalanced quite well,B003CK2BQG,Tea,3,Taste,口感,Product / Sourcing
37309,price_value,neutral,After I use up these six boxes I do not know if I will purchase anymore,B003CK2BQG,Tea,3,Price & value,价格与性价比,Pricing
136083,taste,negative,It was bitter and left a horrible aftertaste,B005SPQENY,Tea,2,Taste,口感,Product / Sourcing
37209,taste,negative,taste like plastic and chemicals,B003CK2BQG,Tea,1,Taste,口感,Product / Sourcing
37209,freshness_quality,negative,maybe it's my box: perhaps it was mishandled,B003CK2BQG,Tea,1,Freshness & quality,新鲜度与品质,Supply chain / QC
458679,packaging,negative,the bamboo box was filthy - the sides and bottom were coated in dried mud,B000FFIL92,Tea,1,Packaging,包装,Packaging
458679,price_value,negative,What a waste of money,B000FFIL92,Tea,1,Price & value,价格与性价比,Pricing
458679,delivery,negative,this gift cannot be returned,B000FFIL92,Tea,1,Delivery,物流,Logistics
538257,taste,neutral,"an unassuming, mild tea, full-flavored, but not robust",B0061IUIDY,Tea,4,Taste,口感,Product / Sourcing
538257,aroma,positive,pleasing scent of spices on opening the packet,B0061IUIDY,Tea,4,Aroma,香气,Product / Sourcing
538257,packaging,neutral,packaged in Canada,B0061IUIDY,Tea,4,Packaging,包装,Packaging
538257,brewing_convenience,neutral,needs a long steeping,B0061IUIDY,Tea,4,Brewing & convenience,冲泡与便利,Product / Content
230046,taste,negative,tastes like lawn clippings,B000WB1YSE,Tea,1,Taste,口感,Product / Sourcing
441890,taste,negative,"strongest flavor is probably lemon, followed by a chemical ""artificial sweetener"" aftertaste",B004E4HUMY,Tea,3,Taste,口感,Product / Sourcing
441890,health_wellness,neutral,sugar free drink as sweet as sweet tea,B004E4HUMY,Tea,3,Health & wellness,健康功效,Marketing claims
70158,taste,positive,decent flavor,B007I7Z3Z0,Tea,4,Taste,口感,Product / Sourcing
70158,brewing_convenience,positive,quick and easy to mix up in your water bottle,B007I7Z3Z0,Tea,4,Brewing & convenience,冲泡与便利,Product / Content
70158,health_wellness,positive,adding hardly any caloric load,B007I7Z3Z0,Tea,4,Health & wellness,健康功效,Marketing claims
538415,taste,positive,Delcate and mild,B0061IUIDY,Tea,4,Taste,口感,Product / Sourcing
538415,price_value,neutral,would make it not as good of a deal,B0061IUIDY,Tea,4,Price & value,价格与性价比,Pricing
538415,brewing_convenience,positive,especially when iced. I didnt feel the need to do two bags,B0061IUIDY,Tea,4,Brewing & convenience,冲泡与便利,Product / Content
182017,health_wellness,positive,an easy option to increase your milk supply,B0009F3POY,Tea,4,Health & wellness,健康功效,Marketing claims
182017,taste,neutral,It has a anise or licorice taste,B0009F3POY,Tea,4,Taste,口感,Product / Sourcing
182017,brewing_convenience,positive,brew a couple tea bags in a mug & let it sit,B0009F3POY,Tea,4,Brewing & convenience,冲泡与便利,Product / Content
182017,price_value,positive,Amazon also seems to have the best price,B0009F3POY,Tea,4,Price & value,价格与性价比,Pricing
441858,price_value,positive,"Price is good, not anymore expensive",B004E4HUMY,Tea,5,Price & value,价格与性价比,Pricing
441858,health_wellness,positive,Save $ and calories,B004E4HUMY,Tea,5,Health & wellness,健康功效,Marketing claims
37325,taste,positive,rich and well-rounded flavor,B003CK2BQG,Tea,5,Taste,口感,Product / Sourcing
37325,price_value,positive,price is quite reasonable... especially if you use Amazon's Subscribe & Save,B003CK2BQG,Tea,5,Price & value,价格与性价比,Pricing
37325,brewing_convenience,positive,well-suited to both hot and iced brewing,B003CK2BQG,Tea,5,Brewing & convenience,冲泡与便利,Product / Content
458586,packaging,positive,The box makes this worth the money,B000FFIL92,Tea,4,Packaging,包装,Packaging
458586,taste,neutral,The tea is ok,B000FFIL92,Tea,4,Taste,口感,Product / Sourcing
458586,price_value,positive,worth the money,B000FFIL92,Tea,4,Price & value,价格与性价比,Pricing
70229,taste,negative,tastes like a drink mix--too sweet and not very much like tea,B007I7Z3Z0,Tea,2,Taste,口感,Product / Sourcing
70229,caffeine_energy,neutral,decaf,B007I7Z3Z0,Tea,2,Caffeine & energy,咖啡因与提神,Product / Content
70229,health_wellness,negative,"Lots of artificial sweeteners, no real honey... Not healthy",B007I7Z3Z0,Tea,2,Health & wellness,健康功效,Marketing claims
37214,health_wellness,positive,"I drink this tea in the evenings, and enjoy it",B003CK2BQG,Tea,3,Health & wellness,健康功效,Marketing claims
37214,freshness_quality,negative,I do think it's a bit stale,B003CK2BQG,Tea,3,Freshness & quality,新鲜度与品质,Supply chain / QC
37214,taste,negative,the flavor could be stronger,B003CK2BQG,Tea,3,Taste,口感,Product / Sourcing
521475,taste,positive,"Unique, tart, clean and clear berry taste.",B007JFXWRC,Tea,3,Taste,口感,Product / Sourcing
521475,brewing_convenience,positive,wonderfu to use in recipies,B007JFXWRC,Tea,3,Brewing & convenience,冲泡与便利,Product / Content
43846,price_value,positive,very satisfied with the price,B001EQ5JLE,Tea,5,Price & value,价格与性价比,Pricing
43846,delivery,positive,speed of delivery,B001EQ5JLE,Tea,5,Delivery,物流,Logistics
43846,freshness_quality,positive,quality of the product,B001EQ5JLE,Tea,5,Freshness & quality,新鲜度与品质,Supply chain / QC
43846,taste,positive,very consistant served both hot and cold,B001EQ5JLE,Tea,5,Taste,口感,Product / Sourcing
538361,taste,negative,Tepid taste,B0061IUIDY,Tea,2,Taste,口感,Product / Sourcing
538361,packaging,positive,nicely packaged,B0061IUIDY,Tea,2,Packaging,包装,Packaging
538361,brewing_convenience,positive,Individuality bagged tea can deliver the taste,B0061IUIDY,Tea,2,Brewing & convenience,冲泡与便利,Product / Content
123110,taste,positive,clove and licorice flavors are wonderful,B000CQBZOW,Tea,5,Taste,口感,Product / Sourcing
123110,health_wellness,positive,very soothing,B000CQBZOW,Tea,5,Health & wellness,健康功效,Marketing claims
123110,delivery,positive,Amazon came to my rescue,B000CQBZOW,Tea,5,Delivery,物流,Logistics
70191,taste,positive,delicious... and strawberry-flavored!,B007I7Z3Z0,Tea,5,Taste,口感,Product / Sourcing
70191,health_wellness,positive,"Low calorie (5), low carb (1g)",B007I7Z3Z0,Tea,5,Health & wellness,健康功效,Marketing claims
70191,brewing_convenience,positive,Strawberry Acai iced tea will do fine,B007I7Z3Z0,Tea,5,Brewing & convenience,冲泡与便利,Product / Content
136073,freshness_quality,negative,solid chunks in the drink,B005SPQENY,Tea,2,Freshness & quality,新鲜度与品质,Supply chain / QC
136073,aroma,positive,Smell - floral and citrus - smells really good.,B005SPQENY,Tea,2,Aroma,香气,Product / Sourcing
136073,taste,negative,Leaves a lingering bitterness/tartness after drinking.,B005SPQENY,Tea,2,Taste,口感,Product / Sourcing
136073,health_wellness,negative,amount of sugar within,B005SPQENY,Tea,2,Health & wellness,健康功效,Marketing claims
37303,taste,positive,I LOVE this tea.,B003CK2BQG,Tea,5,Taste,口感,Product / Sourcing
37303,freshness_quality,positive,It must be pure green tea,B003CK2BQG,Tea,5,Freshness & quality,新鲜度与品质,Supply chain / QC
43792,price_value,positive,secured this low price by putting it on auto ship,B001EQ5JLE,Tea,5,Price & value,价格与性价比,Pricing
43792,taste,positive,most robust tea you will find,B001EQ5JLE,Tea,5,Taste,口感,Product / Sourcing
43792,brewing_convenience,positive,"great hot, and it is superb as iced tea",B001EQ5JLE,Tea,5,Brewing & convenience,冲泡与便利,Product / Content
521355,packaging,positive,Notice the triangular shape,B007JFXWRC,Tea,5,Packaging,包装,Packaging
521355,aroma,positive,aroma of this tea while steeping is like a warm oven,B007JFXWRC,Tea,5,Aroma,香气,Product / Sourcing
521355,taste,positive,sweet taste of the blackberry and vanilla,B007JFXWRC,Tea,5,Taste,口感,Product / Sourcing
521355,health_wellness,positive,don't want the calories of an actual dessert!,B007JFXWRC,Tea,5,Health & wellness,健康功效,Marketing claims
229989,taste,positive,loved it,B000WB1YSE,Tea,5,Taste,口感,Product / Sourcing
222472,taste,negative,tasting like chlorinated pool water,B004E4CCSQ,Tea,1,Taste,口感,Product / Sourcing
222472,aroma,negative,smelling ... like chlorinated pool water,B004E4CCSQ,Tea,1,Aroma,香气,Product / Sourcing
181943,taste,neutral,the taste is not so great at first,B0009F3POY,Tea,4,Taste,口感,Product / Sourcing
181943,health_wellness,positive,my milk supply has increased,B0009F3POY,Tea,4,Health & wellness,健康功效,Marketing claims
70226,taste,negative,"tastes heavy on the pineapple; in fact, I don't notice any mango or tea flavors at all",B007I7Z3Z0,Tea,2,Taste,口感,Product / Sourcing
62012,taste,positive,flavor of Bergamot ... only enhances the flavor,B000CQG8K8,Tea,5,Taste,口感,Product / Sourcing
62072,taste,negative,the tea tasted very bitter,B000CQG8K8,Tea,1,Taste,口感,Product / Sourcing
135939,taste,neutral,The flavor of this product is okay,B005SPQENY,Tea,3,Taste,口感,Product / Sourcing
33957,delivery,negative,still have not received this product,B00412W76S,Tea,1,Delivery,物流,Logistics
136053,taste,positive,I found the taste to be pleasant,B005SPQENY,Tea,3,Taste,口感,Product / Sourcing
136053,freshness_quality,neutral,small bits of aloe vera pulp floating,B005SPQENY,Tea,3,Freshness & quality,新鲜度与品质,Supply chain / QC
136053,health_wellness,negative,contained 19 grams of sugar,B005SPQENY,Tea,3,Health & wellness,健康功效,Marketing claims
145826,taste,positive,I love this flavor of tea,B003D4F1QS,Tea,5,Taste,口感,Product / Sourcing
145826,packaging,neutral,100 individually wrapped tea bags loose in it,B003D4F1QS,Tea,5,Packaging,包装,Packaging
70015,taste,neutral,The flavor is not bad ... still a little too sweet,B007I7Z3Z0,Tea,3,Taste,口感,Product / Sourcing
441807,taste,positive,This stuff is great!,B004E4HUMY,Tea,5,Taste,口感,Product / Sourcing
538381,taste,positive,splendid burst of bergamot coupled with a rich blend,B0061IUIDY,Tea,4,Taste,口感,Product / Sourcing
538381,freshness_quality,positive,They are using real tea leaves,B0061IUIDY,Tea,4,Freshness & quality,新鲜度与品质,Supply chain / QC
538384,aroma,positive,wonderfully spcy chai aroma,B0061IUIDY,Tea,5,Aroma,香气,Product / Sourcing
538384,taste,positive,No bitterness but the aroma and flavor is just as rich,B0061IUIDY,Tea,5,Taste,口感,Product / Sourcing
538384,brewing_convenience,positive,no matter how long you steep you just can't go wrong,B0061IUIDY,Tea,5,Brewing & convenience,冲泡与便利,Product / Content
43809,price_value,positive,reasonably priced site,B001EQ5JLE,Tea,5,Price & value,价格与性价比,Pricing
43809,delivery,positive,Arrived very quickly,B001EQ5JLE,Tea,5,Delivery,物流,Logistics
43809,freshness_quality,positive,appears to be very fresh tea,B001EQ5JLE,Tea,5,Freshness & quality,新鲜度与品质,Supply chain / QC
43809,taste,positive,The tea is very gentle,B001EQ5JLE,Tea,5,Taste,口感,Product / Sourcing
43809,caffeine_energy,positive,offers a nice pick me up in the morning,B001EQ5JLE,Tea,5,Caffeine & energy,咖啡因与提神,Product / Content
538256,taste,positive,Richly flavorful with no odd aftertaste,B0061IUIDY,Tea,4,Taste,口感,Product / Sourcing
43896,taste,positive,make a good strong brew and a good cup,B001EQ5JLE,Tea,5,Taste,口感,Product / Sourcing
43896,brewing_convenience,positive,t-bags with string on then these will make you happy,B001EQ5JLE,Tea,5,Brewing & convenience,冲泡与便利,Product / Content
181830,health_wellness,positive,able to produce enough milk for our baby,B0009F3POY,Tea,5,Health & wellness,健康功效,Marketing claims
135996,packaging,positive,The packaging is pretty neat,B005SPQENY,Tea,2,Packaging,包装,Packaging
135996,taste,negative,remove the chunks of fruit!,B005SPQENY,Tea,2,Taste,口感,Product / Sourcing
181954,health_wellness,negative,"fennugreek, which acts like a natural anticoagulant",B0009F3POY,Tea,1,Health & wellness,健康功效,Marketing claims
34042,taste,positive,"mild, pleasant flavor",B00412W76S,Tea,5,Taste,口感,Product / Sourcing
34042,delivery,positive,boxes I ordered arrived promptly,B00412W76S,Tea,5,Delivery,物流,Logistics
70084,taste,positive,"The tea itself is fairly sweet, but still nice and tart",B007I7Z3Z0,Tea,4,Taste,口感,Product / Sourcing
70084,brewing_convenience,positive,takes some time to dissolve... easy to mix,B007I7Z3Z0,Tea,4,Brewing & convenience,冲泡与便利,Product / Content
70084,health_wellness,positive,20 mg of caffeine per pouch as well and 10 calories,B007I7Z3Z0,Tea,4,Health & wellness,健康功效,Marketing claims
70084,caffeine_energy,positive,There is about 20 mg of caffeine per pouch,B007I7Z3Z0,Tea,4,Caffeine & energy,咖啡因与提神,Product / Content
135930,taste,negative,oddly medicinal... strange astringent aftertaste,B005SPQENY,Tea,1,Taste,口感,Product / Sourcing
135930,freshness_quality,negative,lots of little pulpy bits... texture was also unpalatable,B005SPQENY,Tea,1,Freshness & quality,新鲜度与品质,Supply chain / QC
135930,health_wellness,negative,game played with the nutritional label,B005SPQENY,Tea,1,Health & wellness,健康功效,Marketing claims
458630,packaging,positive,came in a bamboo box that is lovely,B000FFIL92,Tea,5,Packaging,包装,Packaging
458630,taste,positive,tea blossoms that came with it,B000FFIL92,Tea,5,Taste,口感,Product / Sourcing
458690,price_value,positive,Amazon has this gift set at a very low price,B000FFIL92,Tea,5,Price & value,价格与性价比,Pricing
458690,taste,positive,Very lovely teas and it's great to watch them unfold,B000FFIL92,Tea,5,Taste,口感,Product / Sourcing
43831,freshness_quality,positive,"Always consistent, superior water flow through bags",B001EQ5JLE,Tea,5,Freshness & quality,新鲜度与品质,Supply chain / QC
43831,taste,positive,great black or with milk and sugar,B001EQ5JLE,Tea,5,Taste,口感,Product / Sourcing
43831,brewing_convenience,positive,fantastic iced tea on hot summer days,B001EQ5JLE,Tea,5,Brewing & convenience,冲泡与便利,Product / Content
222377,taste,neutral,"aside from being too sweet, I liked the Peach Mango",B004E4CCSQ,Tea,2,Taste,口感,Product / Sourcing
181898,health_wellness,neutral,didn't work on me,B0009F3POY,Tea,3,Health & wellness,健康功效,Marketing claims
70050,taste,positive,pleasant diversion... fruity drink perfect for a tall glass,B007I7Z3Z0,Tea,4,Taste,口感,Product / Sourcing
70050,brewing_convenience,negative,to-go pack took me a while to figure out how to open,B007I7Z3Z0,Tea,4,Brewing & convenience,冲泡与便利,Product / Content
181975,health_wellness,positive,still breastfeeding with this wonderful help,B0009F3POY,Tea,5,Health & wellness,健康功效,Marketing claims
181975,taste,positive,"Also, it taste good...",B0009F3POY,Tea,5,Taste,口感,Product / Sourcing
181813,health_wellness,positive,soley breastfeeding mom... noticed the difference,B0009F3POY,Tea,5,Health & wellness,健康功效,Marketing claims
181813,price_value,positive,suggest buying the biggest pack you can,B0009F3POY,Tea,5,Price & value,价格与性价比,Pricing
123084,taste,positive,Raspberry Tea is the BEST... tea does not disappoint,B000CQBZOW,Tea,5,Taste,口感,Product / Sourcing
222335,taste,positive,Fortunately it tastes great! and tere are a number of flavors available,B004E4CCSQ,Tea,5,Taste,口感,Product / Sourcing
222335,health_wellness,positive,zero calorie peach tea,B004E4CCSQ,Tea,5,Health & wellness,健康功效,Marketing claims
222335,brewing_convenience,positive,don't need to forcefully stir anything,B004E4CCSQ,Tea,5,Brewing & convenience,冲泡与便利,Product / Content
62035,taste,negative,spices are incorrectly proportioned and some flavors... are too strong,B000CQG8K8,Tea,1,Taste,口感,Product / Sourcing
230039,taste,negative,found this tea too bitter and strong,B000WB1YSE,Tea,2,Taste,口感,Product / Sourcing
441872,packaging,negative,no drops. I had to squeeze... with a kung fu grip,B004E4HUMY,Tea,1,Packaging,包装,Packaging
441872,taste,negative,"flavor was seriously watered down, like a super weak glass",B004E4HUMY,Tea,1,Taste,口感,Product / Sourcing
43923,taste,positive,"Good flavor, no strings.",B001EQ5JLE,Tea,5,Taste,口感,Product / Sourcing
43923,price_value,positive,"have a ""subscription"" now. It's perfect!",B001EQ5JLE,Tea,5,Price & value,价格与性价比,Pricing
43923,delivery,positive,"comes to my door, when I want it",B001EQ5JLE,Tea,5,Delivery,物流,Logistics
70087,taste,neutral,"pleasant tasting, although they don't really taste at all like tea",B007I7Z3Z0,Tea,3,Taste,口感,Product / Sourcing
70087,health_wellness,neutral,"low calorie, caffeine free",B007I7Z3Z0,Tea,3,Health & wellness,健康功效,Marketing claims
33959,taste,neutral,Not a bad taste,B00412W76S,Tea,2,Taste,口感,Product / Sourcing
33959,health_wellness,neutral,got pregnant - can not drink during pregnancy,B00412W76S,Tea,2,Health & wellness,健康功效,Marketing claims
34030,delivery,positive,came in a timely fashion,B00412W76S,Tea,5,Delivery,物流,Logistics
34030,price_value,positive,good price for the quantity I received,B00412W76S,Tea,5,Price & value,价格与性价比,Pricing
34030,health_wellness,positive,good for occasional constipation,B00412W76S,Tea,5,Health & wellness,健康功效,Marketing claims
181953,taste,positive,This tea tastes good,B0009F3POY,Tea,3,Taste,口感,Product / Sourcing
181953,health_wellness,negative,made my baby's belly ache bad,B0009F3POY,Tea,3,Health & wellness,健康功效,Marketing claims
458611,price_value,positive,low price,B000FFIL92,Tea,4,Price & value,价格与性价比,Pricing
37347,taste,positive,jasmine tea fix,B003CK2BQG,Tea,4,Taste,口感,Product / Sourcing
37347,aroma,positive,scent of jasmine blossoms comes through,B003CK2BQG,Tea,4,Aroma,香气,Product / Sourcing
37347,health_wellness,positive,antioxidants,B003CK2BQG,Tea,4,Health & wellness,健康功效,Marketing claims
37347,caffeine_energy,positive,caffeine kick was light,B003CK2BQG,Tea,4,Caffeine & energy,咖啡因与提神,Product / Content
34000,health_wellness,positive,helped increase my milk supply,B00412W76S,Tea,5,Health & wellness,健康功效,Marketing claims
34000,taste,neutral,tasted a little funny at first,B00412W76S,Tea,5,Taste,口感,Product / Sourcing
34000,price_value,positive,price on Amazon is unbeatable,B00412W76S,Tea,5,Price & value,价格与性价比,Pricing
123119,taste,positive,best red rooibos tea,B000CQBZOW,Tea,5,Taste,口感,Product / Sourcing
123210,health_wellness,positive,relieve all the built-up stress,B000CQBZOW,Tea,4,Health & wellness,健康功效,Marketing claims
181923,health_wellness,positive,Tea helps with breastfeeding,B0009F3POY,Tea,5,Health & wellness,健康功效,Marketing claims
181923,delivery,positive,"Package arrived fast, no issues",B0009F3POY,Tea,5,Delivery,物流,Logistics
43865,taste,positive,morning wake me up,B001EQ5JLE,Tea,5,Taste,口感,Product / Sourcing
43865,brewing_convenience,positive,makes a wonderful ice tea also,B001EQ5JLE,Tea,5,Brewing & convenience,冲泡与便利,Product / Content
43865,price_value,positive,half the price as my last purchase,B001EQ5JLE,Tea,5,Price & value,价格与性价比,Pricing
70239,taste,negative,very little tea taste,B007I7Z3Z0,Tea,1,Taste,口感,Product / Sourcing
70239,listing_accuracy,negative,false advertising if you claim a product is all natural,B007I7Z3Z0,Tea,1,Listing accuracy,描述相符,Listing / Content
70239,health_wellness,negative,does contain sucralose which is NOT natural,B007I7Z3Z0,Tea,1,Health & wellness,健康功效,Marketing claims
34043,taste,neutral,hint of sweetness with a very slight medicinal bitterness,B00412W76S,Tea,3,Taste,口感,Product / Sourcing
34043,aroma,neutral,"doesn't have a strong, captivating aroma",B00412W76S,Tea,3,Aroma,香气,Product / Sourcing
135959,taste,negative,The taste wasn't horrible,B005SPQENY,Tea,2,Taste,口感,Product / Sourcing
135959,freshness_quality,negative,pieces of stuff floating around in it,B005SPQENY,Tea,2,Freshness & quality,新鲜度与品质,Supply chain / QC
135959,health_wellness,negative,gave me indigestion,B005SPQENY,Tea,2,Health & wellness,健康功效,Marketing claims
222266,packaging,positive,packaging of MIO is cool,B004E4CCSQ,Tea,2,Packaging,包装,Packaging
222266,aroma,negative,off putting smell... chlorinated pool water,B004E4CCSQ,Tea,2,Aroma,香气,Product / Sourcing
222266,taste,negative,mostly chemical in flavor,B004E4CCSQ,Tea,2,Taste,口感,Product / Sourcing
230042,aroma,positive,smell is quite nice right when you open up,B000WB1YSE,Tea,1,Aroma,香气,Product / Sourcing
230042,taste,negative,all the taste and aroma goes away,B000WB1YSE,Tea,1,Taste,口感,Product / Sourcing
230042,price_value,positive,Good thing it wasn't very expensive,B000WB1YSE,Tea,1,Price & value,价格与性价比,Pricing
43856,taste,neutral,couldn't tell much difference,B001EQ5JLE,Tea,3,Taste,口感,Product / Sourcing
145739,taste,positive,love Earl Grey Iced tea,B003D4F1QS,Tea,5,Taste,口感,Product / Sourcing
145739,delivery,positive,order in large quantities,B003D4F1QS,Tea,5,Delivery,物流,Logistics
181842,health_wellness,positive,helps her produce more breast milk,B0009F3POY,Tea,5,Health & wellness,健康功效,Marketing claims
33924,taste,positive,Delicious licorice-flavored tea,B00412W76S,Tea,5,Taste,口感,Product / Sourcing
70013,brewing_convenience,positive,easy to prepare and simple to carry,B007I7Z3Z0,Tea,4,Brewing & convenience,冲泡与便利,Product / Content
70013,taste,negative,sickeningly sweet,B007I7Z3Z0,Tea,4,Taste,口感,Product / Sourcing
222503,taste,positive,tastes real,B004E4CCSQ,Tea,4,Taste,口感,Product / Sourcing
222503,health_wellness,positive,without acidity or caffeine,B004E4CCSQ,Tea,4,Health & wellness,健康功效,Marketing claims
222503,caffeine_energy,positive,Non-Caffeinated,B004E4CCSQ,Tea,4,Caffeine & energy,咖啡因与提神,Product / Content
222339,health_wellness,positive,without empty calories,B004E4CCSQ,Tea,5,Health & wellness,健康功效,Marketing claims
33898,taste,positive,Nice and smooth,B00412W76S,Tea,5,Taste,口感,Product / Sourcing
222373,taste,negative,far too artificial and leaves a nasty after taste,B004E4CCSQ,Tea,1,Taste,口感,Product / Sourcing
222373,aroma,negative,The smell is a little off for peach - almsot chlorine like,B004E4CCSQ,Tea,1,Aroma,香气,Product / Sourcing
222373,price_value,negative,it seems very expensive,B004E4CCSQ,Tea,1,Price & value,价格与性价比,Pricing
181871,health_wellness,positive,keep my supply up during the week,B0009F3POY,Tea,5,Health & wellness,健康功效,Marketing claims
34033,taste,positive,It is delicious,B00412W76S,Tea,5,Taste,口感,Product / Sourcing
34033,delivery,positive,It came in a timely manner,B00412W76S,Tea,5,Delivery,物流,Logistics
230028,freshness_quality,negative,product was produced 2 years ago and expires in a little over 30 days,B000WB1YSE,Tea,2,Freshness & quality,新鲜度与品质,Supply chain / QC
521357,taste,positive,The tea does indeed taste great,B007JFXWRC,Tea,5,Taste,口感,Product / Sourcing
521357,listing_accuracy,negative,I feel the name is a bit misleading,B007JFXWRC,Tea,5,Listing accuracy,描述相符,Listing / Content
521357,health_wellness,negative,need to add in extra fillers and crap,B007JFXWRC,Tea,5,Health & wellness,健康功效,Marketing claims
222342,taste,negative,can't stand the Peach Tea flavor,B004E4CCSQ,Tea,5,Taste,口感,Product / Sourcing
70115,taste,negative,It taste just like Splenda,B007I7Z3Z0,Tea,2,Taste,口感,Product / Sourcing
70115,listing_accuracy,negative,This product is being falsely advertised as all natural,B007I7Z3Z0,Tea,2,Listing accuracy,描述相符,Listing / Content
458665,price_value,positive,great price of $12.50,B000FFIL92,Tea,4,Price & value,价格与性价比,Pricing
458665,taste,positive,tea was mild in flavor and tasty,B000FFIL92,Tea,4,Taste,口感,Product / Sourcing
458665,packaging,positive,The bamboo box will be useful for storage,B000FFIL92,Tea,4,Packaging,包装,Packaging
33906,taste,positive,This is a good tasting tea,B00412W76S,Tea,5,Taste,口感,Product / Sourcing
33906,price_value,positive,at a great price,B00412W76S,Tea,5,Price & value,价格与性价比,Pricing
123124,taste,positive,it tastes really good cold too,B000CQBZOW,Tea,5,Taste,口感,Product / Sourcing
123227,health_wellness,positive,The ginger helps with an upset stomach,B000CQBZOW,Tea,5,Health & wellness,健康功效,Marketing claims
135984,taste,neutral,"It's sweet, but not too sweet.",B005SPQENY,Tea,4,Taste,口感,Product / Sourcing
521418,taste,positive,sweet and tasty,B007JFXWRC,Tea,4,Taste,口感,Product / Sourcing
521418,packaging,positive,comes in little pyramid bags,B007JFXWRC,Tea,4,Packaging,包装,Packaging
521418,caffeine_energy,positive,It is caffeine free,B007JFXWRC,Tea,4,Caffeine & energy,咖啡因与提神,Product / Content
43844,freshness_quality,positive,excellent brand of tea bags,B001EQ5JLE,Tea,4,Freshness & quality,新鲜度与品质,Supply chain / QC
43844,aroma,positive,find the aroma very inviting,B001EQ5JLE,Tea,4,Aroma,香气,Product / Sourcing
43844,delivery,positive,shipping was prompt and without hassle,B001EQ5JLE,Tea,4,Delivery,物流,Logistics
62058,taste,negative,This tastes nothing like my two favorite chai teas,B000CQG8K8,Tea,2,Taste,口感,Product / Sourcing
441878,taste,negative,This was so foul- I actually threw it away,B004E4HUMY,Tea,1,Taste,口感,Product / Sourcing
441862,packaging,positive,"squirt nozzle is very accurate, and nothing gets dirty",B004E4HUMY,Tea,5,Packaging,包装,Packaging
441862,brewing_convenience,positive,concentrated squirt of drink mix neatly goes into your glass,B004E4HUMY,Tea,5,Brewing & convenience,冲泡与便利,Product / Content
62150,taste,positive,enjoy the taste and smell of the spices,B000CQG8K8,Tea,4,Taste,口感,Product / Sourcing
62150,aroma,positive,enjoy the taste and smell of the spices,B000CQG8K8,Tea,4,Aroma,香气,Product / Sourcing
538271,taste,positive,I like the pure flavor,B0061IUIDY,Tea,5,Taste,口感,Product / Sourcing
181921,taste,neutral,it tastes like tea,B0009F3POY,Tea,3,Taste,口感,Product / Sourcing
181921,health_wellness,neutral,Can't say for sure if it really increases milk production,B0009F3POY,Tea,3,Health & wellness,健康功效,Marketing claims
123234,taste,positive,"truly a good, natural tasting lemon",B000CQBZOW,Tea,5,Taste,口感,Product / Sourcing
145771,taste,negative,It tastes bitter and faintly berry sweet,B003D4F1QS,Tea,1,Taste,口感,Product / Sourcing
145771,health_wellness,neutral,it contains chamomile,B003D4F1QS,Tea,1,Health & wellness,健康功效,Marketing claims
135937,taste,positive,The taste is pleasant,B005SPQENY,Tea,3,Taste,口感,Product / Sourcing
135937,freshness_quality,neutral,really has a lot of pulp in it,B005SPQENY,Tea,3,Freshness & quality,新鲜度与品质,Supply chain / QC
123195,health_wellness,positive,helps us get rid of extra water,B000CQBZOW,Tea,5,Health & wellness,健康功效,Marketing claims
123195,price_value,positive,the price is better then in a supermarket,B000CQBZOW,Tea,5,Price & value,价格与性价比,Pricing
123195,freshness_quality,positive,maintains the most of the medicinal properties,B000CQBZOW,Tea,5,Freshness & quality,新鲜度与品质,Supply chain / QC
181934,health_wellness,negative,baby girl started having diarrhea. She also broke out in hives,B0009F3POY,Tea,1,Health & wellness,健康功效,Marketing claims
181934,caffeine_energy,neutral,None,B0009F3POY,Tea,1,Caffeine & energy,咖啡因与提神,Product / Content
37357,taste,neutral,grassy aftertaste... wasn't bitter,B003CK2BQG,Tea,3,Taste,口感,Product / Sourcing
37357,freshness_quality,positive,tastes somewhat clean and fresh,B003CK2BQG,Tea,3,Freshness & quality,新鲜度与品质,Supply chain / QC
37357,brewing_convenience,neutral,careful with water temp and how long I let it steep,B003CK2BQG,Tea,3,Brewing & convenience,冲泡与便利,Product / Content
37357,price_value,negative,like the much less expensive Salada better,B003CK2BQG,Tea,3,Price & value,价格与性价比,Pricing
123113,taste,positive,really like the flavor,B000CQBZOW,Tea,5,Taste,口感,Product / Sourcing
123113,health_wellness,positive,evening when I sit down to read and relax,B000CQBZOW,Tea,5,Health & wellness,健康功效,Marketing claims
135936,taste,positive,The flavor was good,B005SPQENY,Tea,1,Taste,口感,Product / Sourcing
135936,freshness_quality,negative,consistency was too weird. It was like it had lumps of mucous,B005SPQENY,Tea,1,Freshness & quality,新鲜度与品质,Supply chain / QC
37301,health_wellness,negative,It contained gluten!,B003CK2BQG,Tea,1,Health & wellness,健康功效,Marketing claims
538374,aroma,positive,fresh aroma of the tea leaves,B0061IUIDY,Tea,4,Aroma,香气,Product / Sourcing
538374,taste,positive,"strong, hearty taste",B0061IUIDY,Tea,4,Taste,口感,Product / Sourcing
538374,packaging,positive,The packaging is also good,B0061IUIDY,Tea,4,Packaging,包装,Packaging
538374,brewing_convenience,neutral,brewing the tea for about 4 minutes,B0061IUIDY,Tea,4,Brewing & convenience,冲泡与便利,Product / Content
230137,taste,positive,"It's mild, but not weak",B000WB1YSE,Tea,5,Taste,口感,Product / Sourcing
230137,price_value,positive,much more reasonably priced,B000WB1YSE,Tea,5,Price & value,价格与性价比,Pricing
230137,brewing_convenience,positive,great hot or cold,B000WB1YSE,Tea,5,Brewing & convenience,冲泡与便利,Product / Content
135958,taste,positive,passion fruit flavor is just right,B005SPQENY,Tea,5,Taste,口感,Product / Sourcing
135958,packaging,positive,"I like the bottle shape and design, too",B005SPQENY,Tea,5,Packaging,包装,Packaging
135958,health_wellness,neutral,need to cut back a bit on sugar,B005SPQENY,Tea,5,Health & wellness,健康功效,Marketing claims
458497,delivery,positive,arrived when promised,B000FFIL92,Tea,4,Delivery,物流,Logistics
181935,delivery,positive,product arrived promptly,B0009F3POY,Tea,4,Delivery,物流,Logistics
181935,listing_accuracy,positive,exactly as described,B0009F3POY,Tea,4,Listing accuracy,描述相符,Listing / Content
181935,health_wellness,neutral,Mother's Milk tea,B0009F3POY,Tea,4,Health & wellness,健康功效,Marketing claims
229997,delivery,positive,arrived promptly,B000WB1YSE,Tea,5,Delivery,物流,Logistics
229997,freshness_quality,positive,great quality,B000WB1YSE,Tea,5,Freshness & quality,新鲜度与品质,Supply chain / QC
136082,taste,neutral,overly sweet with a very pulpy and slimy texture,B005SPQENY,Tea,3,Taste,口感,Product / Sourcing
181926,health_wellness,positive,My supply had dropped. I use this and Fenugreek to keep my supply up.,B0009F3POY,Tea,5,Health & wellness,健康功效,Marketing claims
222293,taste,negative,tastes like artificial sweeteners... tastes like chemicals,B004E4CCSQ,Tea,1,Taste,口感,Product / Sourcing
222293,brewing_convenience,positive,easily flavor water where ever you are,B004E4CCSQ,Tea,1,Brewing & convenience,冲泡与便利,Product / Content
458648,taste,negative,completely tasteless. Just like drinking hot water,B000FFIL92,Tea,1,Taste,口感,Product / Sourcing
458648,freshness_quality,negative,Maybe the tea was old,B000FFIL92,Tea,1,Freshness & quality,新鲜度与品质,Supply chain / QC
458648,listing_accuracy,negative,Nothing like the picture,B000FFIL92,Tea,1,Listing accuracy,描述相符,Listing / Content
458648,price_value,negative,it wasn't even worth that,B000FFIL92,Tea,1,Price & value,价格与性价比,Pricing
458517,freshness_quality,positive,loved the unfolding flower,B000FFIL92,Tea,5,Freshness & quality,新鲜度与品质,Supply chain / QC
441820,taste,neutral,with a hint of flavor and artificial sweetener,B004E4HUMY,Tea,4,Taste,口感,Product / Sourcing
441820,brewing_convenience,positive,Handy bottle; one squeeze delivers enough flavoring,B004E4HUMY,Tea,4,Brewing & convenience,冲泡与便利,Product / Content
441820,caffeine_energy,neutral,No caffeine,B004E4HUMY,Tea,4,Caffeine & energy,咖啡因与提神,Product / Content
441820,health_wellness,neutral,No calories. *No fat.,B004E4HUMY,Tea,4,Health & wellness,健康功效,Marketing claims
441820,packaging,positive,I like the handy delivery system.,B004E4HUMY,Tea,4,Packaging,包装,Packaging
123171,taste,positive,This herbal tea is well balanced and pleasant,B000CQBZOW,Tea,4,Taste,口感,Product / Sourcing
123171,freshness_quality,positive,you can use the bag twice,B000CQBZOW,Tea,4,Freshness & quality,新鲜度与品质,Supply chain / QC
123171,brewing_convenience,positive,nice to steep this with black tea,B000CQBZOW,Tea,4,Brewing & convenience,冲泡与便利,Product / Content
441962,taste,negative,tastes like watered down tea,B004E4HUMY,Tea,3,Taste,口感,Product / Sourcing
441962,packaging,positive,bottle is small enough to fit in your pocket,B004E4HUMY,Tea,3,Packaging,包装,Packaging
441962,health_wellness,neutral,"zero calories, sugar, etc",B004E4HUMY,Tea,3,Health & wellness,健康功效,Marketing claims
441962,brewing_convenience,negative,does not drip out in small drops,B004E4HUMY,Tea,3,Brewing & convenience,冲泡与便利,Product / Content
123186,taste,positive,This is a great flavor!,B000CQBZOW,Tea,5,Taste,口感,Product / Sourcing
123186,brewing_convenience,positive,make your iced tea in the 'fridge or you can make sun tea,B000CQBZOW,Tea,5,Brewing & convenience,冲泡与便利,Product / Content
181996,taste,positive,I also like the taste.,B0009F3POY,Tea,4,Taste,口感,Product / Sourcing
181996,health_wellness,positive,noticable change in my production,B0009F3POY,Tea,4,Health & wellness,健康功效,Marketing claims
458745,packaging,neutral,The glass pot is a little small,B000FFIL92,Tea,5,Packaging,包装,Packaging
458626,price_value,positive,Awesome Gift for the Price,B000FFIL92,Tea,5,Price & value,价格与性价比,Pricing
458626,freshness_quality,positive,You get a bunch of flowering tea's,B000FFIL92,Tea,5,Freshness & quality,新鲜度与品质,Supply chain / QC
123192,taste,positive,really smooth and fresh,B000CQBZOW,Tea,5,Taste,口感,Product / Sourcing
123192,aroma,positive,floral and pleasant,B000CQBZOW,Tea,5,Aroma,香气,Product / Sourcing
123192,freshness_quality,positive,really smooth and fresh,B000CQBZOW,Tea,5,Freshness & quality,新鲜度与品质,Supply chain / QC
37300,taste,negative,"This tea is bitter, but thats not the real reason its so bad.",B003CK2BQG,Tea,1,Taste,口感,Product / Sourcing
145742,taste,positive,Nice peach tea flavor with no bitterness,B003D4F1QS,Tea,5,Taste,口感,Product / Sourcing
145742,caffeine_energy,positive,find a bit of a lift from the matcha,B003D4F1QS,Tea,5,Caffeine & energy,咖啡因与提神,Product / Content
70027,taste,negative,did NOT like the after taste left behind,B007I7Z3Z0,Tea,3,Taste,口感,Product / Sourcing
538438,taste,negative,very strong and bitter (almost soapy),B0061IUIDY,Tea,3,Taste,口感,Product / Sourcing
62041,taste,positive,it is amazing even without it,B000CQG8K8,Tea,5,Taste,口感,Product / Sourcing
230050,taste,positive,It is mildly slightly sweet and aromatic.,B000WB1YSE,Tea,5,Taste,口感,Product / Sourcing
230050,aroma,positive,aromatic,B000WB1YSE,Tea,5,Aroma,香气,Product / Sourcing
230050,packaging,positive,The nylon tea bag and individually sealed packages are great,B000WB1YSE,Tea,5,Packaging,包装,Packaging
441815,taste,negative,artificial sweetner used has a weird aftertaste,B004E4HUMY,Tea,2,Taste,口感,Product / Sourcing
441815,price_value,negative,price seemed to high,B004E4HUMY,Tea,2,Price & value,价格与性价比,Pricing
70105,taste,positive,there's no aftertaste,B007I7Z3Z0,Tea,4,Taste,口感,Product / Sourcing
70105,brewing_convenience,positive,small packages that you can take on the go,B007I7Z3Z0,Tea,4,Brewing & convenience,冲泡与便利,Product / Content
181831,taste,neutral,This stuff isn't the tastiest tea I've tried,B0009F3POY,Tea,4,Taste,口感,Product / Sourcing
181831,health_wellness,positive,does seem to boost my milk supply,B0009F3POY,Tea,4,Health & wellness,健康功效,Marketing claims
43928,taste,positive,has plenty of body,B001EQ5JLE,Tea,4,Taste,口感,Product / Sourcing
43928,price_value,positive,The price was not bad especially with free shipping.,B001EQ5JLE,Tea,4,Price & value,价格与性价比,Pricing
43928,delivery,positive,free shipping,B001EQ5JLE,Tea,4,Delivery,物流,Logistics
62070,taste,negative,"tastes just like menthol, camphor and eucalyptus oil",B000CQG8K8,Tea,1,Taste,口感,Product / Sourcing
62070,aroma,negative,"smells ... just like menthol, camphor and eucalyptus oil",B000CQG8K8,Tea,1,Aroma,香气,Product / Sourcing
62070,packaging,positive,packaging is easy on the eyes,B000CQG8K8,Tea,1,Packaging,包装,Packaging
441867,taste,negative,tasted like slightly sweet cold water,B004E4HUMY,Tea,1,Taste,口感,Product / Sourcing
181804,health_wellness,positive,helps to keep my baby pooping regularly,B0009F3POY,Tea,4,Health & wellness,健康功效,Marketing claims
70101,taste,positive,Nice taste as well,B007I7Z3Z0,Tea,4,Taste,口感,Product / Sourcing
70101,health_wellness,positive,Low calorie and tasty!,B007I7Z3Z0,Tea,4,Health & wellness,健康功效,Marketing claims
70101,price_value,positive,cost effective!,B007I7Z3Z0,Tea,4,Price & value,价格与性价比,Pricing
70101,brewing_convenience,positive,have the packets in my purse that I can ad to water,B007I7Z3Z0,Tea,4,Brewing & convenience,冲泡与便利,Product / Content
123133,taste,negative,this is NOT Black tea with Black currant - it is an HERBAL BLEND,B000CQBZOW,Tea,3,Taste,口感,Product / Sourcing
123133,listing_accuracy,negative,this is NOT Black tea with Black currant,B000CQBZOW,Tea,3,Listing accuracy,描述相符,Listing / Content
135947,taste,positive,works well with the green tea and passion fruit,B005SPQENY,Tea,3,Taste,口感,Product / Sourcing
135947,health_wellness,positive,first ingredient is water and there's no high fructose corn syrup,B005SPQENY,Tea,3,Health & wellness,健康功效,Marketing claims
135947,freshness_quality,negative,disconcerting floating chunks of a jelly-like substance,B005SPQENY,Tea,3,Freshness & quality,新鲜度与品质,Supply chain / QC
538239,taste,positive,This tea is delicious,B0061IUIDY,Tea,3,Taste,口感,Product / Sourcing
538239,aroma,positive,very aromatic experience,B0061IUIDY,Tea,3,Aroma,香气,Product / Sourcing
37265,taste,positive,strong flavor,B003CK2BQG,Tea,3,Taste,口感,Product / Sourcing
37265,listing_accuracy,negative,slightly disappointing since I was expecting something more exotic,B003CK2BQG,Tea,3,Listing accuracy,描述相符,Listing / Content
222404,taste,positive,tastes good,B004E4CCSQ,Tea,4,Taste,口感,Product / Sourcing
222404,brewing_convenience,positive,no mess like there can be when adding powder,B004E4CCSQ,Tea,4,Brewing & convenience,冲泡与便利,Product / Content
458565,freshness_quality,positive,most of them flower very nicely,B000FFIL92,Tea,4,Freshness & quality,新鲜度与品质,Supply chain / QC
458565,brewing_convenience,negative,size of the teapot (maybe 3 cups of tea),B000FFIL92,Tea,4,Brewing & convenience,冲泡与便利,Product / Content
538186,taste,positive,"rich, strong and soothing",B0061IUIDY,Tea,5,Taste,口感,Product / Sourcing
538186,freshness_quality,positive,Usual Higgins & Burke quality,B0061IUIDY,Tea,5,Freshness & quality,新鲜度与品质,Supply chain / QC
538186,packaging,positive,box and enclosed tea bags in individual envelopes are well done,B0061IUIDY,Tea,5,Packaging,包装,Packaging
37203,taste,positive,"smooth, refreshing taste",B003CK2BQG,Tea,5,Taste,口感,Product / Sourcing
136080,taste,positive,LOVE me some passion fruit,B005SPQENY,Tea,4,Taste,口感,Product / Sourcing
43737,taste,positive,love to have a strong cup of tea,B001EQ5JLE,Tea,5,Taste,口感,Product / Sourcing
43737,price_value,positive,Great deal from Amazon!,B001EQ5JLE,Tea,5,Price & value,价格与性价比,Pricing
230095,taste,positive,truly good green tea,B000WB1YSE,Tea,5,Taste,口感,Product / Sourcing
230095,price_value,positive,amount you get for the price isnt so bad either,B000WB1YSE,Tea,5,Price & value,价格与性价比,Pricing
230095,brewing_convenience,positive,teabags have a small hook on the end that fits perfectly on the rim,B000WB1YSE,Tea,5,Brewing & convenience,冲泡与便利,Product / Content
37370,taste,positive,this tea is just right!,B003CK2BQG,Tea,4,Taste,口感,Product / Sourcing
37370,price_value,positive,available at Target for $2.13 box,B003CK2BQG,Tea,4,Price & value,价格与性价比,Pricing
34028,taste,negative,tastes kinda mediciney,B00412W76S,Tea,4,Taste,口感,Product / Sourcing
34028,health_wellness,positive,definitely promotes a good night's sleep,B00412W76S,Tea,4,Health & wellness,健康功效,Marketing claims
181933,price_value,negative,Waste of money for the SAME PRODUCT!,B0009F3POY,Tea,1,Price & value,价格与性价比,Pricing
181933,delivery,negative,"there was only one box of tea, identitcal to what I normally spend $6 on!",B0009F3POY,Tea,1,Delivery,物流,Logistics
181933,listing_accuracy,negative,"saw ""pack of 6"" in the product description",B0009F3POY,Tea,1,Listing accuracy,描述相符,Listing / Content
182021,health_wellness,positive,producing more than enough,B0009F3POY,Tea,5,Health & wellness,健康功效,Marketing claims
136060,taste,positive,has an amazing flavor,B005SPQENY,Tea,5,Taste,口感,Product / Sourcing
136060,freshness_quality,positive,has real aloe vera pulp,B005SPQENY,Tea,5,Freshness & quality,新鲜度与品质,Supply chain / QC
136060,health_wellness,positive,you really start feeling healthier after a short period,B005SPQENY,Tea,5,Health & wellness,健康功效,Marketing claims
145487,taste,positive,GREAT tasting tea,B003D4F1QS,Tea,5,Taste,口感,Product / Sourcing
145487,price_value,positive,GREAT price for such a large quantity,B003D4F1QS,Tea,5,Price & value,价格与性价比,Pricing
230084,taste,positive,truly enjoy it,B000WB1YSE,Tea,5,Taste,口感,Product / Sourcing
230084,health_wellness,positive,has more health benefits than Chinese green tea,B000WB1YSE,Tea,5,Health & wellness,健康功效,Marketing claims
222327,taste,positive,loving it. There is just something about a liquid enhancer,B004E4CCSQ,Tea,5,Taste,口感,Product / Sourcing
458532,taste,positive,The teas are all beautiful and flavorfull.,B000FFIL92,Tea,4,Taste,口感,Product / Sourcing
145531,delivery,negative,Counted the # of tea bags on a whim... Only 90.,B003D4F1QS,Tea,5,Delivery,物流,Logistics
37337,taste,positive,full flavored tea,B003CK2BQG,Tea,4,Taste,口感,Product / Sourcing
181928,taste,negative,has a bitter taste.,B0009F3POY,Tea,1,Taste,口感,Product / Sourcing
181928,health_wellness,negative,did not see that this product hepled me in increasing my milk supply,B0009F3POY,Tea,1,Health & wellness,健康功效,Marketing claims
230132,taste,positive,"great flavor ,very smooth",B000WB1YSE,Tea,5,Taste,口感,Product / Sourcing
230132,brewing_convenience,positive,very easy to make requires no steeping,B000WB1YSE,Tea,5,Brewing & convenience,冲泡与便利,Product / Content
145839,taste,positive,Smooth and tasty,B003D4F1QS,Tea,4,Taste,口感,Product / Sourcing
145839,caffeine_energy,neutral,Caffeine free herbal tea,B003D4F1QS,Tea,4,Caffeine & energy,咖啡因与提神,Product / Content
145839,packaging,positive,each tea bag is sealed in its own foil package,B003D4F1QS,Tea,4,Packaging,包装,Packaging
145839,health_wellness,positive,100% natural ingredients,B003D4F1QS,Tea,4,Health & wellness,健康功效,Marketing claims
145839,brewing_convenience,positive,This would also likely make an excellent ice tea.,B003D4F1QS,Tea,4,Brewing & convenience,冲泡与便利,Product / Content
181931,taste,neutral,The taste is okay,B0009F3POY,Tea,1,Taste,口感,Product / Sourcing
181931,health_wellness,negative,did not see that this product help me in increasing my milk supply,B0009F3POY,Tea,1,Health & wellness,健康功效,Marketing claims
181931,price_value,negative,I just waste my money.,B0009F3POY,Tea,1,Price & value,价格与性价比,Pricing
538321,taste,positive,"strong, yet smooth Black Tea",B0061IUIDY,Tea,5,Taste,口感,Product / Sourcing
538321,brewing_convenience,positive,brewed two pots of this tea for glasses of ice tea,B0061IUIDY,Tea,5,Brewing & convenience,冲泡与便利,Product / Content
70033,taste,positive,tea tastes nice,B007I7Z3Z0,Tea,3,Taste,口感,Product / Sourcing
70033,health_wellness,negative,used artificial sweetener to keep the calorie intake low,B007I7Z3Z0,Tea,3,Health & wellness,健康功效,Marketing claims
70033,brewing_convenience,positive,cooly portable.,B007I7Z3Z0,Tea,3,Brewing & convenience,冲泡与便利,Product / Content
43867,taste,positive,enjoying good strong cups of UK style tea,B001EQ5JLE,Tea,5,Taste,口感,Product / Sourcing
43867,listing_accuracy,negative,poorly available in the USA,B001EQ5JLE,Tea,5,Listing accuracy,描述相符,Listing / Content
441793,taste,positive,MIO Sweet Tea has a great taste,B004E4HUMY,Tea,5,Taste,口感,Product / Sourcing
441793,brewing_convenience,positive,in a convenient form,B004E4HUMY,Tea,5,Brewing & convenience,冲泡与便利,Product / Content
61994,aroma,positive,inhale the scent of the Bergamot Oil,B000CQG8K8,Tea,4,Aroma,香气,Product / Sourcing
136102,taste,negative,much too sweet & there were too many competing flavors,B005SPQENY,Tea,1,Taste,口感,Product / Sourcing
123197,health_wellness,positive,relaxed me,B000CQBZOW,Tea,5,Health & wellness,健康功效,Marketing claims
123197,taste,positive,did not have to add any sugar,B000CQBZOW,Tea,5,Taste,口感,Product / Sourcing
181948,health_wellness,positive,notice a BIG increase in my milk supply,B0009F3POY,Tea,5,Health & wellness,健康功效,Marketing claims
181948,taste,positive,pleasant tasting tea,B0009F3POY,Tea,5,Taste,口感,Product / Sourcing
229996,taste,positive,The taste of this green tea reminds me of the way green tea usually tastes in Japan.,B000WB1YSE,Tea,5,Taste,口感,Product / Sourcing
441909,taste,negative,disgusted by the flavor,B004E4HUMY,Tea,1,Taste,口感,Product / Sourcing
123130,taste,positive,Stash teas are really good and this is the best one,B000CQBZOW,Tea,5,Taste,口感,Product / Sourcing
458695,aroma,negative,"musty, dank smell",B000FFIL92,Tea,1,Aroma,香气,Product / Sourcing
458695,freshness_quality,negative,moldy smell,B000FFIL92,Tea,1,Freshness & quality,新鲜度与品质,Supply chain / QC
458695,packaging,negative,The tea pot is very small and fragile,B000FFIL92,Tea,1,Packaging,包装,Packaging
458477,packaging,positive,tea comes in another lidded bamboo box,B000FFIL92,Tea,5,Packaging,包装,Packaging
458477,aroma,positive,"explore the colors, textures and scents of tea",B000FFIL92,Tea,5,Aroma,香气,Product / Sourcing
222326,taste,positive,Peach Tea is my favorite,B004E4CCSQ,Tea,5,Taste,口感,Product / Sourcing
222326,health_wellness,positive,drinking at least 2 more glasses of water,B004E4CCSQ,Tea,5,Health & wellness,健康功效,Marketing claims
458505,freshness_quality,positive,quality of the tea is excellent,B000FFIL92,Tea,5,Freshness & quality,新鲜度与品质,Supply chain / QC
458505,packaging,positive,packaged beautifully,B000FFIL92,Tea,5,Packaging,包装,Packaging
458505,price_value,positive,Outstanding value!,B000FFIL92,Tea,5,Price & value,价格与性价比,Pricing
230109,taste,positive,smooth and slightly sweet flavor,B000WB1YSE,Tea,5,Taste,口感,Product / Sourcing
230109,price_value,positive,very inexpensive,B000WB1YSE,Tea,5,Price & value,价格与性价比,Pricing
230109,brewing_convenience,positive,tea bags make it convenient,B000WB1YSE,Tea,5,Brewing & convenience,冲泡与便利,Product / Content
441910,taste,negative,All I could taste was those nasty artificial sweeteners,B004E4HUMY,Tea,1,Taste,口感,Product / Sourcing
441910,health_wellness,negative,stomach was rolling after attempting a couple glasses,B004E4HUMY,Tea,1,Health & wellness,健康功效,Marketing claims
521399,caffeine_energy,neutral,caffeine free tea,B007JFXWRC,Tea,3,Caffeine & energy,咖啡因与提神,Product / Content
521399,packaging,positive,neat little pyramid-shaped mesh bag,B007JFXWRC,Tea,3,Packaging,包装,Packaging
521399,aroma,positive,The smell is is lovely,B007JFXWRC,Tea,3,Aroma,香气,Product / Sourcing
521399,taste,neutral,sweet yet sour taste,B007JFXWRC,Tea,3,Taste,口感,Product / Sourcing
222537,taste,neutral,artificial sweetener after-taste,B004E4CCSQ,Tea,4,Taste,口感,Product / Sourcing
222537,price_value,negative,the cost seems high,B004E4CCSQ,Tea,4,Price & value,价格与性价比,Pricing
181929,health_wellness,negative,my baby was fussy and kept pulling away,B0009F3POY,Tea,2,Health & wellness,健康功效,Marketing claims
181929,taste,neutral,the taste was okay,B0009F3POY,Tea,2,Taste,口感,Product / Sourcing
181895,health_wellness,positive,allowed me to sustain my milk supply,B0009F3POY,Tea,5,Health & wellness,健康功效,Marketing claims
61999,taste,positive,double bergamot variety has a little more flavor,B000CQG8K8,Tea,5,Taste,口感,Product / Sourcing
229988,packaging,positive,came in a polyester fabric witch is very easy,B000WB1YSE,Tea,5,Packaging,包装,Packaging
229988,price_value,positive,convenience quantity for that price and quality,B000WB1YSE,Tea,5,Price & value,价格与性价比,Pricing
33909,taste,negative,This tea is weak at best,B00412W76S,Tea,1,Taste,口感,Product / Sourcing
33909,packaging,negative,bags have no string and tag,B00412W76S,Tea,1,Packaging,包装,Packaging
521416,freshness_quality,negative,Substandard tea,B007JFXWRC,Tea,1,Freshness & quality,新鲜度与品质,Supply chain / QC
521416,taste,negative,flavor is acidic and harsh,B007JFXWRC,Tea,1,Taste,口感,Product / Sourcing
521416,price_value,negative,overpriced for what it is,B007JFXWRC,Tea,1,Price & value,价格与性价比,Pricing
538313,taste,positive,has more substance than the PG tips,B0061IUIDY,Tea,4,Taste,口感,Product / Sourcing
538313,price_value,positive,well worth testing,B0061IUIDY,Tea,4,Price & value,价格与性价比,Pricing
441767,taste,neutral,tea to be the least satisfying,B004E4HUMY,Tea,3,Taste,口感,Product / Sourcing
441767,brewing_convenience,positive,"simple, mess-free way to fix something",B004E4HUMY,Tea,3,Brewing & convenience,冲泡与便利,Product / Content
441767,health_wellness,positive,without calories or caffeine,B004E4HUMY,Tea,3,Health & wellness,健康功效,Marketing claims
62084,aroma,positive,tea smells amazing,B000CQG8K8,Tea,3,Aroma,香气,Product / Sourcing
62084,taste,negative,very very weak,B000CQG8K8,Tea,3,Taste,口感,Product / Sourcing
37372,taste,positive,very refreshing and I love the mint flavor,B003CK2BQG,Tea,5,Taste,口感,Product / Sourcing
37372,brewing_convenience,positive,I use it for ice tea,B003CK2BQG,Tea,5,Brewing & convenience,冲泡与便利,Product / Content
136050,taste,neutral,"taste was good, if a bit sweet",B005SPQENY,Tea,3,Taste,口感,Product / Sourcing
136050,health_wellness,negative,somewhat high caloric content of 120,B005SPQENY,Tea,3,Health & wellness,健康功效,Marketing claims
145785,taste,negative,has little to no taste,B003D4F1QS,Tea,1,Taste,口感,Product / Sourcing
145785,freshness_quality,negative,if I received an old batch,B003D4F1QS,Tea,1,Freshness & quality,新鲜度与品质,Supply chain / QC
458601,packaging,positive,The packaging is really nice,B000FFIL92,Tea,4,Packaging,包装,Packaging
458601,listing_accuracy,negative,disappointed in the size of the teapot,B000FFIL92,Tea,4,Listing accuracy,描述相符,Listing / Content
182022,taste,negative,tastes awful to boot,B0009F3POY,Tea,1,Taste,口感,Product / Sourcing
182022,health_wellness,negative,tanked my milk supply,B0009F3POY,Tea,1,Health & wellness,健康功效,Marketing claims
37307,taste,positive,found this to be my favorite,B003CK2BQG,Tea,5,Taste,口感,Product / Sourcing
538199,taste,positive,held flavor when adding milk,B0061IUIDY,Tea,4,Taste,口感,Product / Sourcing
538199,packaging,positive,care they did in individual packaging,B0061IUIDY,Tea,4,Packaging,包装,Packaging
538199,freshness_quality,neutral,"While not fresh, it was great",B0061IUIDY,Tea,4,Freshness & quality,新鲜度与品质,Supply chain / QC
521465,taste,positive,The flavor was good though,B007JFXWRC,Tea,3,Taste,口感,Product / Sourcing
521465,brewing_convenience,negative,Didn't seen to be any stronger,B007JFXWRC,Tea,3,Brewing & convenience,冲泡与便利,Product / Content
441963,taste,negative,taste flat and odd while adding more made it sickeningly sweet,B004E4HUMY,Tea,2,Taste,口感,Product / Sourcing
441963,packaging,positive,does come in a cute little container,B004E4HUMY,Tea,2,Packaging,包装,Packaging
181864,price_value,positive,cheap this value pack is,B0009F3POY,Tea,3,Price & value,价格与性价比,Pricing
181864,health_wellness,neutral,doesn't seem to help to increase my milk supply,B0009F3POY,Tea,3,Health & wellness,健康功效,Marketing claims
441879,taste,negative,Left a metalic tased,B004E4HUMY,Tea,2,Taste,口感,Product / Sourcing
43756,taste,positive,This is what tea should taste like,B001EQ5JLE,Tea,5,Taste,口感,Product / Sourcing
43756,delivery,positive,speedy delivery,B001EQ5JLE,Tea,5,Delivery,物流,Logistics
43756,price_value,positive,much cheaper than those English import houses,B001EQ5JLE,Tea,5,Price & value,价格与性价比,Pricing
145504,taste,negative,WAY TOO SWEET... Tastes terrible,B003D4F1QS,Tea,1,Taste,口感,Product / Sourcing
145504,listing_accuracy,negative,It is not GOJI BERRY like the heading implies,B003D4F1QS,Tea,1,Listing accuracy,描述相符,Listing / Content
145504,health_wellness,negative,lots of other ingredients,B003D4F1QS,Tea,1,Health & wellness,健康功效,Marketing claims
123228,taste,positive,Otherwise it is flavorful,B000CQBZOW,Tea,4,Taste,口感,Product / Sourcing
123228,health_wellness,positive,helps to clear out the phlegm,B000CQBZOW,Tea,4,Health & wellness,健康功效,Marketing claims
123228,brewing_convenience,negative,shouldn't leave the bag in the water too long,B000CQBZOW,Tea,4,Brewing & convenience,冲泡与便利,Product / Content
33948,freshness_quality,negative,"Stale, tastless crap",B00412W76S,Tea,1,Freshness & quality,新鲜度与品质,Supply chain / QC
33948,taste,negative,Pond water would taste better,B00412W76S,Tea,1,Taste,口感,Product / Sourcing
33948,delivery,negative,The hassle to return is riduclous,B00412W76S,Tea,1,Delivery,物流,Logistics
37270,taste,neutral,is not one of their finest products,B003CK2BQG,Tea,4,Taste,口感,Product / Sourcing
37270,price_value,positive,"for the price on Amazon, you can't go wrong",B003CK2BQG,Tea,4,Price & value,价格与性价比,Pricing
43804,taste,positive,strong hot tea,B001EQ5JLE,Tea,5,Taste,口感,Product / Sourcing
123162,taste,neutral,"tea is rather weak, but still a fine tea",B000CQBZOW,Tea,4,Taste,口感,Product / Sourcing
123162,caffeine_energy,positive,Caffeine Free Herbal Tea,B000CQBZOW,Tea,4,Caffeine & energy,咖啡因与提神,Product / Content
43839,taste,neutral,Flavor isn't fantastic,B001EQ5JLE,Tea,3,Taste,口感,Product / Sourcing
43839,freshness_quality,positive,whole leaf teas,B001EQ5JLE,Tea,3,Freshness & quality,新鲜度与品质,Supply chain / QC
43839,price_value,positive,reasonably priced,B001EQ5JLE,Tea,3,Price & value,价格与性价比,Pricing
136006,taste,negative,aftertaste that was a bit too intense,B005SPQENY,Tea,2,Taste,口感,Product / Sourcing
136006,freshness_quality,negative,"lot of pulp in the bottle. It was thick, plump, big and chunky",B005SPQENY,Tea,2,Freshness & quality,新鲜度与品质,Supply chain / QC
123078,taste,positive,love the lemon-ginger flavor,B000CQBZOW,Tea,5,Taste,口感,Product / Sourcing
123078,caffeine_energy,positive,great for waking me up,B000CQBZOW,Tea,5,Caffeine & energy,咖啡因与提神,Product / Content
123078,brewing_convenience,positive,convienence of using Subscribe and Save,B000CQBZOW,Tea,5,Brewing & convenience,冲泡与便利,Product / Content
136092,taste,negative,"not tasty, infact it is too sweet",B005SPQENY,Tea,1,Taste,口感,Product / Sourcing
136092,health_wellness,negative,acted like a fast laxative,B005SPQENY,Tea,1,Health & wellness,健康功效,Marketing claims
538450,taste,positive,rich smooth tea that is not bitter at all,B0061IUIDY,Tea,4,Taste,口感,Product / Sourcing
441903,taste,positive,flavorful alternative,B004E4HUMY,Tea,4,Taste,口感,Product / Sourcing
441903,brewing_convenience,positive,liquid concentrate it takes up almost no room,B004E4HUMY,Tea,4,Brewing & convenience,冲泡与便利,Product / Content
458576,packaging,negative,excessive and the actual contents were somewhat disappointing,B000FFIL92,Tea,3,Packaging,包装,Packaging
458576,freshness_quality,negative,good glass teapot doesn't have the sort of imperfections,B000FFIL92,Tea,3,Freshness & quality,新鲜度与品质,Supply chain / QC
458576,price_value,neutral,Lowest price I've seen this here: about $18,B000FFIL92,Tea,3,Price & value,价格与性价比,Pricing
43875,taste,positive,bold smooth flavor,B001EQ5JLE,Tea,5,Taste,口感,Product / Sourcing
43875,price_value,positive,at a great price,B001EQ5JLE,Tea,5,Price & value,价格与性价比,Pricing
43875,brewing_convenience,positive,I brew it for 2 minutes and it makes a perfect cup,B001EQ5JLE,Tea,5,Brewing & convenience,冲泡与便利,Product / Content
145715,taste,positive,Wonderful flavor!,B003D4F1QS,Tea,5,Taste,口感,Product / Sourcing
145715,packaging,positive,tea bags are individually wrapped in air tight packets,B003D4F1QS,Tea,5,Packaging,包装,Packaging
145715,price_value,positive,Amazon prices are impressive,B003D4F1QS,Tea,5,Price & value,价格与性价比,Pricing
145715,freshness_quality,negative,"a few of the tea bags have ""failed.""",B003D4F1QS,Tea,5,Freshness & quality,新鲜度与品质,Supply chain / QC
145594,taste,positive,It was fantastic and I loved it.,B003D4F1QS,Tea,5,Taste,口感,Product / Sourcing
145594,brewing_convenience,positive,made into iced tea,B003D4F1QS,Tea,5,Brewing & convenience,冲泡与便利,Product / Content
145594,delivery,positive,Service was quick,B003D4F1QS,Tea,5,Delivery,物流,Logistics
458739,packaging,negative,The box is a lot more fragile then I thought,B000FFIL92,Tea,4,Packaging,包装,Packaging
521497,taste,positive,It really tastes like blackberries.,B007JFXWRC,Tea,2,Taste,口感,Product / Sourcing
521497,health_wellness,negative,what are they using for the vanilla taste?,B007JFXWRC,Tea,2,Health & wellness,健康功效,Marketing claims
37302,listing_accuracy,negative,this fact is hidden on the back of the box,B003CK2BQG,Tea,1,Listing accuracy,描述相符,Listing / Content
37302,caffeine_energy,neutral,this tea is actually decaffeinated!,B003CK2BQG,Tea,1,Caffeine & energy,咖啡因与提神,Product / Content
230056,taste,positive,tastes pretty close to the really good stuff.,B000WB1YSE,Tea,5,Taste,口感,Product / Sourcing
230056,price_value,positive,less expensive,B000WB1YSE,Tea,5,Price & value,价格与性价比,Pricing
230056,brewing_convenience,positive,It's really quick to steep,B000WB1YSE,Tea,5,Brewing & convenience,冲泡与便利,Product / Content
538382,taste,positive,It has a very full bodied flavor,B0061IUIDY,Tea,5,Taste,口感,Product / Sourcing
538382,aroma,positive,bergamot also comes through prominently,B0061IUIDY,Tea,5,Aroma,香气,Product / Sourcing
538382,packaging,positive,It comes in stay-fresh foil packets.,B0061IUIDY,Tea,5,Packaging,包装,Packaging
123092,taste,positive,best flavor out there,B000CQBZOW,Tea,5,Taste,口感,Product / Sourcing
123092,price_value,negative,very pricey on line,B000CQBZOW,Tea,5,Price & value,价格与性价比,Pricing
145589,taste,positive,The stash black tea has a nice flavor,B003D4F1QS,Tea,4,Taste,口感,Product / Sourcing
145589,caffeine_energy,neutral,not an early morning jump start,B003D4F1QS,Tea,4,Caffeine & energy,咖啡因与提神,Product / Content
145589,price_value,positive,cheaper than Tazo,B003D4F1QS,Tea,4,Price & value,价格与性价比,Pricing
230074,taste,positive,This is a great tea with quality,B000WB1YSE,Tea,4,Taste,口感,Product / Sourcing
230074,brewing_convenience,negative,tea bag is made for Japanese cup size,B000WB1YSE,Tea,4,Brewing & convenience,冲泡与便利,Product / Content
135979,taste,positive,"flavor is solid, with no tasteful at all",B005SPQENY,Tea,4,Taste,口感,Product / Sourcing
135979,freshness_quality,negative,large amount of floating debris (pulp),B005SPQENY,Tea,4,Freshness & quality,新鲜度与品质,Supply chain / QC
441908,taste,negative,reminded me of cheap Kool-Aid,B004E4HUMY,Tea,1,Taste,口感,Product / Sourcing
441908,brewing_convenience,negative,took about seven shots to get anything,B004E4HUMY,Tea,1,Brewing & convenience,冲泡与便利,Product / Content
43919,taste,positive,good tasting tea with a good strong flavor.,B001EQ5JLE,Tea,4,Taste,口感,Product / Sourcing
43919,packaging,negative,"after the outer plastic is removed and the box is opened, the flavor will dissipate.",B001EQ5JLE,Tea,4,Packaging,包装,Packaging
62049,taste,positive,citrus background of the standard Earl Grey mix is definitely amped up,B000CQG8K8,Tea,4,Taste,口感,Product / Sourcing
62049,caffeine_energy,positive,It gives me a little extra perk at work,B000CQG8K8,Tea,4,Caffeine & energy,咖啡因与提神,Product / Content
61973,taste,positive,You get the good spices without the funny bite.,B000CQG8K8,Tea,5,Taste,口感,Product / Sourcing
61973,delivery,positive,Amazon deal of free shipping every three months works perfectly,B000CQG8K8,Tea,5,Delivery,物流,Logistics
61973,price_value,positive,auto delivery service!,B000CQG8K8,Tea,5,Price & value,价格与性价比,Pricing
43853,aroma,negative,its aroma and used to b so good... but... is not good at all,B001EQ5JLE,Tea,1,Aroma,香气,Product / Sourcing
43853,freshness_quality,negative,it is either stale or something else wrong with it,B001EQ5JLE,Tea,1,Freshness & quality,新鲜度与品质,Supply chain / QC
62089,taste,neutral,It is too candy-like for my taste,B000CQG8K8,Tea,4,Taste,口感,Product / Sourcing
538284,aroma,positive,The Higgins & Burke Earl Grey Black Tea smelled delicious,B0061IUIDY,Tea,3,Aroma,香气,Product / Sourcing
538284,taste,negative,does not taste as good as it smells.,B0061IUIDY,Tea,3,Taste,口感,Product / Sourcing
145822,taste,positive,still make great tea,B003D4F1QS,Tea,4,Taste,口感,Product / Sourcing
145822,packaging,negative,a bunch of bags in their foil pouches poured into a box and looking a little dented,B003D4F1QS,Tea,4,Packaging,包装,Packaging
458651,taste,negative,has very little flavor,B000FFIL92,Tea,3,Taste,口感,Product / Sourcing
458651,freshness_quality,negative,the tea is very old I believe,B000FFIL92,Tea,3,Freshness & quality,新鲜度与品质,Supply chain / QC
182015,taste,negative,baby does not like this tea,B0009F3POY,Tea,2,Taste,口感,Product / Sourcing
182015,health_wellness,positive,increased my supply so much,B0009F3POY,Tea,2,Health & wellness,健康功效,Marketing claims
145762,taste,negative,tasted like flavored hot water,B003D4F1QS,Tea,1,Taste,口感,Product / Sourcing
145762,listing_accuracy,negative,no cinnamon and no vanilla,B003D4F1QS,Tea,1,Listing accuracy,描述相符,Listing / Content
70025,taste,positive,mango flavor was excellent,B007I7Z3Z0,Tea,4,Taste,口感,Product / Sourcing
70025,brewing_convenience,positive,"Over ice, this tea was great",B007I7Z3Z0,Tea,4,Brewing & convenience,冲泡与便利,Product / Content
458609,packaging,positive,Very nice packaging,B000FFIL92,Tea,4,Packaging,包装,Packaging
145543,taste,negative,no orange flavour and also is not spicy at all,B003D4F1QS,Tea,1,Taste,口感,Product / Sourcing
145543,freshness_quality,negative,tea bacgs themselves seem to be dirty with an orange colour,B003D4F1QS,Tea,1,Freshness & quality,新鲜度与品质,Supply chain / QC
61957,taste,positive,tastes even better than it smells,B000CQG8K8,Tea,5,Taste,口感,Product / Sourcing
61957,aroma,positive,The aroma is wonderful,B000CQG8K8,Tea,5,Aroma,香气,Product / Sourcing
61957,price_value,positive,signed up with Amazon's auto-shipment,B000CQG8K8,Tea,5,Price & value,价格与性价比,Pricing
538445,taste,positive,flavorful,B0061IUIDY,Tea,4,Taste,口感,Product / Sourcing
538445,packaging,positive,individual packs that this comes in as it is kept fresher longer,B0061IUIDY,Tea,4,Packaging,包装,Packaging
70151,taste,positive,taste is refreshing,B007I7Z3Z0,Tea,5,Taste,口感,Product / Sourcing
70151,aroma,positive,The aroma is pleasing,B007I7Z3Z0,Tea,5,Aroma,香气,Product / Sourcing
61998,taste,negative,needed to add two bags to make it to our taste,B000CQG8K8,Tea,4,Taste,口感,Product / Sourcing
61998,price_value,positive,price was very reasonable,B000CQG8K8,Tea,4,Price & value,价格与性价比,Pricing
62061,taste,negative,peach flavor could be stronger,B000CQG8K8,Tea,4,Taste,口感,Product / Sourcing
62061,freshness_quality,positive,makes a good fresh quality of tea,B000CQG8K8,Tea,4,Freshness & quality,新鲜度与品质,Supply chain / QC
62061,brewing_convenience,positive,I use it in iced tea,B000CQG8K8,Tea,4,Brewing & convenience,冲泡与便利,Product / Content
145797,taste,negative,little to no flavor,B003D4F1QS,Tea,2,Taste,口感,Product / Sourcing
145797,price_value,negative,like throwing my money away,B003D4F1QS,Tea,2,Price & value,价格与性价比,Pricing
123159,taste,positive,"Good, full bodied, cup of tea that does not get bitter",B000CQBZOW,Tea,5,Taste,口感,Product / Sourcing
441832,taste,neutral,more like essence of sweet tea,B004E4HUMY,Tea,3,Taste,口感,Product / Sourcing
145533,taste,negative,decline in the strength over the last year or two,B003D4F1QS,Tea,3,Taste,口感,Product / Sourcing
145533,price_value,positive,the price is right,B003D4F1QS,Tea,3,Price & value,价格与性价比,Pricing
33942,taste,positive,it is sweet enough,B00412W76S,Tea,4,Taste,口感,Product / Sourcing
181829,health_wellness,positive,helped her immensely,B0009F3POY,Tea,4,Health & wellness,健康功效,Marketing claims
62132,taste,neutral,double spice tends to overpower the strength of the black tea,B000CQG8K8,Tea,4,Taste,口感,Product / Sourcing
521348,taste,positive,good and flavorful enough to even drink straight,B007JFXWRC,Tea,5,Taste,口感,Product / Sourcing
521348,brewing_convenience,positive,little pyramid-shaped tea-bag seems to really let the various flavors come through,B007JFXWRC,Tea,5,Brewing & convenience,冲泡与便利,Product / Content
33969,health_wellness,positive,helped me tremendously with getting a more restful sleep,B00412W76S,Tea,5,Health & wellness,健康功效,Marketing claims
62032,taste,neutral,This tea is best hot.. It's ok cold,B000CQG8K8,Tea,4,Taste,口感,Product / Sourcing
181916,taste,negative,The taste is so nasty,B0009F3POY,Tea,2,Taste,口感,Product / Sourcing
181916,health_wellness,negative,"made my baby diarhea, gassy , spit up , and stomach upset",B0009F3POY,Tea,2,Health & wellness,健康功效,Marketing claims
181916,price_value,negative,bought the value pack of this so yeah ive waisted my money,B0009F3POY,Tea,2,Price & value,价格与性价比,Pricing
521400,taste,neutral,flavor the tea seems sweet all on its own,B007JFXWRC,Tea,3,Taste,口感,Product / Sourcing
521400,freshness_quality,neutral,"getting little tea ""dust"" in the bottom of your cup",B007JFXWRC,Tea,3,Freshness & quality,新鲜度与品质,Supply chain / QC
521400,packaging,negative,the string was a little tough to completely detach,B007JFXWRC,Tea,3,Packaging,包装,Packaging
521400,brewing_convenience,positive,concept of the pyramid to help enhance the steeping is excellent,B007JFXWRC,Tea,3,Brewing & convenience,冲泡与便利,Product / Content
43802,taste,positive,"surprisingly strong, and I find it bitey without milk",B001EQ5JLE,Tea,5,Taste,口感,Product / Sourcing
222453,taste,positive,I love the peach tea flavor,B004E4CCSQ,Tea,5,Taste,口感,Product / Sourcing
222453,price_value,negative,wouldn't buy this product on Amazon it's far less expensive in the store,B004E4CCSQ,Tea,5,Price & value,价格与性价比,Pricing
222453,health_wellness,positive,no calories or sugar,B004E4CCSQ,Tea,5,Health & wellness,健康功效,Marketing claims
33935,delivery,positive,Prompt Service,B00412W76S,Tea,5,Delivery,物流,Logistics
33921,health_wellness,positive,better then a regular anti depressant and works right away,B00412W76S,Tea,5,Health & wellness,健康功效,Marketing claims
230029,freshness_quality,negative,"expiration or ""best used by"" is in 30 days",B000WB1YSE,Tea,1,Freshness & quality,新鲜度与品质,Supply chain / QC
37181,taste,positive,So flavorful,B003CK2BQG,Tea,5,Taste,口感,Product / Sourcing
37181,aroma,positive,smells like heaven,B003CK2BQG,Tea,5,Aroma,香气,Product / Sourcing
37181,price_value,positive,Great price compared to stores,B003CK2BQG,Tea,5,Price & value,价格与性价比,Pricing
37181,delivery,positive,Arrived fast,B003CK2BQG,Tea,5,Delivery,物流,Logistics
145745,taste,negative,flavor is nowhere near as sharp and fresh,B003D4F1QS,Tea,3,Taste,口感,Product / Sourcing
145745,packaging,positive,individually wrapped peppermint tea,B003D4F1QS,Tea,3,Packaging,包装,Packaging
145745,price_value,positive,great price,B003D4F1QS,Tea,3,Price & value,价格与性价比,Pricing
62048,taste,positive,DOUBLE bergamot is what makes this particular Earl Grey tea a new taste experience,B000CQG8K8,Tea,5,Taste,口感,Product / Sourcing
62048,aroma,positive,When you smell the tea knowing that the scent is citrus,B000CQG8K8,Tea,5,Aroma,香气,Product / Sourcing
145497,brewing_convenience,positive,used as a cold and hot drink,B003D4F1QS,Tea,5,Brewing & convenience,冲泡与便利,Product / Content
43747,taste,positive,"rich, full flavored blend",B001EQ5JLE,Tea,5,Taste,口感,Product / Sourcing
43747,price_value,positive,best value I've found,B001EQ5JLE,Tea,5,Price & value,价格与性价比,Pricing
441966,taste,positive,tastes pretty good,B004E4HUMY,Tea,4,Taste,口感,Product / Sourcing
441966,packaging,positive,small container. It would fit well in a purse,B004E4HUMY,Tea,4,Packaging,包装,Packaging
441966,brewing_convenience,positive,squirts out easily and mixes with water,B004E4HUMY,Tea,4,Brewing & convenience,冲泡与便利,Product / Content
70096,taste,negative,It tastes like the flavored waters,B007I7Z3Z0,Tea,1,Taste,口感,Product / Sourcing
70096,health_wellness,negative,has artificial sweetener in addition to honey,B007I7Z3Z0,Tea,1,Health & wellness,健康功效,Marketing claims
538441,taste,positive,Full-bodied and flavorful,B0061IUIDY,Tea,4,Taste,口感,Product / Sourcing
538441,aroma,positive,"body, aroma, and flavor",B0061IUIDY,Tea,4,Aroma,香气,Product / Sourcing
43889,taste,positive,strong black tea that goes well with milk and sugar,B001EQ5JLE,Tea,5,Taste,口感,Product / Sourcing
458754,packaging,negative,When the label was removed there was damage to the box,B000FFIL92,Tea,3,Packaging,包装,Packaging
181870,taste,positive,Tastes great,B0009F3POY,Tea,5,Taste,口感,Product / Sourcing
181870,health_wellness,positive,definitely helped increase my milk supply!,B0009F3POY,Tea,5,Health & wellness,健康功效,Marketing claims
62154,taste,negative,unpleasantly heavy on the cloves,B000CQG8K8,Tea,1,Taste,口感,Product / Sourcing
441780,taste,negative,chemical aftertaste of MIO Sweet Tea,B004E4HUMY,Tea,2,Taste,口感,Product / Sourcing
441780,health_wellness,negative,sugar free version,B004E4HUMY,Tea,2,Health & wellness,健康功效,Marketing claims
70092,listing_accuracy,negative,"Should say ""PARTIALLY"" sweetened with honey",B007I7Z3Z0,Tea,1,Listing accuracy,描述相符,Listing / Content
70092,health_wellness,neutral,several other kinds of sugars,B007I7Z3Z0,Tea,1,Health & wellness,健康功效,Marketing claims
230004,taste,positive,excelent tasting (oishi desu) for baged tea,B000WB1YSE,Tea,5,Taste,口感,Product / Sourcing
230004,freshness_quality,positive,I still have a ¼ package left in year 11,B000WB1YSE,Tea,5,Freshness & quality,新鲜度与品质,Supply chain / QC
230004,brewing_convenience,positive,Each bag can be re-used a few times,B000WB1YSE,Tea,5,Brewing & convenience,冲泡与便利,Product / Content
230004,price_value,positive,These will last you a while,B000WB1YSE,Tea,5,Price & value,价格与性价比,Pricing
70093,taste,positive,Honey and Strawberry Acai version is delicious,B007I7Z3Z0,Tea,5,Taste,口感,Product / Sourcing
70093,brewing_convenience,positive,"convenient, portable way to make small amounts",B007I7Z3Z0,Tea,5,Brewing & convenience,冲泡与便利,Product / Content
70093,health_wellness,positive,considered excellent for promoting good health,B007I7Z3Z0,Tea,5,Health & wellness,健康功效,Marketing claims
70093,price_value,negative,fairly expensive if you want to make tea by the quart,B007I7Z3Z0,Tea,5,Price & value,价格与性价比,Pricing
145460,taste,negative,very weird chemical type taste,B003D4F1QS,Tea,1,Taste,口感,Product / Sourcing
145460,price_value,negative,Too bad I bought the 100 count!,B003D4F1QS,Tea,1,Price & value,价格与性价比,Pricing
135973,taste,positive,great tasting drink,B005SPQENY,Tea,4,Taste,口感,Product / Sourcing
135973,health_wellness,positive,Aloe Vera good for your skin,B005SPQENY,Tea,4,Health & wellness,健康功效,Marketing claims
538347,taste,negative,first cup was far too strong,B0061IUIDY,Tea,3,Taste,口感,Product / Sourcing
538347,freshness_quality,negative,left a lot of sediment at the bottom,B0061IUIDY,Tea,3,Freshness & quality,新鲜度与品质,Supply chain / QC
62023,taste,negative,clove just overwhelms everything,B000CQG8K8,Tea,2,Taste,口感,Product / Sourcing
145651,taste,negative,not a very balanced flavor,B003D4F1QS,Tea,3,Taste,口感,Product / Sourcing
145651,price_value,positive,If you are limited in funds then it is an ok chai,B003D4F1QS,Tea,3,Price & value,价格与性价比,Pricing
181894,taste,positive,tastes delicious & fresh,B0009F3POY,Tea,4,Taste,口感,Product / Sourcing
181894,freshness_quality,positive,tastes delicious & fresh,B0009F3POY,Tea,4,Freshness & quality,新鲜度与品质,Supply chain / QC
181894,health_wellness,positive,helps maintain the milk production,B0009F3POY,Tea,4,Health & wellness,健康功效,Marketing claims
521351,taste,positive,very pleased with the flavor,B007JFXWRC,Tea,3,Taste,口感,Product / Sourcing
521351,freshness_quality,negative,flavor will decay fairly quickly,B007JFXWRC,Tea,3,Freshness & quality,新鲜度与品质,Supply chain / QC
521351,packaging,negative,tea bags are loose in the box with no container,B007JFXWRC,Tea,3,Packaging,包装,Packaging
521419,taste,neutral,there is NO vanilla in this mixture,B007JFXWRC,Tea,3,Taste,口感,Product / Sourcing
521419,brewing_convenience,positive,they brew well,B007JFXWRC,Tea,3,Brewing & convenience,冲泡与便利,Product / Content
521419,packaging,negative,made of PET (polyethylene terephthalate),B007JFXWRC,Tea,3,Packaging,包装,Packaging
521419,listing_accuracy,negative,should rename the flavor,B007JFXWRC,Tea,3,Listing accuracy,描述相符,Listing / Content
230017,taste,positive,best green tea I have consumed so far,B000WB1YSE,Tea,5,Taste,口感,Product / Sourcing
230017,health_wellness,positive,bad breath has subsided immensely,B000WB1YSE,Tea,5,Health & wellness,健康功效,Marketing claims
37278,taste,positive,tea tastes great,B003CK2BQG,Tea,5,Taste,口感,Product / Sourcing
37278,aroma,positive,delightful smell when the envelope is opened,B003CK2BQG,Tea,5,Aroma,香气,Product / Sourcing
37278,price_value,positive,price is right,B003CK2BQG,Tea,5,Price & value,价格与性价比,Pricing
37278,health_wellness,positive,Green tea has health benefits,B003CK2BQG,Tea,5,Health & wellness,健康功效,Marketing claims
70349,taste,negative,taste of artificial sweetener and generic fruitiness,B007I7Z3Z0,Tea,2,Taste,口感,Product / Sourcing
70349,listing_accuracy,negative,ingredients list that gives away the true flavors,B007I7Z3Z0,Tea,2,Listing accuracy,描述相符,Listing / Content
70363,taste,positive,Not too sweet and very fruity,B007I7Z3Z0,Tea,4,Taste,口感,Product / Sourcing
70363,brewing_convenience,positive,able to have it available for a refreshing drink,B007I7Z3Z0,Tea,4,Brewing & convenience,冲泡与便利,Product / Content
521365,aroma,positive,tea bags have a pleasant aroma,B007JFXWRC,Tea,4,Aroma,香气,Product / Sourcing
521365,brewing_convenience,positive,pyramid design to maximize their steeping power,B007JFXWRC,Tea,4,Brewing & convenience,冲泡与便利,Product / Content
521365,taste,positive,rich berry flavor tempered with notes of vanilla,B007JFXWRC,Tea,4,Taste,口感,Product / Sourcing
145664,taste,negative,taste of the tea proved it that way,B003D4F1QS,Tea,3,Taste,口感,Product / Sourcing
145664,aroma,negative,noticed only the aroma of the coconut,B003D4F1QS,Tea,3,Aroma,香气,Product / Sourcing
33930,taste,negative,tea was terrible,B00412W76S,Tea,1,Taste,口感,Product / Sourcing
33930,packaging,negative,package was torn up,B00412W76S,Tea,1,Packaging,包装,Packaging
33930,delivery,negative,item was late,B00412W76S,Tea,1,Delivery,物流,Logistics
33930,price_value,negative,waste of money,B00412W76S,Tea,1,Price & value,价格与性价比,Pricing
70283,taste,positive,"refreshing, crisp taste",B007I7Z3Z0,Tea,5,Taste,口感,Product / Sourcing
181919,health_wellness,negative,"baby showed diarrea, colic sympton, and stomach upset",B0009F3POY,Tea,1,Health & wellness,健康功效,Marketing claims
123118,brewing_convenience,positive,convenient and easy to shop,B000CQBZOW,Tea,5,Brewing & convenience,冲泡与便利,Product / Content
222387,taste,negative,extremely weak taste that does not resemble either peach or tea,B004E4CCSQ,Tea,2,Taste,口感,Product / Sourcing
222387,price_value,negative,"For the price, I'd rather just drink water",B004E4CCSQ,Tea,2,Price & value,价格与性价比,Pricing
70017,taste,negative,mainly tasted the artificial sweetener,B007I7Z3Z0,Tea,3,Taste,口感,Product / Sourcing
70017,brewing_convenience,negative,powder clumped a bit and took some work,B007I7Z3Z0,Tea,3,Brewing & convenience,冲泡与便利,Product / Content
538310,packaging,positive,Each sachet is of course individually-wrapped,B0061IUIDY,Tea,4,Packaging,包装,Packaging
538310,taste,neutral,"not find this to be a ""robust"" Earl Grey",B0061IUIDY,Tea,4,Taste,口感,Product / Sourcing
538310,price_value,positive,reasonable price,B0061IUIDY,Tea,4,Price & value,价格与性价比,Pricing
458642,freshness_quality,positive,impressed with the quality of this product,B000FFIL92,Tea,4,Freshness & quality,新鲜度与品质,Supply chain / QC
458642,packaging,positive,"nicely packaged, and the bamboo box is very pretty",B000FFIL92,Tea,4,Packaging,包装,Packaging
222279,taste,negative,makes water taste worse than it naturally does,B004E4CCSQ,Tea,3,Taste,口感,Product / Sourcing
222279,brewing_convenience,positive,convenient and fun way to add some variety,B004E4CCSQ,Tea,3,Brewing & convenience,冲泡与便利,Product / Content
441837,taste,positive,This stuff tastes great,B004E4HUMY,Tea,5,Taste,口感,Product / Sourcing
441837,brewing_convenience,positive,very handy for travel... quick and easy to use,B004E4HUMY,Tea,5,Brewing & convenience,冲泡与便利,Product / Content
441837,price_value,neutral,a little more expensive than other types,B004E4HUMY,Tea,5,Price & value,价格与性价比,Pricing
458680,taste,negative,It really doesn't taste all that great,B000FFIL92,Tea,3,Taste,口感,Product / Sourcing
145488,taste,positive,"makes a strong, authentic Indian spiced chai",B003D4F1QS,Tea,5,Taste,口感,Product / Sourcing
441852,health_wellness,positive,hydration needs met... get dehydrated easily,B004E4HUMY,Tea,4,Health & wellness,健康功效,Marketing claims
441852,taste,positive,No nasty aftertaste for me,B004E4HUMY,Tea,4,Taste,口感,Product / Sourcing
441852,delivery,negative,bottles of MIO were leaking despite them being sealed,B004E4HUMY,Tea,4,Delivery,物流,Logistics
441849,taste,positive,"titrate the water into a common, generic and appealing taste",B004E4HUMY,Tea,5,Taste,口感,Product / Sourcing
441849,price_value,positive,MIO is a far better value for your travel $,B004E4HUMY,Tea,5,Price & value,价格与性价比,Pricing
61953,taste,negative,"strange chemical flavor... strongly astringent, bitter flavor",B000CQG8K8,Tea,2,Taste,口感,Product / Sourcing
61953,freshness_quality,negative,Stash tea can vary batch to batch,B000CQG8K8,Tea,2,Freshness & quality,新鲜度与品质,Supply chain / QC
37296,taste,negative,isn't a taste I like,B003CK2BQG,Tea,1,Taste,口感,Product / Sourcing
70296,taste,positive,This tasted very good and as advertised,B007I7Z3Z0,Tea,5,Taste,口感,Product / Sourcing
70296,brewing_convenience,positive,packets are very convenient too carry,B007I7Z3Z0,Tea,5,Brewing & convenience,冲泡与便利,Product / Content
222487,taste,negative,Mio Peach is way too sweet,B004E4CCSQ,Tea,3,Taste,口感,Product / Sourcing
145805,taste,negative,it tastes like liquid pumpkin pie! yuk!,B003D4F1QS,Tea,1,Taste,口感,Product / Sourcing
123134,taste,negative,tastes much nicer,B000CQBZOW,Tea,2,Taste,口感,Product / Sourcing
521389,aroma,positive,wonderful aroma to it,B007JFXWRC,Tea,5,Aroma,香气,Product / Sourcing
521389,taste,positive,love the taste of the berry with a hint of vanilla,B007JFXWRC,Tea,5,Taste,口感,Product / Sourcing
123147,taste,negative,Acai is the only one of the ingredients,B000CQBZOW,Tea,3,Taste,口感,Product / Sourcing
123147,listing_accuracy,negative,"tea is named as ""Acai Tea""",B000CQBZOW,Tea,3,Listing accuracy,描述相符,Listing / Content
458629,delivery,positive,the delivery was fast,B000FFIL92,Tea,5,Delivery,物流,Logistics
458629,packaging,positive,it is very cute,B000FFIL92,Tea,5,Packaging,包装,Packaging
33951,health_wellness,positive,do feel better,B00412W76S,Tea,3,Health & wellness,健康功效,Marketing claims
33951,delivery,positive,Good service after their stock was replaced,B00412W76S,Tea,3,Delivery,物流,Logistics
33895,health_wellness,negative,ZERO effect on my stuffy nose,B00412W76S,Tea,2,Health & wellness,健康功效,Marketing claims
33895,price_value,negative,wasted my money on this useless product,B00412W76S,Tea,2,Price & value,价格与性价比,Pricing
441821,taste,neutral,not the best sweet tea flavor,B004E4HUMY,Tea,3,Taste,口感,Product / Sourcing
441821,packaging,positive,The container is cool - very easy to store,B004E4HUMY,Tea,3,Packaging,包装,Packaging
441821,brewing_convenience,positive,even easier to use (pop the top and squirt),B004E4HUMY,Tea,3,Brewing & convenience,冲泡与便利,Product / Content
458673,listing_accuracy,negative,actual tea pot is smaller than my tea CUP!!,B000FFIL92,Tea,1,Listing accuracy,描述相符,Listing / Content
538334,taste,positive,taste and quality of the tea was excellent,B0061IUIDY,Tea,5,Taste,口感,Product / Sourcing
538334,freshness_quality,positive,high quality and excellent tasting Earl Gray tea,B0061IUIDY,Tea,5,Freshness & quality,新鲜度与品质,Supply chain / QC
538334,packaging,neutral,"No fancy packaging here, just 20 individual tea bags",B0061IUIDY,Tea,5,Packaging,包装,Packaging
34022,health_wellness,positive,I sleep well and if I do wake up I'm not long getting back to sleep,B00412W76S,Tea,4,Health & wellness,健康功效,Marketing claims
538228,taste,negative,weakly-spiced chai I've ever tasted,B0061IUIDY,Tea,2,Taste,口感,Product / Sourcing
538228,freshness_quality,positive,tea is of good quality and taste,B0061IUIDY,Tea,2,Freshness & quality,新鲜度与品质,Supply chain / QC
458704,packaging,positive,saw the bamboo box,B000FFIL92,Tea,5,Packaging,包装,Packaging
458704,aroma,positive,smelled heavenly,B000FFIL92,Tea,5,Aroma,香气,Product / Sourcing
458704,taste,positive,flavor was excellent,B000FFIL92,Tea,5,Taste,口感,Product / Sourcing
70311,brewing_convenience,positive,convenient to carry in your purse or pocket,B007I7Z3Z0,Tea,1,Brewing & convenience,冲泡与便利,Product / Content
70311,taste,negative,taste more like green tea and less like fruit juice,B007I7Z3Z0,Tea,1,Taste,口感,Product / Sourcing
34016,taste,positive,love the flavor,B00412W76S,Tea,5,Taste,口感,Product / Sourcing
34016,health_wellness,positive,A great and relaxing way,B00412W76S,Tea,5,Health & wellness,健康功效,Marketing claims
43849,taste,positive,some of the best tea I've tasted and has real flavor,B001EQ5JLE,Tea,5,Taste,口感,Product / Sourcing
43849,caffeine_energy,positive,has less caffeine than other teas,B001EQ5JLE,Tea,5,Caffeine & energy,咖啡因与提神,Product / Content
538373,taste,negative,There is flavor that is left in my mouth and its kind of biter,B0061IUIDY,Tea,2,Taste,口感,Product / Sourcing
136062,packaging,negative,couldn't get the plastic off the cap,B005SPQENY,Tea,1,Packaging,包装,Packaging
136062,aroma,negative,The pungent smell was the next clue,B005SPQENY,Tea,1,Aroma,香气,Product / Sourcing
136062,taste,negative,tastes like chemicals,B005SPQENY,Tea,1,Taste,口感,Product / Sourcing
136063,aroma,negative,artificial passion fruit,B005SPQENY,Tea,1,Aroma,香气,Product / Sourcing
136063,taste,negative,odd funky flavor with an unfortunate after taste,B005SPQENY,Tea,1,Taste,口感,Product / Sourcing
136063,freshness_quality,negative,aloe vera floaties & taste completely overides,B005SPQENY,Tea,1,Freshness & quality,新鲜度与品质,Supply chain / QC
145789,aroma,positive,tea bag smells like chocolate,B003D4F1QS,Tea,2,Aroma,香气,Product / Sourcing
145789,taste,negative,chocolate was just negligible,B003D4F1QS,Tea,2,Taste,口感,Product / Sourcing
145554,taste,positive,ginger-peach flavor is absolutely wonderful,B003D4F1QS,Tea,4,Taste,口感,Product / Sourcing
145554,packaging,negative,100 tea bags into too small of a box,B003D4F1QS,Tea,4,Packaging,包装,Packaging
62075,taste,negative,It has a very oily taste to it,B000CQG8K8,Tea,2,Taste,口感,Product / Sourcing
145485,taste,positive,"Hints of chamomile, mint and a little citrusy surprise",B003D4F1QS,Tea,4,Taste,口感,Product / Sourcing
145485,health_wellness,positive,Great go-to relaxing tea,B003D4F1QS,Tea,4,Health & wellness,健康功效,Marketing claims
521488,taste,positive,"wonderful, sweet fruity flavor",B007JFXWRC,Tea,5,Taste,口感,Product / Sourcing
521488,aroma,positive,vanilla flavor imparts a wonderful aroma,B007JFXWRC,Tea,5,Aroma,香气,Product / Sourcing
521488,brewing_convenience,positive,pyramid bags helps to ensure that the tea brews well,B007JFXWRC,Tea,5,Brewing & convenience,冲泡与便利,Product / Content
222432,taste,neutral,"I don't really detect any 'tea' flavor, just peach",B004E4CCSQ,Tea,4,Taste,口感,Product / Sourcing
222432,packaging,positive,small package you can carry around,B004E4CCSQ,Tea,4,Packaging,包装,Packaging
222432,health_wellness,negative,skip the acesulfame-K and just use sucralose,B004E4CCSQ,Tea,4,Health & wellness,健康功效,Marketing claims
222424,taste,positive,The flavor of this peach tea iteration is my favorite,B004E4CCSQ,Tea,4,Taste,口感,Product / Sourcing
222424,price_value,positive,That's a much better deal than most competitors,B004E4CCSQ,Tea,4,Price & value,价格与性价比,Pricing
222424,brewing_convenience,positive,much easier to use than powdered drink mix,B004E4CCSQ,Tea,4,Brewing & convenience,冲泡与便利,Product / Content
441873,taste,negative,It's either bland or ick,B004E4HUMY,Tea,1,Taste,口感,Product / Sourcing
441922,taste,neutral,"It does leave a slight, indescribable aftertaste",B004E4HUMY,Tea,3,Taste,口感,Product / Sourcing
441922,brewing_convenience,positive,great idea of you are on the go,B004E4HUMY,Tea,3,Brewing & convenience,冲泡与便利,Product / Content
61983,taste,positive,loved the stronger flavor of the spices,B000CQG8K8,Tea,5,Taste,口感,Product / Sourcing
61983,price_value,positive,"six boxes at a time, on subscribe and save, a decent price",B000CQG8K8,Tea,5,Price & value,价格与性价比,Pricing
61983,delivery,positive,quick delivery!,B000CQG8K8,Tea,5,Delivery,物流,Logistics
61983,packaging,positive,"individually wrapped in a ""foil"" wrap that holds together well",B000CQG8K8,Tea,5,Packaging,包装,Packaging
61983,caffeine_energy,neutral,It IS black tea and contains caffeine!,B000CQG8K8,Tea,5,Caffeine & energy,咖啡因与提神,Product / Content
33918,taste,negative,it doesn't smell or taste very good. Very herbal medicine-like.,B00412W76S,Tea,2,Taste,口感,Product / Sourcing
33918,aroma,negative,doesn't smell or taste very good,B00412W76S,Tea,2,Aroma,香气,Product / Sourcing
33918,health_wellness,negative,didn't see a difference after drinking this for a good 3+ weeks,B00412W76S,Tea,2,Health & wellness,健康功效,Marketing claims
37192,taste,positive,balance of lemongrass and mint was not a problem,B003CK2BQG,Tea,4,Taste,口感,Product / Sourcing
136039,taste,negative,"It was overly sweet, the aftertaste lasted way too long",B005SPQENY,Tea,2,Taste,口感,Product / Sourcing
145595,taste,positive,tea is tasty,B003D4F1QS,Tea,2,Taste,口感,Product / Sourcing
145595,delivery,negative,I received a package with 93 tea bags instead of 100,B003D4F1QS,Tea,2,Delivery,物流,Logistics
145786,delivery,positive,Shipment arrived promptly,B003D4F1QS,Tea,2,Delivery,物流,Logistics
145786,freshness_quality,negative,inside each baggie seemed to be a powder that was not consistent,B003D4F1QS,Tea,2,Freshness & quality,新鲜度与品质,Supply chain / QC
62034,taste,negative,"It really tastes like old bitter, sour, cheap spices to me!",B000CQG8K8,Tea,1,Taste,口感,Product / Sourcing
145798,taste,negative,found the double spice too bitter,B003D4F1QS,Tea,3,Taste,口感,Product / Sourcing
145798,packaging,negative,smushed into the box so badly that a couple of the individual wrappers were damaged,B003D4F1QS,Tea,3,Packaging,包装,Packaging
222384,taste,positive,"subtle, yet full flavor",B004E4CCSQ,Tea,5,Taste,口感,Product / Sourcing
37314,taste,positive,mild and interesting taste,B003CK2BQG,Tea,4,Taste,口感,Product / Sourcing
37314,price_value,positive,incredible Amazon price break,B003CK2BQG,Tea,4,Price & value,价格与性价比,Pricing
37314,health_wellness,positive,white tea is a very rare and healthful tea,B003CK2BQG,Tea,4,Health & wellness,健康功效,Marketing claims
43932,taste,positive,PG TIps has a stronger flavor,B001EQ5JLE,Tea,5,Taste,口感,Product / Sourcing
43932,brewing_convenience,negative,These tea bags don't have little strings,B001EQ5JLE,Tea,5,Brewing & convenience,冲泡与便利,Product / Content
43932,packaging,positive,Eco-friendly perspective I also like the fact that you only have the tea bags,B001EQ5JLE,Tea,5,Packaging,包装,Packaging
37330,taste,positive,It has a great flavor.,B003CK2BQG,Tea,5,Taste,口感,Product / Sourcing
37330,price_value,positive,set it up as a subscription and you will pay less,B003CK2BQG,Tea,5,Price & value,价格与性价比,Pricing
37330,delivery,positive,delivered to your door,B003CK2BQG,Tea,5,Delivery,物流,Logistics
33889,taste,neutral,It tastes ok. Not great. But drinkable.,B00412W76S,Tea,4,Taste,口感,Product / Sourcing
33889,health_wellness,positive,possible ways to off-set liver damage,B00412W76S,Tea,4,Health & wellness,健康功效,Marketing claims
222495,taste,neutral,peach taste seemed a bit muted,B004E4CCSQ,Tea,3,Taste,口感,Product / Sourcing
441899,taste,positive,The Sweet Tea is delicious. It tastes like tea with sweet flavor.,B004E4HUMY,Tea,5,Taste,口感,Product / Sourcing
441899,health_wellness,positive,Mio drink flavorings have no calories,B004E4HUMY,Tea,5,Health & wellness,健康功效,Marketing claims
441899,packaging,positive,small enough containers that you can carry them in your purse,B004E4HUMY,Tea,5,Packaging,包装,Packaging
43857,taste,negative,the tea is simply horrible. I am not sure how the other buyers are making this tea but this tea is far from strong and it has no flavor,B001EQ5JLE,Tea,1,Taste,口感,Product / Sourcing
43857,price_value,negative,Don't waste your money on this one.,B001EQ5JLE,Tea,1,Price & value,价格与性价比,Pricing
521487,taste,positive,not too overpowering with fruit. It's just the right amount with a hint of vanilla,B007JFXWRC,Tea,5,Taste,口感,Product / Sourcing
521487,brewing_convenience,positive,The pyramid bags help to distribute the flavor better,B007JFXWRC,Tea,5,Brewing & convenience,冲泡与便利,Product / Content
37274,taste,positive,very refreshing,B003CK2BQG,Tea,5,Taste,口感,Product / Sourcing
521457,taste,positive,"nice sweet tea flavor, without being super sweet",B007JFXWRC,Tea,5,Taste,口感,Product / Sourcing
222515,taste,positive,"taste almost identical to me, but I like them. This stuff is potent",B004E4CCSQ,Tea,4,Taste,口感,Product / Sourcing
123102,taste,positive,It tastes great,B000CQBZOW,Tea,5,Taste,口感,Product / Sourcing
123102,health_wellness,positive,settles your stomach,B000CQBZOW,Tea,5,Health & wellness,健康功效,Marketing claims
37201,taste,neutral,NOT good but its NOT that bad either and its also NOT sweet at all,B003CK2BQG,Tea,4,Taste,口感,Product / Sourcing
37201,freshness_quality,positive,It does look like leafs though not just crushed up almost powdery stuff,B003CK2BQG,Tea,4,Freshness & quality,新鲜度与品质,Supply chain / QC
37201,health_wellness,positive,drinking green tea for its health benefits,B003CK2BQG,Tea,4,Health & wellness,健康功效,Marketing claims
230098,taste,positive,there is no change in the great taste,B000WB1YSE,Tea,5,Taste,口感,Product / Sourcing
230098,delivery,positive,considering the long shipping process,B000WB1YSE,Tea,5,Delivery,物流,Logistics
70067,taste,positive,mango/pineapple is delicious! ... But it is pretty tasty!,B007I7Z3Z0,Tea,4,Taste,口感,Product / Sourcing
70067,brewing_convenience,positive,It mixes easily and leaves no residue,B007I7Z3Z0,Tea,4,Brewing & convenience,冲泡与便利,Product / Content
70067,listing_accuracy,negative,"misleading title of ""tea with honey""",B007I7Z3Z0,Tea,4,Listing accuracy,描述相符,Listing / Content
43827,freshness_quality,positive,the company uses only the best part of the tea plant,B001EQ5JLE,Tea,5,Freshness & quality,新鲜度与品质,Supply chain / QC
43827,brewing_convenience,positive,pyramid tea bag that allows ample room for the tea to expand,B001EQ5JLE,Tea,5,Brewing & convenience,冲泡与便利,Product / Content
43827,price_value,positive,priced at just over a nickel a tea bag (a good value),B001EQ5JLE,Tea,5,Price & value,价格与性价比,Pricing
230041,taste,negative,Tea is flavorless! Cheap stuff!,B000WB1YSE,Tea,1,Taste,口感,Product / Sourcing
43907,taste,positive,Really smooth full favor tea,B001EQ5JLE,Tea,5,Taste,口感,Product / Sourcing
43907,price_value,positive,Well worth the money.,B001EQ5JLE,Tea,5,Price & value,价格与性价比,Pricing
37183,taste,neutral,"the tea, in my opinion, is average... nothing really to set it apart",B003CK2BQG,Tea,3,Taste,口感,Product / Sourcing
37183,price_value,negative,The biggest negative for me is the price... at the supermarket they usually have sales on tea that would make this a lot cheaper,B003CK2BQG,Tea,3,Price & value,价格与性价比,Pricing
37243,delivery,positive,the item arrived in a very timely fashion.,B003CK2BQG,Tea,4,Delivery,物流,Logistics
145586,packaging,negative,did not receive the tea in its original packaging,B003D4F1QS,Tea,2,Packaging,包装,Packaging
145586,taste,negative,doesn't taste like Earl Grey at all. As a tea it is very good one though. The batch I received had no flavor,B003D4F1QS,Tea,2,Taste,口感,Product / Sourcing
145586,aroma,negative,nice smell of Earl Grey even though it says on the packaging it is,B003D4F1QS,Tea,2,Aroma,香气,Product / Sourcing
538352,taste,positive,we drink it with milk and it like it very much.,B0061IUIDY,Tea,5,Taste,口感,Product / Sourcing
538352,caffeine_energy,positive,switched from coffee in the morning to English breakfast yea,B0061IUIDY,Tea,5,Caffeine & energy,咖啡因与提神,Product / Content
441874,taste,negative,The flavor effect fell flat... has an aftertaste,B004E4HUMY,Tea,1,Taste,口感,Product / Sourcing
123207,taste,positive,tastes great!,B000CQBZOW,Tea,5,Taste,口感,Product / Sourcing
123207,packaging,positive,Each box came packed in clear plastic,B000CQBZOW,Tea,5,Packaging,包装,Packaging
123207,price_value,positive,Good deal for the money.,B000CQBZOW,Tea,5,Price & value,价格与性价比,Pricing
538368,taste,positive,This tea has a good strong flavor,B0061IUIDY,Tea,5,Taste,口感,Product / Sourcing
538368,health_wellness,positive,when I want to relax,B0061IUIDY,Tea,5,Health & wellness,健康功效,Marketing claims
538452,taste,negative,It does seem to have an odd aftertaste. I like that the tea bags are individually wrapped... mediocre black teas,B0061IUIDY,Tea,3,Taste,口感,Product / Sourcing
538452,packaging,positive,tea bags are individually wrapped and they open without tearing,B0061IUIDY,Tea,3,Packaging,包装,Packaging
70243,taste,positive,great tasting product,B007I7Z3Z0,Tea,5,Taste,口感,Product / Sourcing
70243,price_value,negative,frequently over 2.50 a box,B007I7Z3Z0,Tea,5,Price & value,价格与性价比,Pricing
123123,taste,positive,Stash premium licorice to her is very good tasteing,B000CQBZOW,Tea,5,Taste,口感,Product / Sourcing
458656,taste,positive,has a pretty good flavor,B000FFIL92,Tea,3,Taste,口感,Product / Sourcing
458656,freshness_quality,neutral,blossoms also will come apart slightly,B000FFIL92,Tea,3,Freshness & quality,新鲜度与品质,Supply chain / QC
33888,health_wellness,positive,within 1 to 1/2 hrs. I have elimination,B00412W76S,Tea,5,Health & wellness,健康功效,Marketing claims
33888,packaging,positive,tea bags being natural and not bleached,B00412W76S,Tea,5,Packaging,包装,Packaging
70150,taste,positive,tastes fruity,B007I7Z3Z0,Tea,5,Taste,口感,Product / Sourcing
70150,brewing_convenience,positive,convenient to carry along to flavor water,B007I7Z3Z0,Tea,5,Brewing & convenience,冲泡与便利,Product / Content
70150,health_wellness,positive,green tea has health benefits,B007I7Z3Z0,Tea,5,Health & wellness,健康功效,Marketing claims
521492,packaging,negative,pyramid shape... seemed messy... dripped,B007JFXWRC,Tea,2,Packaging,包装,Packaging
521492,aroma,positive,smell of the tea brewing was nice,B007JFXWRC,Tea,2,Aroma,香气,Product / Sourcing
521492,taste,negative,flavor was a disappointment all around,B007JFXWRC,Tea,2,Taste,口感,Product / Sourcing
538232,taste,neutral,Higgins & Burke Chai was alright,B0061IUIDY,Tea,3,Taste,口感,Product / Sourcing
538232,freshness_quality,negative,more spice/tea dust than usual inside the envelope,B0061IUIDY,Tea,3,Freshness & quality,新鲜度与品质,Supply chain / QC
230043,taste,negative,diluted tasteless crap,B000WB1YSE,Tea,1,Taste,口感,Product / Sourcing
136064,health_wellness,negative,Nothing healthy about that,B005SPQENY,Tea,2,Health & wellness,健康功效,Marketing claims
136064,taste,negative,acidity... is really strong... extremely sweet,B005SPQENY,Tea,2,Taste,口感,Product / Sourcing
145723,taste,positive,best tea I have ever had,B003D4F1QS,Tea,5,Taste,口感,Product / Sourcing
145723,delivery,positive,"Shipping was reasonable, and I received it within a week",B003D4F1QS,Tea,5,Delivery,物流,Logistics
145723,packaging,negative,tea bags were all scattered about inside the box,B003D4F1QS,Tea,5,Packaging,包装,Packaging
145723,freshness_quality,positive,expiration/use by date was clearly stamped,B003D4F1QS,Tea,5,Freshness & quality,新鲜度与品质,Supply chain / QC
222532,taste,positive,pleasant and refreshing,B004E4CCSQ,Tea,4,Taste,口感,Product / Sourcing
222532,packaging,negative,not an exact science on how much to squirt,B004E4CCSQ,Tea,4,Packaging,包装,Packaging
62133,taste,positive,all-time favorite,B000CQG8K8,Tea,5,Taste,口感,Product / Sourcing
441760,taste,positive,it actually tastes very good,B004E4HUMY,Tea,3,Taste,口感,Product / Sourcing
441760,listing_accuracy,negative,does not taste like tea,B004E4HUMY,Tea,3,Listing accuracy,描述相符,Listing / Content
538426,taste,neutral,a very average chai tea,B0061IUIDY,Tea,3,Taste,口感,Product / Sourcing
181909,health_wellness,positive,helped to increase my supply,B0009F3POY,Tea,5,Health & wellness,健康功效,Marketing claims
181909,taste,positive,Tasty Tea,B0009F3POY,Tea,5,Taste,口感,Product / Sourcing
458577,packaging,negative,"box itself is very flimsy, the tea pot is a joke!",B000FFIL92,Tea,1,Packaging,包装,Packaging
458577,taste,negative,flavor is just not as impressive,B000FFIL92,Tea,1,Taste,口感,Product / Sourcing
458577,delivery,negative,NOT returnable!,B000FFIL92,Tea,1,Delivery,物流,Logistics
136009,taste,negative,just don't like the taste of it,B005SPQENY,Tea,1,Taste,口感,Product / Sourcing
33980,health_wellness,positive,"boost alertness and mood, while decreasing anxiety",B00412W76S,Tea,5,Health & wellness,健康功效,Marketing claims
33980,taste,positive,It's a woodsy taste just very appealing,B00412W76S,Tea,5,Taste,口感,Product / Sourcing
33980,caffeine_energy,positive,caffeine free,B00412W76S,Tea,5,Caffeine & energy,咖啡因与提神,Product / Content
181984,taste,negative,It tastes differently and not as intensive,B0009F3POY,Tea,1,Taste,口感,Product / Sourcing
181984,health_wellness,negative,doesnot help with the lactation,B0009F3POY,Tea,1,Health & wellness,健康功效,Marketing claims
181984,listing_accuracy,negative,Seems to be counterfeit,B0009F3POY,Tea,1,Listing accuracy,描述相符,Listing / Content
34009,taste,positive,taste is mild,B00412W76S,Tea,5,Taste,口感,Product / Sourcing
34009,freshness_quality,positive,teas I have tried from them are pure and excellent quality,B00412W76S,Tea,5,Freshness & quality,新鲜度与品质,Supply chain / QC
34009,health_wellness,positive,works like a charm to ease menstrual cramps,B00412W76S,Tea,5,Health & wellness,健康功效,Marketing claims
34009,price_value,positive,Good value for the price,B00412W76S,Tea,5,Price & value,价格与性价比,Pricing
61979,taste,negative,strong clove flavor to this tea,B000CQG8K8,Tea,2,Taste,口感,Product / Sourcing
222526,packaging,positive,The packaging is very small,B004E4CCSQ,Tea,4,Packaging,包装,Packaging
222526,taste,positive,tastes just like peach tea,B004E4CCSQ,Tea,4,Taste,口感,Product / Sourcing
222526,caffeine_energy,neutral,no extra vitamins or caffeine is added,B004E4CCSQ,Tea,4,Caffeine & energy,咖啡因与提神,Product / Content
222526,brewing_convenience,positive,easy to use,B004E4CCSQ,Tea,4,Brewing & convenience,冲泡与便利,Product / Content
441964,taste,neutral,artificial sweetener aftertaste,B004E4HUMY,Tea,4,Taste,口感,Product / Sourcing
441964,packaging,positive,thoughtful packaging,B004E4HUMY,Tea,4,Packaging,包装,Packaging
441964,health_wellness,positive,has zero calories,B004E4HUMY,Tea,4,Health & wellness,健康功效,Marketing claims
441964,price_value,positive,bring my own tap water for next to nothing,B004E4HUMY,Tea,4,Price & value,价格与性价比,Pricing
123129,taste,positive,has exactly the right blend,B000CQBZOW,Tea,5,Taste,口感,Product / Sourcing
70168,taste,positive,really have the mango flavor,B007I7Z3Z0,Tea,4,Taste,口感,Product / Sourcing
70168,freshness_quality,positive,powder itself dissolves without buildup,B007I7Z3Z0,Tea,4,Freshness & quality,新鲜度与品质,Supply chain / QC
70168,price_value,positive,amazon offers good discounts when you buy in bulk,B007I7Z3Z0,Tea,4,Price & value,价格与性价比,Pricing
70168,packaging,negative,buying this separately is not a good option,B007I7Z3Z0,Tea,4,Packaging,包装,Packaging
181897,taste,positive,it tastes great,B0009F3POY,Tea,5,Taste,口感,Product / Sourcing
181897,health_wellness,positive,best tea for nursing moms,B0009F3POY,Tea,5,Health & wellness,健康功效,Marketing claims
136075,taste,positive,"flavor is rather subtle, but very delicious",B005SPQENY,Tea,4,Taste,口感,Product / Sourcing
441846,taste,positive,It tastes great and similar to McDonalds sweet tea,B004E4HUMY,Tea,4,Taste,口感,Product / Sourcing
441846,brewing_convenience,positive,convenient to just make one glass,B004E4HUMY,Tea,4,Brewing & convenience,冲泡与便利,Product / Content
123169,taste,positive,best flavor of any of the chamomiles,B000CQBZOW,Tea,5,Taste,口感,Product / Sourcing
123169,price_value,positive,price is not premium,B000CQBZOW,Tea,5,Price & value,价格与性价比,Pricing
123169,health_wellness,positive,Very soothing,B000CQBZOW,Tea,5,Health & wellness,健康功效,Marketing claims
441880,taste,positive,Taste great and already slightly sweet,B004E4HUMY,Tea,5,Taste,口感,Product / Sourcing
441880,packaging,positive,small enough to fit in your purse,B004E4HUMY,Tea,5,Packaging,包装,Packaging
181832,taste,positive,Tasted good,B0009F3POY,Tea,3,Taste,口感,Product / Sourcing
181832,health_wellness,negative,didn't seem to do anything for me,B0009F3POY,Tea,3,Health & wellness,健康功效,Marketing claims
70312,taste,negative,All you can taste is artificial sweetener,B007I7Z3Z0,Tea,1,Taste,口感,Product / Sourcing
70312,listing_accuracy,negative,"describe this product as ""sweetened with honey""",B007I7Z3Z0,Tea,1,Listing accuracy,描述相符,Listing / Content
230044,taste,negative,It tastes terrible,B000WB1YSE,Tea,1,Taste,口感,Product / Sourcing
230044,listing_accuracy,negative,It's not matcha. If it was it would not be in tea bags.,B000WB1YSE,Tea,1,Listing accuracy,描述相符,Listing / Content
43848,price_value,positive,find it at such a good price,B001EQ5JLE,Tea,5,Price & value,价格与性价比,Pricing
37255,taste,positive,It tastes good,B003CK2BQG,Tea,4,Taste,口感,Product / Sourcing
37255,aroma,positive,wonderful aroma,B003CK2BQG,Tea,4,Aroma,香气,Product / Sourcing
37255,health_wellness,positive,try to switch to green tea because of the health benefits,B003CK2BQG,Tea,4,Health & wellness,健康功效,Marketing claims
135940,taste,positive,Its sweet but not too sweet,B005SPQENY,Tea,5,Taste,口感,Product / Sourcing
37277,taste,positive,best tasting... naturally sweetest and has no bitterness,B003CK2BQG,Tea,5,Taste,口感,Product / Sourcing
37277,health_wellness,positive,"Green Tea is incredibly healthy, rich in anti-oxidants",B003CK2BQG,Tea,5,Health & wellness,健康功效,Marketing claims
37277,caffeine_energy,positive,one quarter the amount of caffiene than in coffee,B003CK2BQG,Tea,5,Caffeine & energy,咖啡因与提神,Product / Content
37277,brewing_convenience,positive,easier to brew too!,B003CK2BQG,Tea,5,Brewing & convenience,冲泡与便利,Product / Content
37277,price_value,positive,The price is quite reasonable,B003CK2BQG,Tea,5,Price & value,价格与性价比,Pricing
61962,taste,positive,nothing else tastes this good,B000CQG8K8,Tea,5,Taste,口感,Product / Sourcing
230099,taste,positive,bright green appearance and flavor,B000WB1YSE,Tea,5,Taste,口感,Product / Sourcing
145792,taste,positive,has a pretty good flavor,B003D4F1QS,Tea,4,Taste,口感,Product / Sourcing
145792,price_value,positive,it's a good price,B003D4F1QS,Tea,4,Price & value,价格与性价比,Pricing
62029,taste,positive,very good product!,B000CQG8K8,Tea,4,Taste,口感,Product / Sourcing
43817,taste,neutral,"middling tea bag tea, this is a good brand",B001EQ5JLE,Tea,5,Taste,口感,Product / Sourcing
43817,delivery,neutral,Now you can buy countless hundreds of bags via Amazon.,B001EQ5JLE,Tea,5,Delivery,物流,Logistics
521495,taste,neutral,blackberry/raspberry flavor is gone in the first cup,B007JFXWRC,Tea,3,Taste,口感,Product / Sourcing
521495,brewing_convenience,negative,each tea bag is basically good for exactly one cup,B007JFXWRC,Tea,3,Brewing & convenience,冲泡与便利,Product / Content
458672,delivery,negative,Item never received after 1 month,B000FFIL92,Tea,1,Delivery,物流,Logistics
441900,taste,negative,tastes to fakey to me,B004E4HUMY,Tea,2,Taste,口感,Product / Sourcing
441900,brewing_convenience,positive,super concentrated drink liquidin a nice tiny bottle,B004E4HUMY,Tea,2,Brewing & convenience,冲泡与便利,Product / Content
441902,taste,negative,definitely does not taste like any kind of tea,B004E4HUMY,Tea,1,Taste,口感,Product / Sourcing
441902,price_value,negative,waste my money,B004E4HUMY,Tea,1,Price & value,价格与性价比,Pricing
441902,health_wellness,negative,has propylene glycol and nothing of value,B004E4HUMY,Tea,1,Health & wellness,健康功效,Marketing claims
458580,taste,positive,taste and fragrance. Each bloom yields 3 pots,B000FFIL92,Tea,5,Taste,口感,Product / Sourcing
458580,aroma,positive,"unique in bloom, taste and fragrance",B000FFIL92,Tea,5,Aroma,香气,Product / Sourcing
458580,packaging,positive,"2 attractive, reusable and sustainable bamboo boxes",B000FFIL92,Tea,5,Packaging,包装,Packaging
458580,price_value,positive,"Amazon's price, which at wholesale is a steal",B000FFIL92,Tea,5,Price & value,价格与性价比,Pricing
458580,freshness_quality,positive,"handmade, artisan product",B000FFIL92,Tea,5,Freshness & quality,新鲜度与品质,Supply chain / QC
135954,taste,positive,this was excellent. She loved it.,B005SPQENY,Tea,5,Taste,口感,Product / Sourcing
521415,taste,negative,It is very tart,B007JFXWRC,Tea,2,Taste,口感,Product / Sourcing
521415,health_wellness,negative,where are the Blackberries? Some leaves that is all,B007JFXWRC,Tea,2,Health & wellness,健康功效,Marketing claims
521415,listing_accuracy,negative,When I see blackberry tea I expect blackberries,B007JFXWRC,Tea,2,Listing accuracy,描述相符,Listing / Content
521388,aroma,positive,"The aroma of the tea as it steeps is ""berry"" mild",B007JFXWRC,Tea,5,Aroma,香气,Product / Sourcing
521388,taste,positive,The flavor of the tea is quite powerful,B007JFXWRC,Tea,5,Taste,口感,Product / Sourcing
521388,packaging,positive,tea bags are quite exotic and classy looking,B007JFXWRC,Tea,5,Packaging,包装,Packaging
538275,taste,negative,a bit of a stale taste,B0061IUIDY,Tea,3,Taste,口感,Product / Sourcing
538275,packaging,positive,box is made from recycled materials,B0061IUIDY,Tea,3,Packaging,包装,Packaging
538275,health_wellness,positive,part of the ethical tea partnership,B0061IUIDY,Tea,3,Health & wellness,健康功效,Marketing claims
521490,taste,positive,blackberry taste is definitely stronger than the vanilla,B007JFXWRC,Tea,4,Taste,口感,Product / Sourcing
521490,brewing_convenience,positive,pyramid shaped tea bags gives more room for water,B007JFXWRC,Tea,4,Brewing & convenience,冲泡与便利,Product / Content
521490,freshness_quality,positive,you can really see the fruit in the tea bags,B007JFXWRC,Tea,4,Freshness & quality,新鲜度与品质,Supply chain / QC
458694,taste,positive,tea its self did have a good flavor,B000FFIL92,Tea,2,Taste,口感,Product / Sourcing
458694,packaging,negative,pot gets VERY HOT and is hard to hold,B000FFIL92,Tea,2,Packaging,包装,Packaging
458694,listing_accuracy,negative,"The ""flowers"" are already opened.",B000FFIL92,Tea,2,Listing accuracy,描述相符,Listing / Content
521460,taste,positive,has a very nice fruity taste,B007JFXWRC,Tea,4,Taste,口感,Product / Sourcing
521460,caffeine_energy,neutral,This is a herbal tea so there is no caffeine.,B007JFXWRC,Tea,4,Caffeine & energy,咖啡因与提神,Product / Content
521460,brewing_convenience,positive,"brewed up tasty enough, even with a 12-ounce cup",B007JFXWRC,Tea,4,Brewing & convenience,冲泡与便利,Product / Content
37193,taste,positive,healthy and delicious- hot or cold,B003CK2BQG,Tea,5,Taste,口感,Product / Sourcing
37193,health_wellness,positive,green and white tea is healthy,B003CK2BQG,Tea,5,Health & wellness,健康功效,Marketing claims
37193,brewing_convenience,positive,keep a jug of iced green and white tea,B003CK2BQG,Tea,5,Brewing & convenience,冲泡与便利,Product / Content
70316,taste,negative,unnatural gross sweetness and I can't even find words,B007I7Z3Z0,Tea,1,Taste,口感,Product / Sourcing
70316,price_value,negative,Save your money.,B007I7Z3Z0,Tea,1,Price & value,价格与性价比,Pricing
181969,taste,positive,it tastes alright,B0009F3POY,Tea,4,Taste,口感,Product / Sourcing
181969,price_value,positive,the price is right,B0009F3POY,Tea,4,Price & value,价格与性价比,Pricing
181969,health_wellness,positive,Evaluate your entire lactation profile,B0009F3POY,Tea,4,Health & wellness,健康功效,Marketing claims
521335,taste,positive,Pleasant berry taste with just a trace of vanilla,B007JFXWRC,Tea,4,Taste,口感,Product / Sourcing
521335,packaging,positive,cute little bag shaped like a pyramid,B007JFXWRC,Tea,4,Packaging,包装,Packaging
136004,taste,negative,very sweet tasting and it had bits and flecks,B005SPQENY,Tea,2,Taste,口感,Product / Sourcing
136004,freshness_quality,negative,flecks of stuff in it.. looks weird,B005SPQENY,Tea,2,Freshness & quality,新鲜度与品质,Supply chain / QC
521499,taste,positive,little fruit pieces found within do provide a lot of flavor,B007JFXWRC,Tea,5,Taste,口感,Product / Sourcing
521499,brewing_convenience,positive,Love the pyramid shape bags,B007JFXWRC,Tea,5,Brewing & convenience,冲泡与便利,Product / Content
229991,price_value,positive,The price was a key factor,B000WB1YSE,Tea,5,Price & value,价格与性价比,Pricing
229991,delivery,positive,delivery was made in a minimum amount of time,B000WB1YSE,Tea,5,Delivery,物流,Logistics
229991,packaging,positive,the item arrived in a well packed box in perfect condition,B000WB1YSE,Tea,5,Packaging,包装,Packaging
229991,freshness_quality,positive,very pleased with the quality of the product,B000WB1YSE,Tea,5,Freshness & quality,新鲜度与品质,Supply chain / QC
222306,taste,negative,lingering artificial sweetener bitterness,B004E4CCSQ,Tea,2,Taste,口感,Product / Sourcing
222306,packaging,positive,the squirt action on these bottles is very cool,B004E4CCSQ,Tea,2,Packaging,包装,Packaging
181944,taste,positive,enjoy it as an iced tea,B0009F3POY,Tea,4,Taste,口感,Product / Sourcing
181944,brewing_convenience,positive,brew up some concentrate (about 5 bags in a cup),B0009F3POY,Tea,4,Brewing & convenience,冲泡与便利,Product / Content
181944,health_wellness,positive,helps my lactation,B0009F3POY,Tea,4,Health & wellness,健康功效,Marketing claims
33934,delivery,positive,Received in good condition and in a timely manner,B00412W76S,Tea,4,Delivery,物流,Logistics
33934,health_wellness,positive,Great for relaxing the heart,B00412W76S,Tea,4,Health & wellness,健康功效,Marketing claims
538306,taste,positive,isn't a bitter tea and is quite smooth,B0061IUIDY,Tea,4,Taste,口感,Product / Sourcing
538306,aroma,positive,clearly smell the bergamot oil -- it is quite pleasant,B0061IUIDY,Tea,4,Aroma,香气,Product / Sourcing
538306,packaging,positive,each individually wrapped... 100% recycled fiber,B0061IUIDY,Tea,4,Packaging,包装,Packaging
135993,taste,positive,"Fruity, but not too sweet, so it was truly refreshing",B005SPQENY,Tea,4,Taste,口感,Product / Sourcing
135993,price_value,positive,priced competitively with other drinks of its kind,B005SPQENY,Tea,4,Price & value,价格与性价比,Pricing
135993,health_wellness,neutral,approximately 120 calories per bottle,B005SPQENY,Tea,4,Health & wellness,健康功效,Marketing claims
538277,taste,positive,wonderful tasting with just a little bit of sweetener,B0061IUIDY,Tea,5,Taste,口感,Product / Sourcing
33902,taste,positive,tasts good,B00412W76S,Tea,5,Taste,口感,Product / Sourcing
33902,health_wellness,positive,awesome for detox,B00412W76S,Tea,5,Health & wellness,健康功效,Marketing claims
230091,taste,neutral,"good green tea, but only has a light sprinkling of matcha",B000WB1YSE,Tea,3,Taste,口感,Product / Sourcing
230091,listing_accuracy,neutral,"barely ""Matcha""",B000WB1YSE,Tea,3,Listing accuracy,描述相符,Listing / Content
538282,taste,positive,"full flavored, smooth, and delicious",B0061IUIDY,Tea,5,Taste,口感,Product / Sourcing
538282,caffeine_energy,positive,really perks me up,B0061IUIDY,Tea,5,Caffeine & energy,咖啡因与提神,Product / Content
145758,taste,negative,NO TASTE AT ALL,B003D4F1QS,Tea,1,Taste,口感,Product / Sourcing
145758,listing_accuracy,negative,"found NO SPICES, just black tea",B003D4F1QS,Tea,1,Listing accuracy,描述相符,Listing / Content
145758,price_value,negative,total waste of money,B003D4F1QS,Tea,1,Price & value,价格与性价比,Pricing
70056,taste,positive,pleasurable taste,B007I7Z3Z0,Tea,5,Taste,口感,Product / Sourcing
70056,aroma,positive,smells soooooo Summer,B007I7Z3Z0,Tea,5,Aroma,香气,Product / Sourcing
70056,brewing_convenience,positive,Dissolves almost instantly,B007I7Z3Z0,Tea,5,Brewing & convenience,冲泡与便利,Product / Content
61963,taste,positive,"definitely ""double"" in spicy, chai flavor",B000CQG8K8,Tea,5,Taste,口感,Product / Sourcing
61963,price_value,positive,can't beat the deal especially with the Prime program,B000CQG8K8,Tea,5,Price & value,价格与性价比,Pricing
37259,aroma,positive,smells wonderful,B003CK2BQG,Tea,4,Aroma,香气,Product / Sourcing
37259,taste,positive,tastes pleasant,B003CK2BQG,Tea,4,Taste,口感,Product / Sourcing
37230,taste,positive,best Jasmine Green Tea so far,B003CK2BQG,Tea,4,Taste,口感,Product / Sourcing
43764,taste,positive,The taste of this tea both with milk and without stands out,B001EQ5JLE,Tea,5,Taste,口感,Product / Sourcing
43764,brewing_convenience,positive,You can use the same bag for about 3 cups,B001EQ5JLE,Tea,5,Brewing & convenience,冲泡与便利,Product / Content
521414,aroma,negative,It doesn't really have much of a smell,B007JFXWRC,Tea,2,Aroma,香气,Product / Sourcing
521414,taste,negative,"It tastes as much like tea as it looks like tea, which is not at all",B007JFXWRC,Tea,2,Taste,口感,Product / Sourcing
181866,health_wellness,negative,didn't notice a thing,B0009F3POY,Tea,1,Health & wellness,健康功效,Marketing claims
181866,taste,positive,I do like the taste now espically with adding honey,B0009F3POY,Tea,1,Taste,口感,Product / Sourcing
37340,taste,positive,perfect mild blend,B003CK2BQG,Tea,5,Taste,口感,Product / Sourcing
37340,health_wellness,positive,all natural... on my detox,B003CK2BQG,Tea,5,Health & wellness,健康功效,Marketing claims
70159,taste,positive,subtle flavors of blackberry & pomegranate & honey,B007I7Z3Z0,Tea,4,Taste,口感,Product / Sourcing
521459,taste,positive,It has a strong berry taste with just a hit of vanilla.,B007JFXWRC,Tea,5,Taste,口感,Product / Sourcing
62057,taste,positive,It has a smooth flavor - and I can taste that flavor with milk and sugar too.,B000CQG8K8,Tea,5,Taste,口感,Product / Sourcing
222519,taste,negative,"mostly peach flavored, but the tea portion means... weird lacking taste",B004E4CCSQ,Tea,2,Taste,口感,Product / Sourcing
222519,packaging,positive,I do like the little container. It is small and discreet.,B004E4CCSQ,Tea,2,Packaging,包装,Packaging
458664,listing_accuracy,negative,"pictures are nothing like the actual ""flowers"" which are drab",B000FFIL92,Tea,1,Listing accuracy,描述相符,Listing / Content
458664,brewing_convenience,negative,pot would only be big enough for one small cup,B000FFIL92,Tea,1,Brewing & convenience,冲泡与便利,Product / Content
182012,taste,positive,I think the tea is really delicious,B0009F3POY,Tea,5,Taste,口感,Product / Sourcing
182012,health_wellness,positive,wanting to maintain a healthy milk supply,B0009F3POY,Tea,5,Health & wellness,健康功效,Marketing claims
182012,brewing_convenience,neutral,"needs to be steeped, which can be a minor inconvenience",B0009F3POY,Tea,5,Brewing & convenience,冲泡与便利,Product / Content
182012,freshness_quality,positive,"uses organic, vegan, non-GMO, pharmacopoeial-grade herbs",B0009F3POY,Tea,5,Freshness & quality,新鲜度与品质,Supply chain / QC
521383,taste,positive,you're going to go wild over blackberry vanilla,B007JFXWRC,Tea,5,Taste,口感,Product / Sourcing
521383,freshness_quality,neutral,grit of tea leaves in their mouths,B007JFXWRC,Tea,5,Freshness & quality,新鲜度与品质,Supply chain / QC
181819,health_wellness,positive,helping bring in my milk after my babies are born,B0009F3POY,Tea,5,Health & wellness,健康功效,Marketing claims
230123,taste,positive,"It is aromatic, flavorful, and makes me feel like I am ingesting something healthy!",B000WB1YSE,Tea,5,Taste,口感,Product / Sourcing
230123,aroma,positive,It is aromatic,B000WB1YSE,Tea,5,Aroma,香气,Product / Sourcing
230123,price_value,positive,$23 is not a terrible price for this tea - that's only $0.23 a bag,B000WB1YSE,Tea,5,Price & value,价格与性价比,Pricing
230123,caffeine_energy,positive,trying to replace my coffee addiction with something healthier (but still caffeinated!),B000WB1YSE,Tea,5,Caffeine & energy,咖啡因与提神,Product / Content
458741,taste,negative,very disappointed with the quality of the tea flowers (a big mushy ugly mess),B000FFIL92,Tea,2,Taste,口感,Product / Sourcing
458741,packaging,negative,bamboo box it was sent in (very cheap),B000FFIL92,Tea,2,Packaging,包装,Packaging
458741,delivery,negative,item was on backorder and would not arrive until the week following,B000FFIL92,Tea,2,Delivery,物流,Logistics
458682,price_value,positive,Amazon has a good price on this product compare to other places.,B000FFIL92,Tea,2,Price & value,价格与性价比,Pricing
458682,taste,neutral,don't expect too much on the taste.,B000FFIL92,Tea,2,Taste,口感,Product / Sourcing
458682,packaging,negative,bamboo box that contain the tea set is poorly made.,B000FFIL92,Tea,2,Packaging,包装,Packaging
145524,taste,positive,Tea has a very smooth and refreshing taste to it.,B003D4F1QS,Tea,5,Taste,口感,Product / Sourcing
458669,brewing_convenience,negative,disappointed to see how tiny the tea pot is. It's definitely a one-person pot.,B000FFIL92,Tea,3,Brewing & convenience,冲泡与便利,Product / Content
458669,packaging,positive,The gift box looks nice.,B000FFIL92,Tea,3,Packaging,包装,Packaging
62085,taste,positive,Stash is by far the best.,B000CQG8K8,Tea,5,Taste,口感,Product / Sourcing
62139,taste,neutral,spicy but not really strong enough for me,B000CQG8K8,Tea,4,Taste,口感,Product / Sourcing
62139,aroma,positive,smells wonderful as it's brewing,B000CQG8K8,Tea,4,Aroma,香气,Product / Sourcing
230012,taste,positive,taste is complex with notes of sweet grass and nuts.,B000WB1YSE,Tea,4,Taste,口感,Product / Sourcing
230012,freshness_quality,neutral,sencha tea leaves are not very good quality as they have a lot of stems,B000WB1YSE,Tea,4,Freshness & quality,新鲜度与品质,Supply chain / QC
230012,packaging,negative,matcha powder goes all over the place,B000WB1YSE,Tea,4,Packaging,包装,Packaging
222291,taste,negative,The peach taste was disappointing.,B004E4CCSQ,Tea,1,Taste,口感,Product / Sourcing
33879,health_wellness,positive,Helped when I had a cold and soar throat,B00412W76S,Tea,5,Health & wellness,健康功效,Marketing claims
145860,listing_accuracy,negative,product features says it is DeCaf... box shows regular tea,B003D4F1QS,Tea,1,Listing accuracy,描述相符,Listing / Content
43860,caffeine_energy,negative,became very jittery... too strong for Americans,B001EQ5JLE,Tea,4,Caffeine & energy,咖啡因与提神,Product / Content
43860,taste,positive,It's still good.,B001EQ5JLE,Tea,4,Taste,口感,Product / Sourcing
123151,taste,negative,this tea has a bitter taste and not much ginger,B000CQBZOW,Tea,2,Taste,口感,Product / Sourcing
136025,taste,positive,Natural passion fruit and yummy aloe vera taste.,B005SPQENY,Tea,4,Taste,口感,Product / Sourcing
123220,taste,positive,The flavor is great hot or cold.,B000CQBZOW,Tea,5,Taste,口感,Product / Sourcing
123220,health_wellness,positive,The hibiscus is great for your kidneys.,B000CQBZOW,Tea,5,Health & wellness,健康功效,Marketing claims
123220,price_value,positive,The price is very reasonable,B000CQBZOW,Tea,5,Price & value,价格与性价比,Pricing
123220,caffeine_energy,neutral,"due to the large amounts of coffee I drink, I like to detox",B000CQBZOW,Tea,5,Caffeine & energy,咖啡因与提神,Product / Content
70156,health_wellness,negative,disappointed to find sucralose (artificial sweetener),B007I7Z3Z0,Tea,3,Health & wellness,健康功效,Marketing claims
70156,brewing_convenience,positive,convenience of having a tube of powder to pour into my water bottle,B007I7Z3Z0,Tea,3,Brewing & convenience,冲泡与便利,Product / Content
70156,taste,positive,I did like the taste,B007I7Z3Z0,Tea,3,Taste,口感,Product / Sourcing
222350,price_value,negative,a little pricier on Amazon compared to our grocery store,B004E4CCSQ,Tea,4,Price & value,价格与性价比,Pricing
222350,brewing_convenience,positive,the convenience factor wins out.,B004E4CCSQ,Tea,4,Brewing & convenience,冲泡与便利,Product / Content
222350,taste,positive,Sweet Tea is the least enjoyable,B004E4CCSQ,Tea,4,Taste,口感,Product / Sourcing
222350,health_wellness,positive,help me get my water intake up and reduce my sodas,B004E4CCSQ,Tea,4,Health & wellness,健康功效,Marketing claims
70231,brewing_convenience,negative,mixture clumps up if not shaken well,B007I7Z3Z0,Tea,5,Brewing & convenience,冲泡与便利,Product / Content
70231,taste,positive,sweetness of blackberry tempered by the tartness,B007I7Z3Z0,Tea,5,Taste,口感,Product / Sourcing
521333,aroma,positive,nice aroma,B007JFXWRC,Tea,5,Aroma,香气,Product / Sourcing
521333,taste,positive,great taste,B007JFXWRC,Tea,5,Taste,口感,Product / Sourcing
521333,brewing_convenience,positive,makes a great iced tea,B007JFXWRC,Tea,5,Brewing & convenience,冲泡与便利,Product / Content
521333,caffeine_energy,positive,Caffeine- free means I can enjoy in the evenings.,B007JFXWRC,Tea,5,Caffeine & energy,咖啡因与提神,Product / Content
521333,packaging,positive,"triangle-shape mesh bag, so you can see the ingredients",B007JFXWRC,Tea,5,Packaging,包装,Packaging
181941,taste,negative,it was gross.,B0009F3POY,Tea,1,Taste,口感,Product / Sourcing
62062,taste,negative,berrgamot is some weird essence,B000CQG8K8,Tea,1,Taste,口感,Product / Sourcing
62062,aroma,negative,smelled like whisky and Southern Comfort,B000CQG8K8,Tea,1,Aroma,香气,Product / Sourcing
441835,taste,negative,it was a mediocre letdown.,B004E4HUMY,Tea,2,Taste,口感,Product / Sourcing
441835,packaging,negative,shot out at about a 45 degree angle,B004E4HUMY,Tea,2,Packaging,包装,Packaging
145788,taste,negative,nasty bitter taste,B003D4F1QS,Tea,1,Taste,口感,Product / Sourcing
145788,packaging,positive,box haphazardly-crammed full of 100 tea envelopes,B003D4F1QS,Tea,1,Packaging,包装,Packaging
145788,health_wellness,negative,one of the ingredients is citric acid,B003D4F1QS,Tea,1,Health & wellness,健康功效,Marketing claims
230128,taste,neutral,I didn't like the taste of it as much,B000WB1YSE,Tea,2,Taste,口感,Product / Sourcing
230128,caffeine_energy,negative,didn't feel any different... didn't feel that little lift,B000WB1YSE,Tea,2,Caffeine & energy,咖啡因与提神,Product / Content
70114,taste,negative,very artificial,B007I7Z3Z0,Tea,2,Taste,口感,Product / Sourcing
70114,aroma,negative,The smell was even artificial,B007I7Z3Z0,Tea,2,Aroma,香气,Product / Sourcing
70114,brewing_convenience,negative,took some time and a lot of shaking for all of the particles to dissolve,B007I7Z3Z0,Tea,2,Brewing & convenience,冲泡与便利,Product / Content
62156,taste,negative,could not taste anything...you got it nothing.,B000CQG8K8,Tea,1,Taste,口感,Product / Sourcing
136094,taste,positive,really like the taste of this tea.,B005SPQENY,Tea,5,Taste,口感,Product / Sourcing
136094,price_value,negative,It's a little on the pricey side,B005SPQENY,Tea,5,Price & value,价格与性价比,Pricing
136094,health_wellness,positive,healthier alternative to candy or soda,B005SPQENY,Tea,5,Health & wellness,健康功效,Marketing claims
441868,taste,negative,It tastes like you went to a self serve bar... 1 tea to 3 waters.,B004E4HUMY,Tea,1,Taste,口感,Product / Sourcing
222455,taste,positive,each one is exceptionally good!,B004E4CCSQ,Tea,5,Taste,口感,Product / Sourcing
538421,taste,neutral,This tea is not very robust.,B0061IUIDY,Tea,3,Taste,口感,Product / Sourcing
538421,packaging,negative,it should also be noted that these teabags have staples,B0061IUIDY,Tea,3,Packaging,包装,Packaging
538421,price_value,neutral,Kusmi Tea... is a lot more expensive.,B0061IUIDY,Tea,3,Price & value,价格与性价比,Pricing
145599,taste,negative,flavor intensity of this tea is very weak.,B003D4F1QS,Tea,2,Taste,口感,Product / Sourcing
62146,taste,negative,Cinnamon is about all I taste,B000CQG8K8,Tea,1,Taste,口感,Product / Sourcing
62146,aroma,negative,opened the first packet I could smell that they had changed the recipe.,B000CQG8K8,Tea,1,Aroma,香气,Product / Sourcing
62146,price_value,negative,Pretty expensive for something that tastes mixed by a child.,B000CQG8K8,Tea,1,Price & value,价格与性价比,Pricing
70019,taste,positive,"Pretty sweet, no particular green tea taste.",B007I7Z3Z0,Tea,4,Taste,口感,Product / Sourcing
70019,health_wellness,positive,without a ton of calories,B007I7Z3Z0,Tea,4,Health & wellness,健康功效,Marketing claims
70019,caffeine_energy,positive,without a ton of... caffeine.,B007I7Z3Z0,Tea,4,Caffeine & energy,咖啡因与提神,Product / Content
70019,brewing_convenience,negative,granules take forever to dissolve so it is best used in a water bottle you can shake,B007I7Z3Z0,Tea,4,Brewing & convenience,冲泡与便利,Product / Content
70019,price_value,positive,pitcher sized pack... assume would be more cost effective.,B007I7Z3Z0,Tea,4,Price & value,价格与性价比,Pricing
458481,taste,negative,mostly was unimpressed with the flavors of the green & white teas,B000FFIL92,Tea,2,Taste,口感,Product / Sourcing
458481,packaging,negative,"informational material that seems to be ""gorilla glued"" to the front",B000FFIL92,Tea,2,Packaging,包装,Packaging
458481,brewing_convenience,negative,disagree with the claim that each one makes 3 pots,B000FFIL92,Tea,2,Brewing & convenience,冲泡与便利,Product / Content
458481,listing_accuracy,negative,disagree with the claim that each one makes 3 pots,B000FFIL92,Tea,2,Listing accuracy,描述相符,Listing / Content
230037,taste,neutral,This green tea is decent,B000WB1YSE,Tea,2,Taste,口感,Product / Sourcing
230037,packaging,negative,every single tea bag is in its own plastic pouch,B000WB1YSE,Tea,2,Packaging,包装,Packaging
458549,taste,negative,so far the tea is not drinkable,B000FFIL92,Tea,2,Taste,口感,Product / Sourcing
458549,aroma,negative,after pouring water over it a horrible smell came off,B000FFIL92,Tea,2,Aroma,香气,Product / Sourcing
458549,packaging,positive,I give 2 stars for a great bamboo box,B000FFIL92,Tea,2,Packaging,包装,Packaging
458549,listing_accuracy,negative,without labels you don't know if you pour hot water,B000FFIL92,Tea,2,Listing accuracy,描述相符,Listing / Content
230103,taste,positive,This kirkland imported tea from japan is good,B000WB1YSE,Tea,4,Taste,口感,Product / Sourcing
230103,listing_accuracy,neutral,"not ""matcha"" like it tries to state on the label",B000WB1YSE,Tea,4,Listing accuracy,描述相符,Listing / Content
521384,taste,positive,"flavor was well blended, like blackberry with only a hint of vanilla",B007JFXWRC,Tea,5,Taste,口感,Product / Sourcing
521384,health_wellness,positive,low cal/no cal and just enjoy,B007JFXWRC,Tea,5,Health & wellness,健康功效,Marketing claims
222391,taste,negative,inferior on the palate by far to even KoolAid,B004E4CCSQ,Tea,1,Taste,口感,Product / Sourcing
222391,packaging,negative,all the info is stripped away and destroyed,B004E4CCSQ,Tea,1,Packaging,包装,Packaging
222391,brewing_convenience,positive,if only convenience matters as to storage and application,B004E4CCSQ,Tea,1,Brewing & convenience,冲泡与便利,Product / Content
123172,taste,positive,superior mint tea over other fancy tea brands,B000CQBZOW,Tea,5,Taste,口感,Product / Sourcing
123172,freshness_quality,positive,particularly like the fresh blend,B000CQBZOW,Tea,5,Freshness & quality,新鲜度与品质,Supply chain / QC
62044,taste,positive,After adding Maxwell House... it was delicious!,B000CQG8K8,Tea,4,Taste,口感,Product / Sourcing
458627,taste,neutral,the tea didn't taste bad,B000FFIL92,Tea,2,Taste,口感,Product / Sourcing
458627,packaging,positive,the box is adorable,B000FFIL92,Tea,2,Packaging,包装,Packaging
458627,freshness_quality,negative,flowers were mostly just brown crap,B000FFIL92,Tea,2,Freshness & quality,新鲜度与品质,Supply chain / QC
458627,listing_accuracy,negative,aren't at all like the photographs,B000FFIL92,Tea,2,Listing accuracy,描述相符,Listing / Content
222283,taste,negative,"unpleasant taste! ... very ""chemical"" taste",B004E4CCSQ,Tea,1,Taste,口感,Product / Sourcing
222283,packaging,positive,small container that travels easily and has very little packaging,B004E4CCSQ,Tea,1,Packaging,包装,Packaging
222283,brewing_convenience,negative,very hard to measure a consistent amount,B004E4CCSQ,Tea,1,Brewing & convenience,冲泡与便利,Product / Content
123082,taste,positive,Tastes great.,B000CQBZOW,Tea,5,Taste,口感,Product / Sourcing
123082,price_value,positive,savings and convenience of Amazon.com's Subscribe & Save.,B000CQBZOW,Tea,5,Price & value,价格与性价比,Pricing
123082,health_wellness,positive,trouble with indigestion and heart burn. This tea definitely seems to help,B000CQBZOW,Tea,5,Health & wellness,健康功效,Marketing claims
458494,taste,positive,Numi's teas generaly taste good,B000FFIL92,Tea,4,Taste,口感,Product / Sourcing
458494,packaging,positive,Very nicely packaged. An attractice gift.,B000FFIL92,Tea,4,Packaging,包装,Packaging
222333,taste,positive,"Some of the Mios taste great, like this one",B004E4CCSQ,Tea,5,Taste,口感,Product / Sourcing
222333,brewing_convenience,positive,"don't have to dissolve, which is a problem with some of the powders",B004E4CCSQ,Tea,5,Brewing & convenience,冲泡与便利,Product / Content
70329,taste,neutral,"Overall, the taste is good but only if you dilute it tremendously.",B007I7Z3Z0,Tea,3,Taste,口感,Product / Sourcing
70329,packaging,negative,starter cut that allows for easy opening of the package is too deep,B007I7Z3Z0,Tea,3,Packaging,包装,Packaging
70329,brewing_convenience,negative,powder does not completely dissolve,B007I7Z3Z0,Tea,3,Brewing & convenience,冲泡与便利,Product / Content
145581,taste,positive,enjoy this jasmine green tea... very pleasant,B003D4F1QS,Tea,4,Taste,口感,Product / Sourcing
145581,aroma,positive,The jasmine has a wonderful aroma,B003D4F1QS,Tea,4,Aroma,香气,Product / Sourcing
181986,health_wellness,positive,This tea has helped SO much! ... worried about my supply.,B0009F3POY,Tea,5,Health & wellness,健康功效,Marketing claims
70342,taste,negative,Answer - BAD. This tea is more like kool-aid than flavored tea.,B007I7Z3Z0,Tea,2,Taste,口感,Product / Sourcing
123109,taste,positive,It's delicious...best hot after steeping for a full 5 minutes.,B000CQBZOW,Tea,4,Taste,口感,Product / Sourcing
123109,brewing_convenience,positive,best hot after steeping for a full 5 minutes.,B000CQBZOW,Tea,4,Brewing & convenience,冲泡与便利,Product / Content
123175,taste,positive,Chamomile teas they are very a mild... Adding just a little raw honey enhances the flavor,B000CQBZOW,Tea,4,Taste,口感,Product / Sourcing
123175,packaging,positive,convenience of a foil package,B000CQBZOW,Tea,4,Packaging,包装,Packaging
123175,brewing_convenience,positive,leave the bag in without worrying if it was to get too strong,B000CQBZOW,Tea,4,Brewing & convenience,冲泡与便利,Product / Content
123175,health_wellness,positive,sleep ... relax you ... ginger helps sooth the tummy,B000CQBZOW,Tea,4,Health & wellness,健康功效,Marketing claims
37267,taste,positive,"Either way, it is a great tea. Definitely recommend it.",B003CK2BQG,Tea,4,Taste,口感,Product / Sourcing
123194,taste,positive,The flavor is light and super-refreshing,B000CQBZOW,Tea,4,Taste,口感,Product / Sourcing
123194,aroma,positive,you can still taste and smell the mint,B000CQBZOW,Tea,4,Aroma,香气,Product / Sourcing
70121,health_wellness,negative,so is sucralose. I know plenty of people are fine with this,B007I7Z3Z0,Tea,2,Health & wellness,健康功效,Marketing claims
70306,taste,negative,Left a metallic tinge in my mouth,B007I7Z3Z0,Tea,1,Taste,口感,Product / Sourcing
43762,taste,positive,PG Tips makes superb iced-tea,B001EQ5JLE,Tea,5,Taste,口感,Product / Sourcing
43762,brewing_convenience,positive,PG Tips makes superb iced-tea,B001EQ5JLE,Tea,5,Brewing & convenience,冲泡与便利,Product / Content
70035,brewing_convenience,positive,A few of these packets in the side pocket... provides a convenient way,B007I7Z3Z0,Tea,3,Brewing & convenience,冲泡与便利,Product / Content
70035,taste,negative,Lipton's Iced Green Tea Mix really is more like Kool-Aid fruit punch,B007I7Z3Z0,Tea,3,Taste,口感,Product / Sourcing
181960,health_wellness,positive,Doubled my milk supply!,B0009F3POY,Tea,5,Health & wellness,健康功效,Marketing claims
181960,price_value,positive,Well worth the money!!,B0009F3POY,Tea,5,Price & value,价格与性价比,Pricing
33894,packaging,positive,It is well packaged and protected.,B00412W76S,Tea,4,Packaging,包装,Packaging
33894,aroma,positive,smells and taste better than I expected!,B00412W76S,Tea,4,Aroma,香气,Product / Sourcing
33894,taste,positive,smells and taste better than I expected!,B00412W76S,Tea,4,Taste,口感,Product / Sourcing
230108,taste,positive,Definitely the best green tea around,B000WB1YSE,Tea,5,Taste,口感,Product / Sourcing
230108,price_value,positive,great price too!,B000WB1YSE,Tea,5,Price & value,价格与性价比,Pricing
37242,price_value,positive,$3.00 cheaper per 120 count on amazon,B003CK2BQG,Tea,5,Price & value,价格与性价比,Pricing
222292,taste,negative,It never tasted like tea. It just tasted bad.,B004E4CCSQ,Tea,1,Taste,口感,Product / Sourcing
37329,taste,positive,The mint and lemongrass keep the tea from being too astringent.,B003CK2BQG,Tea,4,Taste,口感,Product / Sourcing
145683,aroma,positive,This tea smells wonderful,B003D4F1QS,Tea,3,Aroma,香气,Product / Sourcing
145683,taste,negative,It was not as rich in taste as I had hoped for.,B003D4F1QS,Tea,3,Taste,口感,Product / Sourcing
33882,taste,negative,the tea would make this oily film over the top,B00412W76S,Tea,2,Taste,口感,Product / Sourcing
181891,health_wellness,positive,increases milk supply.,B0009F3POY,Tea,5,Health & wellness,健康功效,Marketing claims
441776,brewing_convenience,positive,tiny little package that will flavor up to 24 glasses,B004E4HUMY,Tea,3,Brewing & convenience,冲泡与便利,Product / Content
441776,taste,neutral,this flavor is fine and reminds me a bit of the instant tea,B004E4HUMY,Tea,3,Taste,口感,Product / Sourcing
43750,taste,positive,PG Tips is the best tea in the world.,B001EQ5JLE,Tea,5,Taste,口感,Product / Sourcing
43750,price_value,positive,bulk packaging is much more affordable in the long run.,B001EQ5JLE,Tea,5,Price & value,价格与性价比,Pricing
61989,taste,negative,This cinnamon flavor in this tea is overwhelming.,B000CQG8K8,Tea,2,Taste,口感,Product / Sourcing
538349,packaging,positive,100% recycled (55% post consumer packaging),B0061IUIDY,Tea,5,Packaging,包装,Packaging
538349,taste,positive,This Earl Grey is a mild mix that tastes clean and crisp.,B0061IUIDY,Tea,5,Taste,口感,Product / Sourcing
538349,price_value,positive,this is a very good value,B0061IUIDY,Tea,5,Price & value,价格与性价比,Pricing
441863,brewing_convenience,positive,"MiO comes in hadny 1.62 ounce packs, easy to carry",B004E4HUMY,Tea,2,Brewing & convenience,冲泡与便利,Product / Content
441863,taste,negative,A small dose of MiO Sweet Tea tastes like murky water,B004E4HUMY,Tea,2,Taste,口感,Product / Sourcing
538222,taste,positive,all combinations were tasty,B0061IUIDY,Tea,5,Taste,口感,Product / Sourcing
70347,taste,negative,somehow managing to taste bland and artificial-tasting,B007I7Z3Z0,Tea,2,Taste,口感,Product / Sourcing
70358,brewing_convenience,neutral,The tea crystals do not dissolve easily,B007I7Z3Z0,Tea,3,Brewing & convenience,冲泡与便利,Product / Content
70358,taste,neutral,"The flavor is variable, from sweet to sour to bitter",B007I7Z3Z0,Tea,3,Taste,口感,Product / Sourcing
70358,packaging,positive,The packets are small and easy to carry,B007I7Z3Z0,Tea,3,Packaging,包装,Packaging
123230,price_value,positive,pricing was very competitive and I received delivery... cheaper,B000CQBZOW,Tea,5,Price & value,价格与性价比,Pricing
123230,taste,positive,Wild Rasberry Hibiscus is a very good flavor,B000CQBZOW,Tea,5,Taste,口感,Product / Sourcing
538279,taste,positive,This chai is delightful. It has just the right balance,B0061IUIDY,Tea,5,Taste,口感,Product / Sourcing
33993,taste,positive,had a rather nice smooth flavor,B00412W76S,Tea,5,Taste,口感,Product / Sourcing
37317,taste,negative,all you can taste is lemon grass,B003CK2BQG,Tea,1,Taste,口感,Product / Sourcing
37317,listing_accuracy,negative,Stash has a little bit of false advertising going on,B003CK2BQG,Tea,1,Listing accuracy,描述相符,Listing / Content
70307,listing_accuracy,negative,"product description says ""naturally sweetened..."" But... has sucralose",B007I7Z3Z0,Tea,1,Listing accuracy,描述相符,Listing / Content
70307,health_wellness,negative,If I drink... products with sucralose... I get migraines,B007I7Z3Z0,Tea,1,Health & wellness,健康功效,Marketing claims
145520,taste,positive,this is mellow and just what I was looking for,B003D4F1QS,Tea,4,Taste,口感,Product / Sourcing
145520,health_wellness,positive,perfect for a relaxing cup during the day,B003D4F1QS,Tea,4,Health & wellness,健康功效,Marketing claims
43770,taste,positive,decent (IMO) tea in the US,B001EQ5JLE,Tea,5,Taste,口感,Product / Sourcing
70259,taste,positive,"tea and honey, mango pineapple is my favorite",B007I7Z3Z0,Tea,5,Taste,口感,Product / Sourcing
70259,brewing_convenience,positive,convenient to take of few of these with me at work,B007I7Z3Z0,Tea,5,Brewing & convenience,冲泡与便利,Product / Content
70259,price_value,positive,much less than I would pay for one of their drinks,B007I7Z3Z0,Tea,5,Price & value,价格与性价比,Pricing
145563,taste,positive,"smooth, delicious and delicate flavor",B003D4F1QS,Tea,4,Taste,口感,Product / Sourcing
145563,health_wellness,positive,health benefits of a green tea,B003D4F1QS,Tea,4,Health & wellness,健康功效,Marketing claims
181938,aroma,negative,"very strong herbal fragrance, which my coworkers weren't crazy about",B0009F3POY,Tea,3,Aroma,香气,Product / Sourcing
37205,taste,positive,isn't bitter like other green teas,B003CK2BQG,Tea,5,Taste,口感,Product / Sourcing
123135,price_value,negative,Price dropped by $5 in matter of 2 days,B000CQBZOW,Tea,4,Price & value,价格与性价比,Pricing
123135,delivery,negative,Item didn't even arrive,B000CQBZOW,Tea,4,Delivery,物流,Logistics
123135,taste,positive,tea itself is good,B000CQBZOW,Tea,4,Taste,口感,Product / Sourcing
230021,health_wellness,positive,Green tea is healthier than regular Lipton tea,B000WB1YSE,Tea,4,Health & wellness,健康功效,Marketing claims
222272,taste,negative,"somewhat pleasant bitter-sweet, vaguely hinting at Crème Brûlée",B004E4CCSQ,Tea,2,Taste,口感,Product / Sourcing
222392,taste,negative,tasted like cough medicine,B004E4CCSQ,Tea,1,Taste,口感,Product / Sourcing
222392,brewing_convenience,positive,compact size... would be good to keep in my purse,B004E4CCSQ,Tea,1,Brewing & convenience,冲泡与便利,Product / Content
61954,aroma,positive,co-workers come up to me asking what smells sooooo good!,B000CQG8K8,Tea,5,Aroma,香气,Product / Sourcing
37210,taste,negative,"Very, very mild mint flavor",B003CK2BQG,Tea,3,Taste,口感,Product / Sourcing
37210,listing_accuracy,negative,"With Moroccan Mint clearly plastered on the box, I really expected more",B003CK2BQG,Tea,3,Listing accuracy,描述相符,Listing / Content
145738,price_value,positive,at a very reasonable price,B003D4F1QS,Tea,5,Price & value,价格与性价比,Pricing
145738,packaging,neutral,The packaging is generic,B003D4F1QS,Tea,5,Packaging,包装,Packaging
136074,taste,positive,"Tastes good, sweet, but not overly so.",B005SPQENY,Tea,3,Taste,口感,Product / Sourcing
136074,health_wellness,negative,22 carbs per bottle & 28g of sodium,B005SPQENY,Tea,3,Health & wellness,健康功效,Marketing claims
521370,taste,positive,This tea is delicious.,B007JFXWRC,Tea,4,Taste,口感,Product / Sourcing
521370,aroma,positive,The pungent aromas with the light suggestion of vanilla,B007JFXWRC,Tea,4,Aroma,香气,Product / Sourcing
145590,taste,negative,they are very weak in flavor.,B003D4F1QS,Tea,3,Taste,口感,Product / Sourcing
145590,freshness_quality,negative,the amount of tea in each bag is so weak!,B003D4F1QS,Tea,3,Freshness & quality,新鲜度与品质,Supply chain / QC
62149,taste,positive,This is one my favorite black teas. It isn't sweet or too spicy,B000CQG8K8,Tea,5,Taste,口感,Product / Sourcing
123131,taste,positive,Tea was very good with a mild hint of mango.,B000CQBZOW,Tea,3,Taste,口感,Product / Sourcing
123131,price_value,negative,Rather expensive compared to other brands.,B000CQBZOW,Tea,3,Price & value,价格与性价比,Pricing
123131,brewing_convenience,positive,made iced tea with the tea bags and it was very refreshing.,B000CQBZOW,Tea,3,Brewing & convenience,冲泡与便利,Product / Content
458501,packaging,negative,"cheaply made, garish box that is stuffed with a lot of cardboard shred",B000FFIL92,Tea,2,Packaging,包装,Packaging
458501,price_value,negative,A complete waste of money,B000FFIL92,Tea,2,Price & value,价格与性价比,Pricing
458501,delivery,negative,"Amazon calls it ""grocery"" and I cannot return it.",B000FFIL92,Tea,2,Delivery,物流,Logistics
181908,health_wellness,positive,taking home a solid 14-15 ounces of milk every day,B0009F3POY,Tea,5,Health & wellness,健康功效,Marketing claims
181908,price_value,negative,Because it's a little on the expensive side,B0009F3POY,Tea,5,Price & value,价格与性价比,Pricing
62067,packaging,negative,tea bag wrappers are paper instead of the usual foil,B000CQG8K8,Tea,3,Packaging,包装,Packaging
62067,freshness_quality,negative,negative bearing on tea leaf freshness.,B000CQG8K8,Tea,3,Freshness & quality,新鲜度与品质,Supply chain / QC
123158,taste,positive,"The flavors of this tea are spicy, rich and complex",B000CQBZOW,Tea,5,Taste,口感,Product / Sourcing
123158,brewing_convenience,neutral,streep the tea for a minimum of 5-10 minutes.,B000CQBZOW,Tea,5,Brewing & convenience,冲泡与便利,Product / Content
458705,packaging,negative,dead bugs underneath it. There were also dead bugs where the paper had been glued.,B000FFIL92,Tea,3,Packaging,包装,Packaging
458705,price_value,positive,"for the price, the tea and the teapot were an good deal",B000FFIL92,Tea,3,Price & value,价格与性价比,Pricing
441826,taste,positive,"refreshing, clean, dulcet drink.",B004E4HUMY,Tea,5,Taste,口感,Product / Sourcing
441826,brewing_convenience,positive,"With just a short squirt, you can change plain water",B004E4HUMY,Tea,5,Brewing & convenience,冲泡与便利,Product / Content
441826,price_value,positive,even a small bottle goes a long way.,B004E4HUMY,Tea,5,Price & value,价格与性价比,Pricing
441770,taste,positive,Convenient and tasty...,B004E4HUMY,Tea,4,Taste,口感,Product / Sourcing
441770,brewing_convenience,positive,No mess or empty pouches to deal with.,B004E4HUMY,Tea,4,Brewing & convenience,冲泡与便利,Product / Content
123191,taste,negative,tastes absolutely horrible!,B000CQBZOW,Tea,1,Taste,口感,Product / Sourcing
123191,caffeine_energy,neutral,excited about receiving decaf tea,B000CQBZOW,Tea,1,Caffeine & energy,咖啡因与提神,Product / Content
222419,taste,negative,zero tea flavor. I guess it has some born food coloring. * Way too sweet.,B004E4CCSQ,Tea,1,Taste,口感,Product / Sourcing
222419,listing_accuracy,negative,NOT TEA.,B004E4CCSQ,Tea,1,Listing accuracy,描述相符,Listing / Content
538362,aroma,negative,The aroma didn't seem as rich,B0061IUIDY,Tea,2,Aroma,香气,Product / Sourcing
538362,taste,negative,"described it as ""musky.""",B0061IUIDY,Tea,2,Taste,口感,Product / Sourcing
145746,taste,negative,the tea don't seem as good as it use to be.,B003D4F1QS,Tea,3,Taste,口感,Product / Sourcing
145746,freshness_quality,neutral,It's not stale because the expiration date is the end of 2014.,B003D4F1QS,Tea,3,Freshness & quality,新鲜度与品质,Supply chain / QC
37250,taste,positive,this tea has a nice mild flavor as a hot tea.,B003CK2BQG,Tea,5,Taste,口感,Product / Sourcing
538320,taste,positive,"robust, flavorful cup of tea with one bag.",B0061IUIDY,Tea,4,Taste,口感,Product / Sourcing
538320,freshness_quality,positive,"more brands of tea are getting ""weaker""... pleasantly surprised that this... led to a robust",B0061IUIDY,Tea,4,Freshness & quality,新鲜度与品质,Supply chain / QC
538320,brewing_convenience,positive,steeped the tea for four minutes and then removed the bag.,B0061IUIDY,Tea,4,Brewing & convenience,冲泡与便利,Product / Content
222385,taste,negative,Has a bitterness to it and leaves a very unpleasant after-taste.,B004E4CCSQ,Tea,2,Taste,口感,Product / Sourcing
222385,aroma,positive,does smell like it.,B004E4CCSQ,Tea,2,Aroma,香气,Product / Sourcing
458699,price_value,positive,Perfect gift at a perfect price!,B000FFIL92,Tea,5,Price & value,价格与性价比,Pricing
458699,taste,positive,"Visually this tea is wonderful, and it also TASTES GOOD!",B000FFIL92,Tea,5,Taste,口感,Product / Sourcing
43916,taste,positive,I liked the taste of the tea,B001EQ5JLE,Tea,5,Taste,口感,Product / Sourcing
43916,brewing_convenience,positive,Only takes eight tea bags to make a gallon,B001EQ5JLE,Tea,5,Brewing & convenience,冲泡与便利,Product / Content
70236,taste,negative,This new honey pineapple mango is awful,B007I7Z3Z0,Tea,1,Taste,口感,Product / Sourcing
70236,freshness_quality,negative,terrible tasting stuff,B007I7Z3Z0,Tea,1,Freshness & quality,新鲜度与品质,Supply chain / QC
145462,price_value,positive,Economical,B003D4F1QS,Tea,5,Price & value,价格与性价比,Pricing
145462,delivery,positive,fast delivery,B003D4F1QS,Tea,5,Delivery,物流,Logistics
145462,packaging,neutral,sparse packaging,B003D4F1QS,Tea,5,Packaging,包装,Packaging
123088,taste,positive,naturally sweet so you don't have to add sugar,B000CQBZOW,Tea,5,Taste,口感,Product / Sourcing
123088,aroma,positive,The aroma is heavenly,B000CQBZOW,Tea,5,Aroma,香气,Product / Sourcing
123088,health_wellness,positive,acts as an appetite suppressant,B000CQBZOW,Tea,5,Health & wellness,健康功效,Marketing claims
34046,health_wellness,positive,decreases my night sweats,B00412W76S,Tea,4,Health & wellness,健康功效,Marketing claims
34046,taste,negative,The taste isn't great,B00412W76S,Tea,4,Taste,口感,Product / Sourcing
34046,price_value,negative,didn't seem cost effective,B00412W76S,Tea,4,Price & value,价格与性价比,Pricing
458545,taste,positive,tea itself was very relaxing,B000FFIL92,Tea,4,Taste,口感,Product / Sourcing
458545,aroma,positive,flower was very pretty,B000FFIL92,Tea,4,Aroma,香气,Product / Sourcing
458545,packaging,positive,set of tea would make a really nice gift,B000FFIL92,Tea,4,Packaging,包装,Packaging
123164,taste,positive,light flavor with minimal aftertaste,B000CQBZOW,Tea,4,Taste,口感,Product / Sourcing
123164,health_wellness,positive,especially good for upset stomach,B000CQBZOW,Tea,4,Health & wellness,健康功效,Marketing claims
123164,delivery,positive,from ordering to my door in less than 24 hours,B000CQBZOW,Tea,4,Delivery,物流,Logistics
61974,aroma,positive,Wonderful smell,B000CQG8K8,Tea,5,Aroma,香气,Product / Sourcing
61974,taste,positive,taste! I have regular and decaf both,B000CQG8K8,Tea,5,Taste,口感,Product / Sourcing
61974,caffeine_energy,positive,regular and decaf both,B000CQG8K8,Tea,5,Caffeine & energy,咖啡因与提神,Product / Content
181847,health_wellness,positive,huge difference in my supply,B0009F3POY,Tea,5,Health & wellness,健康功效,Marketing claims
145744,taste,negative,not minty or chocolate like reviews said,B003D4F1QS,Tea,2,Taste,口感,Product / Sourcing
33892,taste,positive,I like the taste,B00412W76S,Tea,4,Taste,口感,Product / Sourcing
33892,health_wellness,neutral,hoping to have better hair and nails,B00412W76S,Tea,4,Health & wellness,健康功效,Marketing claims
538436,taste,neutral,"Just not strong enough, even though the flavor was excellent",B0061IUIDY,Tea,4,Taste,口感,Product / Sourcing
538436,caffeine_energy,positive,plenty of caffeine,B0061IUIDY,Tea,4,Caffeine & energy,咖啡因与提神,Product / Content
538436,brewing_convenience,positive,use my Keurig and Ekobrew Refillable K-Cup,B0061IUIDY,Tea,4,Brewing & convenience,冲泡与便利,Product / Content
33988,taste,positive,Very good taste!,B00412W76S,Tea,5,Taste,口感,Product / Sourcing
33988,health_wellness,positive,drinking it during my pregnancy to tone the uterus,B00412W76S,Tea,5,Health & wellness,健康功效,Marketing claims
62064,taste,negative,"weak, bad, imitation of an Earl Grey tea",B000CQG8K8,Tea,1,Taste,口感,Product / Sourcing
62064,freshness_quality,negative,dislike all the tea grounds in the bottom,B000CQG8K8,Tea,1,Freshness & quality,新鲜度与品质,Supply chain / QC
521470,packaging,positive,tea bag itself is actually made out of a type of plastic,B007JFXWRC,Tea,3,Packaging,包装,Packaging
521470,brewing_convenience,positive,Steeping time didn't take as long,B007JFXWRC,Tea,3,Brewing & convenience,冲泡与便利,Product / Content
521470,aroma,positive,immediately smell the bits of raspberry and blackberry,B007JFXWRC,Tea,3,Aroma,香气,Product / Sourcing
521470,taste,negative,unable to pick up the vanilla flavor,B007JFXWRC,Tea,3,Taste,口感,Product / Sourcing
230077,packaging,positive,placed in special polyester tea bag,B000WB1YSE,Tea,4,Packaging,包装,Packaging
230077,brewing_convenience,positive,which makes brewing easy,B000WB1YSE,Tea,4,Brewing & convenience,冲泡与便利,Product / Content
230077,freshness_quality,positive,The Kirkland logo should be enough guarantee for quality,B000WB1YSE,Tea,4,Freshness & quality,新鲜度与品质,Supply chain / QC
538411,taste,positive,did not have the bitter aftertaste,B0061IUIDY,Tea,4,Taste,口感,Product / Sourcing
538411,price_value,neutral,It is more costly than standard store brand teas,B0061IUIDY,Tea,4,Price & value,价格与性价比,Pricing
145787,delivery,positive,ordered from Amazon,B003D4F1QS,Tea,4,Delivery,物流,Logistics
145787,listing_accuracy,positive,very big box of 100 bags,B003D4F1QS,Tea,4,Listing accuracy,描述相符,Listing / Content
43763,taste,positive,It is the best black tea I've had,B001EQ5JLE,Tea,5,Taste,口感,Product / Sourcing
123217,taste,neutral,"good, bur not as flavorful or have the bold fruity taste",B000CQBZOW,Tea,3,Taste,口感,Product / Sourcing
135961,taste,negative,liquid portion was overly sweet,B005SPQENY,Tea,1,Taste,口感,Product / Sourcing
135961,freshness_quality,negative,has chunks of pulp floating throughout it,B005SPQENY,Tea,1,Freshness & quality,新鲜度与品质,Supply chain / QC
37194,taste,positive,"bright, floral flavor",B003CK2BQG,Tea,5,Taste,口感,Product / Sourcing
37194,caffeine_energy,positive,just the right amount of caffeine,B003CK2BQG,Tea,5,Caffeine & energy,咖啡因与提神,Product / Content
441947,taste,positive,enjoyed the flavor,B004E4HUMY,Tea,4,Taste,口感,Product / Sourcing
441947,brewing_convenience,positive,make your beverage as strong or weak,B004E4HUMY,Tea,4,Brewing & convenience,冲泡与便利,Product / Content
70309,taste,negative,It was too sweet and left a bad taste,B007I7Z3Z0,Tea,2,Taste,口感,Product / Sourcing
37343,taste,positive,strong Pomegranate and Raspberry flavor,B003CK2BQG,Tea,5,Taste,口感,Product / Sourcing
37343,health_wellness,positive,green tea because it is so good,B003CK2BQG,Tea,5,Health & wellness,健康功效,Marketing claims
222522,brewing_convenience,positive,fast and easy it is to use,B004E4CCSQ,Tea,5,Brewing & convenience,冲泡与便利,Product / Content
222522,caffeine_energy,neutral,caffeine free,B004E4CCSQ,Tea,5,Caffeine & energy,咖啡因与提神,Product / Content
222522,taste,positive,full of flavor,B004E4CCSQ,Tea,5,Taste,口感,Product / Sourcing
43899,price_value,positive,auto delivery which saves me money,B001EQ5JLE,Tea,5,Price & value,价格与性价比,Pricing
441913,taste,negative,doesn't really taste much like sweet tea,B004E4HUMY,Tea,2,Taste,口感,Product / Sourcing
441913,price_value,negative,better (and cheaper) to make the real stuff,B004E4HUMY,Tea,2,Price & value,价格与性价比,Pricing
441913,brewing_convenience,positive,quick convenient no-calorie flavor,B004E4HUMY,Tea,2,Brewing & convenience,冲泡与便利,Product / Content
123212,taste,positive,ginger seems to have the stronger taste,B000CQBZOW,Tea,4,Taste,口感,Product / Sourcing
441768,taste,positive,The flavor is great,B004E4HUMY,Tea,5,Taste,口感,Product / Sourcing
441768,packaging,negative,liquid would easily stain clothing,B004E4HUMY,Tea,5,Packaging,包装,Packaging
222492,brewing_convenience,positive,small size means you can take it,B004E4CCSQ,Tea,5,Brewing & convenience,冲泡与便利,Product / Content
62090,brewing_convenience,positive,To properly prepare this tea you can follow,B000CQG8K8,Tea,5,Brewing & convenience,冲泡与便利,Product / Content
43894,brewing_convenience,positive,brew your iced tea in the fridge,B001EQ5JLE,Tea,5,Brewing & convenience,冲泡与便利,Product / Content
70130,brewing_convenience,positive,dissolved quickly for me,B007I7Z3Z0,Tea,4,Brewing & convenience,冲泡与便利,Product / Content
70130,taste,neutral,a bit overly sweet,B007I7Z3Z0,Tea,4,Taste,口感,Product / Sourcing
70130,health_wellness,positive,Flavonoids have antioxidant activity,B007I7Z3Z0,Tea,4,Health & wellness,健康功效,Marketing claims
222320,taste,neutral,leaves a stale after-taste,B004E4CCSQ,Tea,3,Taste,口感,Product / Sourcing
222320,health_wellness,positive,no sugar added,B004E4CCSQ,Tea,3,Health & wellness,健康功效,Marketing claims
230080,taste,positive,tastes pretty good,B000WB1YSE,Tea,4,Taste,口感,Product / Sourcing
230080,freshness_quality,positive,mix of Sencha and Matcha,B000WB1YSE,Tea,4,Freshness & quality,新鲜度与品质,Supply chain / QC
37356,taste,negative,more bitter it became and tasted so strange,B003CK2BQG,Tea,2,Taste,口感,Product / Sourcing
43787,taste,positive,strong black tea,B001EQ5JLE,Tea,5,Taste,口感,Product / Sourcing
230100,taste,positive,Tastes great!,B000WB1YSE,Tea,4,Taste,口感,Product / Sourcing
230100,packaging,negative,a little messy opening the pouches,B000WB1YSE,Tea,4,Packaging,包装,Packaging
230100,price_value,positive,price is WAY better,B000WB1YSE,Tea,4,Price & value,价格与性价比,Pricing
145802,packaging,negative,Packaging left something to be desired,B003D4F1QS,Tea,2,Packaging,包装,Packaging
62033,taste,negative,Way too bitter in comparison to Tazo,B000CQG8K8,Tea,2,Taste,口感,Product / Sourcing
62033,price_value,positive,cheaper price I went for it,B000CQG8K8,Tea,2,Price & value,价格与性价比,Pricing
521401,taste,neutral,The flavor is not very pronounced,B007JFXWRC,Tea,3,Taste,口感,Product / Sourcing
521401,freshness_quality,neutral,pyramid shaped and appear to be made of a fabric like material,B007JFXWRC,Tea,3,Freshness & quality,新鲜度与品质,Supply chain / QC
521401,health_wellness,positive,smooth tasting herbal tea,B007JFXWRC,Tea,3,Health & wellness,健康功效,Marketing claims
521401,brewing_convenience,negative,impractical to double bag,B007JFXWRC,Tea,3,Brewing & convenience,冲泡与便利,Product / Content
230009,taste,positive,it's quite tasty and enjoy it most mornings,B000WB1YSE,Tea,4,Taste,口感,Product / Sourcing
230009,packaging,negative,string on the teabag is not long enough,B000WB1YSE,Tea,4,Packaging,包装,Packaging
441781,taste,neutral,"sweet tea tastes pretty good, but if you overdo it it tastes too sweet",B004E4HUMY,Tea,3,Taste,口感,Product / Sourcing
441781,brewing_convenience,negative,hard to judge amount,B004E4HUMY,Tea,3,Brewing & convenience,冲泡与便利,Product / Content
441781,price_value,positive,you can really get a lot of bottles of water out of these,B004E4HUMY,Tea,3,Price & value,价格与性价比,Pricing
441781,health_wellness,positive,No calories!,B004E4HUMY,Tea,3,Health & wellness,健康功效,Marketing claims
222273,taste,negative,"bad taste, bad aftertaste",B004E4CCSQ,Tea,1,Taste,口感,Product / Sourcing
222273,health_wellness,negative,Garbage ingredients,B004E4CCSQ,Tea,1,Health & wellness,健康功效,Marketing claims
145532,taste,positive,probably the best I've found,B003D4F1QS,Tea,4,Taste,口感,Product / Sourcing
145532,packaging,negative,all the tea loose inside,B003D4F1QS,Tea,4,Packaging,包装,Packaging
458551,packaging,positive,The glass teapot was very danity,B000FFIL92,Tea,5,Packaging,包装,Packaging
458551,brewing_convenience,positive,joy of watching the tea bloom,B000FFIL92,Tea,5,Brewing & convenience,冲泡与便利,Product / Content
538423,taste,positive,"incredibly smooth, yet not watered down, and wonderfully flavorful",B0061IUIDY,Tea,5,Taste,口感,Product / Sourcing
538423,caffeine_energy,positive,each morning it is tea,B0061IUIDY,Tea,5,Caffeine & energy,咖啡因与提神,Product / Content
43841,taste,positive,This tea was delicious from the first sip,B001EQ5JLE,Tea,5,Taste,口感,Product / Sourcing
43841,aroma,positive,smell greet,B001EQ5JLE,Tea,5,Aroma,香气,Product / Sourcing
43841,health_wellness,positive,makes me feel less anxious than coffee,B001EQ5JLE,Tea,5,Health & wellness,健康功效,Marketing claims
33910,aroma,positive,find both the aroma very relaxing,B00412W76S,Tea,5,Aroma,香气,Product / Sourcing
33910,health_wellness,positive,find that after a cup I am tired and ready to go to bed,B00412W76S,Tea,5,Health & wellness,健康功效,Marketing claims
230120,taste,positive,This tea has changed my mind and my taste! Delicious!,B000WB1YSE,Tea,5,Taste,口感,Product / Sourcing
230120,brewing_convenience,positive,Very easy to make,B000WB1YSE,Tea,5,Brewing & convenience,冲泡与便利,Product / Content
230120,health_wellness,positive,very satisfying cup to relax with,B000WB1YSE,Tea,5,Health & wellness,健康功效,Marketing claims
43879,taste,positive,"it's smooth, aromatic and satisfying",B001EQ5JLE,Tea,5,Taste,口感,Product / Sourcing
43879,price_value,positive,Given the higher price of PG Tips... found it FAR superior,B001EQ5JLE,Tea,5,Price & value,价格与性价比,Pricing
62059,taste,neutral,black tea is not very strong,B000CQG8K8,Tea,4,Taste,口感,Product / Sourcing
62059,aroma,neutral,Faint aroma,B000CQG8K8,Tea,4,Aroma,香气,Product / Sourcing
62059,price_value,positive,priced reasonably though,B000CQG8K8,Tea,4,Price & value,价格与性价比,Pricing
70222,taste,negative,Doesn't really taste like tea.,B007I7Z3Z0,Tea,3,Taste,口感,Product / Sourcing
70222,brewing_convenience,positive,"Easy to make, just add water",B007I7Z3Z0,Tea,3,Brewing & convenience,冲泡与便利,Product / Content
70222,health_wellness,positive,5 calories per 8 ounce serving,B007I7Z3Z0,Tea,3,Health & wellness,健康功效,Marketing claims
70222,delivery,neutral,comes in a 10-Count box,B007I7Z3Z0,Tea,3,Delivery,物流,Logistics
62004,taste,positive,bold and full flavored tea experience,B000CQG8K8,Tea,5,Taste,口感,Product / Sourcing
62004,health_wellness,positive,revitalizing and vivifying,B000CQG8K8,Tea,5,Health & wellness,健康功效,Marketing claims
521377,taste,positive,instantly I get the taste of blackberry,B007JFXWRC,Tea,5,Taste,口感,Product / Sourcing
521377,aroma,positive,I can smell both the blackberry and vanilla,B007JFXWRC,Tea,5,Aroma,香气,Product / Sourcing
521377,brewing_convenience,positive,This tea can be drank hot or cold,B007JFXWRC,Tea,5,Brewing & convenience,冲泡与便利,Product / Content
538375,taste,neutral,"acceptable, but not remarkable",B0061IUIDY,Tea,3,Taste,口感,Product / Sourcing
458538,price_value,positive,a good value,B000FFIL92,Tea,4,Price & value,价格与性价比,Pricing
230079,taste,positive,An amazing taste,B000WB1YSE,Tea,5,Taste,口感,Product / Sourcing
230079,price_value,positive,for such a low price,B000WB1YSE,Tea,5,Price & value,价格与性价比,Pricing
230079,listing_accuracy,positive,pretty much exactly the same as the delicious bottled green tea in Japan,B000WB1YSE,Tea,5,Listing accuracy,描述相符,Listing / Content
136026,taste,positive,The tea tastes very good - it has a nice flavor,B005SPQENY,Tea,3,Taste,口感,Product / Sourcing
181982,health_wellness,positive,helped me a lot to establish my milk supply,B0009F3POY,Tea,5,Health & wellness,健康功效,Marketing claims
135994,taste,neutral,The taste of the tea isn't so bad,B005SPQENY,Tea,4,Taste,口感,Product / Sourcing
135994,price_value,negative,there just should've been more for its price,B005SPQENY,Tea,4,Price & value,价格与性价比,Pricing
441794,taste,positive,"It is nice tasting,if not gourmet",B004E4HUMY,Tea,4,Taste,口感,Product / Sourcing
441794,brewing_convenience,positive,disperses quickly in water even without stirring,B004E4HUMY,Tea,4,Brewing & convenience,冲泡与便利,Product / Content
441794,packaging,positive,The bottle is a plastic... squeeze container,B004E4HUMY,Tea,4,Packaging,包装,Packaging
123097,taste,positive,It really does not get bitter,B000CQBZOW,Tea,5,Taste,口感,Product / Sourcing
123097,brewing_convenience,positive,It's good hot or cold,B000CQBZOW,Tea,5,Brewing & convenience,冲泡与便利,Product / Content
441956,taste,negative,the only flavor is artificial sweetener,B004E4HUMY,Tea,1,Taste,口感,Product / Sourcing
441956,packaging,positive,This little plastic bottle could fit into a bag,B004E4HUMY,Tea,1,Packaging,包装,Packaging
521434,packaging,positive,"the box is very practical as it ""snaps"" closed",B007JFXWRC,Tea,5,Packaging,包装,Packaging
521434,taste,positive,the flavor is wonderful!,B007JFXWRC,Tea,5,Taste,口感,Product / Sourcing
181899,health_wellness,positive,It did help me... enough milk to feed her,B0009F3POY,Tea,5,Health & wellness,健康功效,Marketing claims
145743,taste,negative,There is virtually NO ginger flavor,B003D4F1QS,Tea,1,Taste,口感,Product / Sourcing
458683,packaging,neutral,The bamboo box and packaging has a handmade feel,B000FFIL92,Tea,3,Packaging,包装,Packaging
458683,taste,negative,I thought the teas were bitter,B000FFIL92,Tea,3,Taste,口感,Product / Sourcing
34020,taste,positive,"I love the flavor, just LOVE the flavor",B00412W76S,Tea,5,Taste,口感,Product / Sourcing
34020,health_wellness,positive,this tea helped me tremendously through my labor,B00412W76S,Tea,5,Health & wellness,健康功效,Marketing claims
458604,taste,negative,The tea wasn't a great flavor either,B000FFIL92,Tea,2,Taste,口感,Product / Sourcing
458604,packaging,negative,The flowers never completely opened and they broke part,B000FFIL92,Tea,2,Packaging,包装,Packaging
222415,taste,negative,The flavor also tastes chemically,B004E4CCSQ,Tea,2,Taste,口感,Product / Sourcing
222298,taste,negative,whatever is used I found to be too saccharine,B004E4CCSQ,Tea,3,Taste,口感,Product / Sourcing
538390,packaging,positive,These tea bags are individually wrapped,B0061IUIDY,Tea,4,Packaging,包装,Packaging
538390,aroma,positive,the tea's scent is pleasant,B0061IUIDY,Tea,4,Aroma,香气,Product / Sourcing
538390,taste,positive,not bitter,B0061IUIDY,Tea,4,Taste,口感,Product / Sourcing
37342,taste,positive,This brand has a wonderful flavor.,B003CK2BQG,Tea,5,Taste,口感,Product / Sourcing
37342,price_value,positive,it is a good deal if you buy this from Amazon on auto ship,B003CK2BQG,Tea,5,Price & value,价格与性价比,Pricing
34036,taste,neutral,The tea does not have a bad taste,B00412W76S,Tea,3,Taste,口感,Product / Sourcing
34036,health_wellness,neutral,thought the hot flashes subsided a bit,B00412W76S,Tea,3,Health & wellness,健康功效,Marketing claims
136051,taste,neutral,Tasted like sweet green tea & a bit thick,B005SPQENY,Tea,4,Taste,口感,Product / Sourcing
136051,price_value,negative,if it wasn't so expensive,B005SPQENY,Tea,4,Price & value,价格与性价比,Pricing
230045,taste,negative,No taste benefits,B000WB1YSE,Tea,1,Taste,口感,Product / Sourcing
230045,health_wellness,negative,we haven't noticed and health benefits,B000WB1YSE,Tea,1,Health & wellness,健康功效,Marketing claims
145662,taste,positive,This tea is really delicious.,B003D4F1QS,Tea,5,Taste,口感,Product / Sourcing
145662,freshness_quality,positive,"The bags come all together in a box, but not smashed up.",B003D4F1QS,Tea,5,Freshness & quality,新鲜度与品质,Supply chain / QC
135944,taste,negative,It's too sweet for my taste,B005SPQENY,Tea,4,Taste,口感,Product / Sourcing
135944,health_wellness,positive,interested at least in part for health reasons,B005SPQENY,Tea,4,Health & wellness,健康功效,Marketing claims
136076,taste,positive,"It has a mild, smooth flavor, pleasant taste, and is lightly sweet",B005SPQENY,Tea,5,Taste,口感,Product / Sourcing
136076,packaging,positive,It comes in a sturdy six-sided plastic bottle,B005SPQENY,Tea,5,Packaging,包装,Packaging
136076,health_wellness,neutral,80 calories per serving,B005SPQENY,Tea,5,Health & wellness,健康功效,Marketing claims
43805,taste,positive,If you like a good cup of tea - this is the one you want.,B001EQ5JLE,Tea,5,Taste,口感,Product / Sourcing
43805,price_value,positive,The price is right,B001EQ5JLE,Tea,5,Price & value,价格与性价比,Pricing
43805,delivery,positive,shipping is fast.,B001EQ5JLE,Tea,5,Delivery,物流,Logistics
37352,taste,positive,"The flavor is not grassy like some green teas, but very clean.",B003CK2BQG,Tea,5,Taste,口感,Product / Sourcing
37352,caffeine_energy,positive,"all day with no adverse ""overdose"" effects from caffeine.",B003CK2BQG,Tea,5,Caffeine & energy,咖啡因与提神,Product / Content
37352,health_wellness,neutral,"Besides green tea, the ingredients are spearmint, lemongrass, and peppermint.",B003CK2BQG,Tea,5,Health & wellness,健康功效,Marketing claims
37352,brewing_convenience,neutral,tea can get a little bitter if steeped too long.,B003CK2BQG,Tea,5,Brewing & convenience,冲泡与便利,Product / Content
70089,taste,positive,"This product has great taste, and not too sweet.",B007I7Z3Z0,Tea,4,Taste,口感,Product / Sourcing
70089,brewing_convenience,negative,"packets do not tear by hand, but you must use a knife",B007I7Z3Z0,Tea,4,Brewing & convenience,冲泡与便利,Product / Content
33899,health_wellness,positive,He has trouble sleeping sometimes. He loves it!,B00412W76S,Tea,4,Health & wellness,健康功效,Marketing claims
33899,aroma,negative,on the shelf it smells like vomit.,B00412W76S,Tea,4,Aroma,香气,Product / Sourcing
230106,taste,positive,the best bagged green tea in the states.,B000WB1YSE,Tea,5,Taste,口感,Product / Sourcing
230106,freshness_quality,positive,the best bagged green tea,B000WB1YSE,Tea,5,Freshness & quality,新鲜度与品质,Supply chain / QC
441919,taste,negative,tasted like concentrated Splenda (sucralose) and dish soap,B004E4HUMY,Tea,2,Taste,口感,Product / Sourcing
441919,health_wellness,negative,chemical-laden stuff,B004E4HUMY,Tea,2,Health & wellness,健康功效,Marketing claims
181818,health_wellness,negative,didn't produce even half an ounce more,B0009F3POY,Tea,1,Health & wellness,健康功效,Marketing claims
441828,taste,positive,tastes just like sweet tea.,B004E4HUMY,Tea,4,Taste,口感,Product / Sourcing
441828,price_value,positive,this little bottle goes a long way.,B004E4HUMY,Tea,4,Price & value,价格与性价比,Pricing
34032,freshness_quality,negative,alot of the tea sacks were broken,B00412W76S,Tea,2,Freshness & quality,新鲜度与品质,Supply chain / QC
34032,packaging,negative,tea sacks were broken and the tea emptied out,B00412W76S,Tea,2,Packaging,包装,Packaging
34032,taste,negative,tea leave crumbs got inside my mouth!,B00412W76S,Tea,2,Taste,口感,Product / Sourcing
222533,listing_accuracy,negative,"There is no ""tea"" about this product.",B004E4CCSQ,Tea,1,Listing accuracy,描述相符,Listing / Content
222533,health_wellness,negative,laundry list of chemicals and dyes,B004E4CCSQ,Tea,1,Health & wellness,健康功效,Marketing claims
181946,health_wellness,positive,want to boost supply for pumping... this stuff WORKS.,B0009F3POY,Tea,4,Health & wellness,健康功效,Marketing claims
181946,taste,neutral,"Flavor is pretty mild--""herby.""",B0009F3POY,Tea,4,Taste,口感,Product / Sourcing
62119,taste,positive,"I like my chai tea strong and spicey, and this tea is perfect.",B000CQG8K8,Tea,5,Taste,口感,Product / Sourcing
62119,aroma,positive,very fragrant and spicey,B000CQG8K8,Tea,5,Aroma,香气,Product / Sourcing
181993,health_wellness,positive,My supply gradually stated going up,B0009F3POY,Tea,5,Health & wellness,健康功效,Marketing claims
181993,taste,neutral,tastes like you are eating the fennel seeds.,B0009F3POY,Tea,5,Taste,口感,Product / Sourcing
43754,packaging,neutral,The two packages are quite big,B001EQ5JLE,Tea,4,Packaging,包装,Packaging
43754,price_value,positive,will last quite a long time.,B001EQ5JLE,Tea,4,Price & value,价格与性价比,Pricing
521445,taste,positive,Blackberry Vanilla flavor a try. It's a good one.,B007JFXWRC,Tea,5,Taste,口感,Product / Sourcing
521445,packaging,positive,"pyramid tea type of bag, they are terrific.",B007JFXWRC,Tea,5,Packaging,包装,Packaging
521445,brewing_convenience,positive,Brews nice and as strong a flavor as you like,B007JFXWRC,Tea,5,Brewing & convenience,冲泡与便利,Product / Content
230025,brewing_convenience,negative,different and confusing brewing instructions,B000WB1YSE,Tea,5,Brewing & convenience,冲泡与便利,Product / Content
230025,taste,positive,"In fact, it was very good.",B000WB1YSE,Tea,5,Taste,口感,Product / Sourcing
230025,health_wellness,positive,learn more about Matcha and its health benefits,B000WB1YSE,Tea,5,Health & wellness,健康功效,Marketing claims
441796,delivery,negative,package was leaking upon arrival.,B004E4HUMY,Tea,2,Delivery,物流,Logistics
441796,aroma,negative,artificial candy-like scent.,B004E4HUMY,Tea,2,Aroma,香气,Product / Sourcing
441796,brewing_convenience,negative,"Without a clear measurement, it is hard to find that ""sweet spot"".",B004E4HUMY,Tea,2,Brewing & convenience,冲泡与便利,Product / Content
70214,brewing_convenience,positive,I always have some in my purse. Great for traveling.,B007I7Z3Z0,Tea,5,Brewing & convenience,冲泡与便利,Product / Content
70214,taste,positive,Lemon is my favorite.,B007I7Z3Z0,Tea,5,Taste,口感,Product / Sourcing
441869,delivery,negative,container had been cracked during shipping.,B004E4HUMY,Tea,1,Delivery,物流,Logistics
441869,packaging,negative,container had been cracked during shipping.,B004E4HUMY,Tea,1,Packaging,包装,Packaging
441869,taste,negative,tasted like it's ingredients: mysterious chemicals.,B004E4HUMY,Tea,1,Taste,口感,Product / Sourcing
441869,health_wellness,negative,full of dyes and chemicals,B004E4HUMY,Tea,1,Health & wellness,健康功效,Marketing claims
136029,taste,positive,delightfully light flavor,B005SPQENY,Tea,5,Taste,口感,Product / Sourcing
136029,brewing_convenience,positive,"straightaway, without chilling first",B005SPQENY,Tea,5,Brewing & convenience,冲泡与便利,Product / Content
62052,taste,negative,"too bitter and again, the BODY that you expect... wasn't there",B000CQG8K8,Tea,3,Taste,口感,Product / Sourcing
62052,aroma,positive,hitting all the right notes with the spices,B000CQG8K8,Tea,3,Aroma,香气,Product / Sourcing
70368,taste,positive,"I love, love, love the taste",B007I7Z3Z0,Tea,5,Taste,口感,Product / Sourcing
70368,health_wellness,positive,low-calorie drink,B007I7Z3Z0,Tea,5,Health & wellness,健康功效,Marketing claims
43913,packaging,positive,The pyramid tea bag is the best,B001EQ5JLE,Tea,5,Packaging,包装,Packaging
43913,taste,positive,GREAT cup 'o tea,B001EQ5JLE,Tea,5,Taste,口感,Product / Sourcing
43850,taste,neutral,The PG tasted somewhat bland in comparison,B001EQ5JLE,Tea,3,Taste,口感,Product / Sourcing
43850,price_value,positive,found some cheap at Biglots!,B001EQ5JLE,Tea,3,Price & value,价格与性价比,Pricing
458537,packaging,positive,beautiful packaging,B000FFIL92,Tea,2,Packaging,包装,Packaging
458537,freshness_quality,negative,The bloom was black,B000FFIL92,Tea,2,Freshness & quality,新鲜度与品质,Supply chain / QC
458537,listing_accuracy,negative,not at all what it was,B000FFIL92,Tea,2,Listing accuracy,描述相符,Listing / Content
538269,taste,negative,tastes cheap and artificial,B0061IUIDY,Tea,2,Taste,口感,Product / Sourcing
538269,health_wellness,negative,natural flavors which is basically an additive,B0061IUIDY,Tea,2,Health & wellness,健康功效,Marketing claims
43859,taste,positive,most falvorful tea,B001EQ5JLE,Tea,5,Taste,口感,Product / Sourcing
43859,price_value,positive,very reasonable price,B001EQ5JLE,Tea,5,Price & value,价格与性价比,Pricing
37291,taste,positive,very fruity taste,B003CK2BQG,Tea,4,Taste,口感,Product / Sourcing
37291,brewing_convenience,positive,I find it very good iced,B003CK2BQG,Tea,4,Brewing & convenience,冲泡与便利,Product / Content
62095,taste,positive,excellent flavor,B000CQG8K8,Tea,5,Taste,口感,Product / Sourcing
62095,price_value,positive,much better deal here,B000CQG8K8,Tea,5,Price & value,价格与性价比,Pricing
62095,caffeine_energy,neutral,which is strong,B000CQG8K8,Tea,5,Caffeine & energy,咖啡因与提神,Product / Content
62039,aroma,negative,smells like a medicine with Anise flavor,B000CQG8K8,Tea,1,Aroma,香气,Product / Sourcing
62039,taste,negative,strong anise flavor,B000CQG8K8,Tea,1,Taste,口感,Product / Sourcing
62039,delivery,negative,no one answered or called me back,B000CQG8K8,Tea,1,Delivery,物流,Logistics
145747,taste,negative,There isn't much flavor at all,B003D4F1QS,Tea,1,Taste,口感,Product / Sourcing
145747,freshness_quality,negative,these bags are old,B003D4F1QS,Tea,1,Freshness & quality,新鲜度与品质,Supply chain / QC
33933,taste,positive,it tastes great,B00412W76S,Tea,5,Taste,口感,Product / Sourcing
33933,health_wellness,positive,does wonders for her asthmas,B00412W76S,Tea,5,Health & wellness,健康功效,Marketing claims
37308,freshness_quality,positive,made with quality ingredients,B003CK2BQG,Tea,5,Freshness & quality,新鲜度与品质,Supply chain / QC
37308,taste,positive,wonderful mint flavor,B003CK2BQG,Tea,5,Taste,口感,Product / Sourcing
37308,brewing_convenience,positive,makes a great iced tea,B003CK2BQG,Tea,5,Brewing & convenience,冲泡与便利,Product / Content
62019,aroma,negative,smell and taste is entirely of cinnamon,B000CQG8K8,Tea,1,Aroma,香气,Product / Sourcing
62019,taste,negative,tasted weak and watery,B000CQG8K8,Tea,1,Taste,口感,Product / Sourcing
62019,listing_accuracy,negative,Not even 2 grams per bag,B000CQG8K8,Tea,1,Listing accuracy,描述相符,Listing / Content
441927,taste,positive,does taste like tea and does taste sweet,B004E4HUMY,Tea,5,Taste,口感,Product / Sourcing
441927,packaging,positive,portability of the bottle,B004E4HUMY,Tea,5,Packaging,包装,Packaging
441927,brewing_convenience,positive,doesn't require shaking or stirring,B004E4HUMY,Tea,5,Brewing & convenience,冲泡与便利,Product / Content
230065,packaging,positive,Conveniently packaged in single bag packets,B000WB1YSE,Tea,5,Packaging,包装,Packaging
230065,taste,positive,Taste is great--very smooth and not bitter,B000WB1YSE,Tea,5,Taste,口感,Product / Sourcing
230065,brewing_convenience,positive,easily ruined by steeping too long,B000WB1YSE,Tea,5,Brewing & convenience,冲泡与便利,Product / Content
230065,price_value,positive,Overall a great value,B000WB1YSE,Tea,5,Price & value,价格与性价比,Pricing
145496,taste,positive,I LOVE THIS TEA!!,B003D4F1QS,Tea,5,Taste,口感,Product / Sourcing
145496,caffeine_energy,neutral,DECAFE Tea,B003D4F1QS,Tea,5,Caffeine & energy,咖啡因与提神,Product / Content
135943,taste,negative,"overly sweet, artificial tasting",B005SPQENY,Tea,1,Taste,口感,Product / Sourcing
135943,health_wellness,negative,not really a healthy drink either,B005SPQENY,Tea,1,Health & wellness,健康功效,Marketing claims
135943,price_value,negative,not worth paying the price,B005SPQENY,Tea,1,Price & value,价格与性价比,Pricing
123103,taste,positive,great tea!!!,B000CQBZOW,Tea,5,Taste,口感,Product / Sourcing
123103,brewing_convenience,positive,The longer you brew it the better,B000CQBZOW,Tea,5,Brewing & convenience,冲泡与便利,Product / Content
538242,taste,negative,I found this tea very weak,B0061IUIDY,Tea,2,Taste,口感,Product / Sourcing
538242,aroma,positive,this tea does smell nice,B0061IUIDY,Tea,2,Aroma,香气,Product / Sourcing
538242,price_value,negative,"At 20 bags per box, this box would only last me 5 days",B0061IUIDY,Tea,2,Price & value,价格与性价比,Pricing
538242,brewing_convenience,negative,"Even leaving the tea in my 8 oz tea cup for 10 mins, the tea was still too weak",B0061IUIDY,Tea,2,Brewing & convenience,冲泡与便利,Product / Content
123198,taste,negative,It's a bit too fruity and sweet for my taste,B000CQBZOW,Tea,4,Taste,口感,Product / Sourcing
123198,health_wellness,positive,it's supposed to be good for you,B000CQBZOW,Tea,4,Health & wellness,健康功效,Marketing claims
222285,taste,neutral,It takes more product than I expected to get the results though,B004E4CCSQ,Tea,3,Taste,口感,Product / Sourcing
222285,price_value,negative,it seems a little expensive,B004E4CCSQ,Tea,3,Price & value,价格与性价比,Pricing
222285,health_wellness,positive,relieves the pain of fibromyalgia,B004E4CCSQ,Tea,3,Health & wellness,健康功效,Marketing claims
222285,brewing_convenience,positive,carrying a neat little container of liquid that allows me to turn a bottle of water into peach tea,B004E4CCSQ,Tea,3,Brewing & convenience,冲泡与便利,Product / Content
135946,taste,negative,it tastes like sugar water with pulp,B005SPQENY,Tea,2,Taste,口感,Product / Sourcing
135946,health_wellness,negative,19 grams of sugar is quite a bit of sugar to qualify as a healthy drink,B005SPQENY,Tea,2,Health & wellness,健康功效,Marketing claims
135946,listing_accuracy,negative,"this company hasn't touted this as a ""healthy"" drink, but the inclusion of Aloe Vera made me assume",B005SPQENY,Tea,2,Listing accuracy,描述相符,Listing / Content
135938,taste,positive,This drink is absolutely delicious!,B005SPQENY,Tea,5,Taste,口感,Product / Sourcing
135938,health_wellness,positive,combination of the two,B005SPQENY,Tea,5,Health & wellness,健康功效,Marketing claims
62076,taste,negative,underwhelmed,B000CQG8K8,Tea,3,Taste,口感,Product / Sourcing
123214,taste,negative,"It felt weird, it tasted weird and is making me cringe",B000CQBZOW,Tea,2,Taste,口感,Product / Sourcing
458547,taste,positive,The flavors are very good and soothing,B000FFIL92,Tea,4,Taste,口感,Product / Sourcing
458547,packaging,positive,The box is very handsome,B000FFIL92,Tea,4,Packaging,包装,Packaging
458547,freshness_quality,positive,The pot is very durable,B000FFIL92,Tea,4,Freshness & quality,新鲜度与品质,Supply chain / QC
458547,listing_accuracy,positive,Makes about six cups from each bud,B000FFIL92,Tea,4,Listing accuracy,描述相符,Listing / Content
521406,taste,positive,truly pleasing balance between fruity and sweet,B007JFXWRC,Tea,4,Taste,口感,Product / Sourcing
521406,health_wellness,positive,I felt ... relaxed,B007JFXWRC,Tea,4,Health & wellness,健康功效,Marketing claims
521406,caffeine_energy,positive,non-caffeinated tisane,B007JFXWRC,Tea,4,Caffeine & energy,咖啡因与提神,Product / Content
521406,brewing_convenience,positive,pyramid shape for teabags. The water circulates better,B007JFXWRC,Tea,4,Brewing & convenience,冲泡与便利,Product / Content
521406,price_value,negative,This tea is pricy,B007JFXWRC,Tea,4,Price & value,价格与性价比,Pricing
458640,caffeine_energy,neutral,not many decaf options,B000FFIL92,Tea,3,Caffeine & energy,咖啡因与提神,Product / Content
458640,freshness_quality,positive,Numi is such a good brand,B000FFIL92,Tea,3,Freshness & quality,新鲜度与品质,Supply chain / QC
458640,listing_accuracy,negative,it didn't look as impressive as we had hoped,B000FFIL92,Tea,3,Listing accuracy,描述相符,Listing / Content
70353,taste,positive,The strawberry flavor is quite fresh-tasting,B007I7Z3Z0,Tea,3,Taste,口感,Product / Sourcing
70353,aroma,positive,at room temperature is very fragrant,B007I7Z3Z0,Tea,3,Aroma,香气,Product / Sourcing
70353,brewing_convenience,positive,The powder dissolves very quickly,B007I7Z3Z0,Tea,3,Brewing & convenience,冲泡与便利,Product / Content
70353,listing_accuracy,negative,"It's just not at all what I'd expect for a product... calling itself ""Green Tea Mix"".",B007I7Z3Z0,Tea,3,Listing accuracy,描述相符,Listing / Content
181961,health_wellness,negative,Not working... Ive been using it at the highest suggested amount for a week,B0009F3POY,Tea,2,Health & wellness,健康功效,Marketing claims
145653,freshness_quality,negative,I think this tea is stale. The expiration date is confusing,B003D4F1QS,Tea,3,Freshness & quality,新鲜度与品质,Supply chain / QC
145653,packaging,negative,100 tea bags all wadded into a cardboard box with a shipping label,B003D4F1QS,Tea,3,Packaging,包装,Packaging
230006,taste,positive,"nice, genuine taste of matcha",B000WB1YSE,Tea,4,Taste,口感,Product / Sourcing
230006,freshness_quality,negative,one bag is only enough to make a 12oz cup... after that it's nearly tasteless,B000WB1YSE,Tea,4,Freshness & quality,新鲜度与品质,Supply chain / QC
441777,taste,negative,"barely any flavor and at best would be good for tea drinkers who like weak, unsweetened tea",B004E4HUMY,Tea,3,Taste,口感,Product / Sourcing
441777,packaging,positive,the packaging is soooo cool. It looks cool... fun container,B004E4HUMY,Tea,3,Packaging,包装,Packaging
441777,brewing_convenience,positive,wee squirt bottle you can carry in your purse,B004E4HUMY,Tea,3,Brewing & convenience,冲泡与便利,Product / Content
62147,delivery,positive,roduct arrived timely,B000CQG8K8,Tea,3,Delivery,物流,Logistics
62147,taste,neutral,"Good tea, but not as flavorful as Bigelow",B000CQG8K8,Tea,3,Taste,口感,Product / Sourcing
521342,aroma,positive,"The aroma is very pleasant, sweet and floral",B007JFXWRC,Tea,3,Aroma,香气,Product / Sourcing
521342,taste,negative,"The taste, however, leaves a bit to be desired",B007JFXWRC,Tea,3,Taste,口感,Product / Sourcing
521342,packaging,positive,"comes not in a teabag, but a clever little synthetic-material pyramid",B007JFXWRC,Tea,3,Packaging,包装,Packaging
222379,taste,positive,"Simply based on taste, I give this ""Peach Tea"" flavored water-enhancer a pretty good rating",B004E4CCSQ,Tea,3,Taste,口感,Product / Sourcing
222379,health_wellness,negative,My guess is that it's not healthy at all... a bunch of stuff I've never heard of,B004E4CCSQ,Tea,3,Health & wellness,健康功效,Marketing claims
222379,price_value,negative,I DEFINITELY wouldn't spend $6 for a little bottle,B004E4CCSQ,Tea,3,Price & value,价格与性价比,Pricing
37327,taste,positive,I really enjoyed this tea,B003CK2BQG,Tea,5,Taste,口感,Product / Sourcing
37327,aroma,positive,The jasmine is subtle and more of a scent than a flavor,B003CK2BQG,Tea,5,Aroma,香气,Product / Sourcing
43929,price_value,positive,it's worth every penny,B001EQ5JLE,Tea,5,Price & value,价格与性价比,Pricing
43929,taste,positive,still taste the tea flavor,B001EQ5JLE,Tea,5,Taste,口感,Product / Sourcing
43929,aroma,positive,The color is rich and inviting,B001EQ5JLE,Tea,5,Aroma,香气,Product / Sourcing
458621,price_value,positive,this is absolutely a great deal,B000FFIL92,Tea,4,Price & value,价格与性价比,Pricing
181834,health_wellness,positive,increased milk production,B0009F3POY,Tea,5,Health & wellness,健康功效,Marketing claims
181834,brewing_convenience,neutral,The box says to drink 3-5/day,B0009F3POY,Tea,5,Brewing & convenience,冲泡与便利,Product / Content
458581,taste,negative,unpleasant dry aftertaste,B000FFIL92,Tea,2,Taste,口感,Product / Sourcing
458581,freshness_quality,negative,Maybe I got a bad batch,B000FFIL92,Tea,2,Freshness & quality,新鲜度与品质,Supply chain / QC
458581,packaging,positive,The bamboo box is quite charming,B000FFIL92,Tea,2,Packaging,包装,Packaging
145652,taste,positive,Tasty am or pm!,B003D4F1QS,Tea,5,Taste,口感,Product / Sourcing
145652,delivery,positive,Tea arrived fast,B003D4F1QS,Tea,5,Delivery,物流,Logistics
145652,packaging,neutral,"Paper wrapped bags, loose in a box",B003D4F1QS,Tea,5,Packaging,包装,Packaging
43777,taste,positive,love it better than coffee,B001EQ5JLE,Tea,5,Taste,口感,Product / Sourcing
145471,taste,positive,the tea is great,B003D4F1QS,Tea,4,Taste,口感,Product / Sourcing
145471,listing_accuracy,negative,misleading description,B003D4F1QS,Tea,4,Listing accuracy,描述相符,Listing / Content
145471,packaging,negative,"no dispenser opening, no foodservice packaging",B003D4F1QS,Tea,4,Packaging,包装,Packaging
37378,price_value,positive,price is better than anywhere!,B003CK2BQG,Tea,5,Price & value,价格与性价比,Pricing
37378,health_wellness,positive,cheaper and healthier!,B003CK2BQG,Tea,5,Health & wellness,健康功效,Marketing claims
62073,taste,negative,Where is the Bergamot flavor??,B000CQG8K8,Tea,2,Taste,口感,Product / Sourcing
123229,taste,negative,unflavorful and weird tasting,B000CQBZOW,Tea,2,Taste,口感,Product / Sourcing
123229,aroma,negative,didn't have that rich fruity smell,B000CQBZOW,Tea,2,Aroma,香气,Product / Sourcing
123229,freshness_quality,negative,tea looked different,B000CQBZOW,Tea,2,Freshness & quality,新鲜度与品质,Supply chain / QC
222467,brewing_convenience,positive,"Convenience-wise, this is pretty awesome",B004E4CCSQ,Tea,3,Brewing & convenience,冲泡与便利,Product / Content
222467,taste,negative,just a little too artificial tasting,B004E4CCSQ,Tea,3,Taste,口感,Product / Sourcing
37237,taste,positive,Tastes great both plain and with milk,B003CK2BQG,Tea,5,Taste,口感,Product / Sourcing
37237,aroma,positive,It is aromatic,B003CK2BQG,Tea,5,Aroma,香气,Product / Sourcing
37237,price_value,positive,cheapest way to buy it,B003CK2BQG,Tea,5,Price & value,价格与性价比,Pricing
181872,health_wellness,negative,didn't work for me,B0009F3POY,Tea,3,Health & wellness,健康功效,Marketing claims
441808,taste,positive,I personally love the taste of MIO Sweet Tea,B004E4HUMY,Tea,5,Taste,口感,Product / Sourcing
441808,health_wellness,positive,Sweet Tea Without All of the Sugar,B004E4HUMY,Tea,5,Health & wellness,健康功效,Marketing claims
441808,price_value,positive,MIO is worth the price,B004E4HUMY,Tea,5,Price & value,价格与性价比,Pricing
136104,taste,neutral,"very sweet, so would probably taste a lot better if it's diluted",B005SPQENY,Tea,3,Taste,口感,Product / Sourcing
538188,taste,positive,"Super-mellow, tasty",B0061IUIDY,Tea,5,Taste,口感,Product / Sourcing
538188,health_wellness,positive,calms my bones,B0061IUIDY,Tea,5,Health & wellness,健康功效,Marketing claims
521352,taste,positive,You definitely get the berry flavor,B007JFXWRC,Tea,5,Taste,口感,Product / Sourcing
521352,packaging,positive,little pyramid bags are very cute,B007JFXWRC,Tea,5,Packaging,包装,Packaging
521352,aroma,positive,soothing quality to the aroma,B007JFXWRC,Tea,5,Aroma,香气,Product / Sourcing
441871,packaging,negative,I gave this product a 1-star for its packaging,B004E4HUMY,Tea,1,Packaging,包装,Packaging
441871,taste,negative,thought the taste was a little flat,B004E4HUMY,Tea,1,Taste,口感,Product / Sourcing
222457,taste,negative,chemically and cloningly sweet,B004E4CCSQ,Tea,2,Taste,口感,Product / Sourcing
222457,price_value,negative,grossly overpriced,B004E4CCSQ,Tea,2,Price & value,价格与性价比,Pricing
222457,brewing_convenience,positive,concept is one of convenience,B004E4CCSQ,Tea,2,Brewing & convenience,冲泡与便利,Product / Content
70344,taste,positive,the taste is quite good,B007I7Z3Z0,Tea,2,Taste,口感,Product / Sourcing
70344,brewing_convenience,negative,powder clumped together immediately,B007I7Z3Z0,Tea,2,Brewing & convenience,冲泡与便利,Product / Content
37366,taste,neutral,not as smooth as Tzao,B003CK2BQG,Tea,4,Taste,口感,Product / Sourcing
37366,price_value,neutral,Bigelow is also much less expensive,B003CK2BQG,Tea,4,Price & value,价格与性价比,Pricing
62092,taste,positive,GREAT QUALITY FLAVOURED PEACH BLACK TEA,B000CQG8K8,Tea,4,Taste,口感,Product / Sourcing
62092,price_value,neutral,IT IS A LITTLE EXPENSIVE BUT WELL WORTH IT!,B000CQG8K8,Tea,4,Price & value,价格与性价比,Pricing
43842,taste,positive,Good tea. Not AWESOME tea.,B001EQ5JLE,Tea,4,Taste,口感,Product / Sourcing
43842,packaging,positive,Cool bags. The bulk box is prefect,B001EQ5JLE,Tea,4,Packaging,包装,Packaging
43808,taste,positive,without the harsh flavor some other black teas can have,B001EQ5JLE,Tea,5,Taste,口感,Product / Sourcing
43808,price_value,positive,much cheaper to buy in this larger size,B001EQ5JLE,Tea,5,Price & value,价格与性价比,Pricing
43808,delivery,positive,eliminating the shipping charges,B001EQ5JLE,Tea,5,Delivery,物流,Logistics
181854,taste,neutral,has an acquired taste much like black licorice,B0009F3POY,Tea,3,Taste,口感,Product / Sourcing
181854,health_wellness,positive,notice my milk supply increase,B0009F3POY,Tea,3,Health & wellness,健康功效,Marketing claims
181854,caffeine_energy,neutral,nice tea to drink before bed,B0009F3POY,Tea,3,Caffeine & energy,咖啡因与提神,Product / Content
230033,taste,negative,Tasteless and bitter,B000WB1YSE,Tea,2,Taste,口感,Product / Sourcing
145688,taste,positive,"Love this flavor, very unique.",B003D4F1QS,Tea,5,Taste,口感,Product / Sourcing
70336,brewing_convenience,positive,"single serve packets, making it a quick grab",B007I7Z3Z0,Tea,3,Brewing & convenience,冲泡与便利,Product / Content
70336,taste,negative,disinct aftertaste from the sucralose additive,B007I7Z3Z0,Tea,3,Taste,口感,Product / Sourcing
37345,taste,negative,didn't have any taste and was slight improvement on having hot water,B003CK2BQG,Tea,3,Taste,口感,Product / Sourcing
37375,taste,positive,Wonderful Teas,B003CK2BQG,Tea,5,Taste,口感,Product / Sourcing
230135,taste,positive,Doesn't have the bitterness that most bagged teas have,B000WB1YSE,Tea,5,Taste,口感,Product / Sourcing
230135,price_value,positive,costs only $10 at Costco,B000WB1YSE,Tea,5,Price & value,价格与性价比,Pricing
70302,taste,negative,really sweet... definitly taste and smell the fake sugar,B007I7Z3Z0,Tea,2,Taste,口感,Product / Sourcing
521441,taste,neutral,flavor as hot tea and the less,B007JFXWRC,Tea,3,Taste,口感,Product / Sourcing
521441,aroma,positive,fragrance is delicious!,B007JFXWRC,Tea,3,Aroma,香气,Product / Sourcing
521441,packaging,negative,nothing protecting the tea bags inside of the box,B007JFXWRC,Tea,3,Packaging,包装,Packaging
521441,brewing_convenience,positive,tried this tea both hot and iced,B007JFXWRC,Tea,3,Brewing & convenience,冲泡与便利,Product / Content
37217,taste,positive,"wonderful smoky quality, too",B003CK2BQG,Tea,5,Taste,口感,Product / Sourcing
37217,health_wellness,positive,feel the antioxidants percolate in my head,B003CK2BQG,Tea,5,Health & wellness,健康功效,Marketing claims
230034,freshness_quality,negative,This tea arrived stale.,B000WB1YSE,Tea,2,Freshness & quality,新鲜度与品质,Supply chain / QC
230034,taste,negative,not enjoyable as it usually is,B000WB1YSE,Tea,2,Taste,口感,Product / Sourcing
230034,brewing_convenience,positive,brews in a speedy 30 seconds.,B000WB1YSE,Tea,2,Brewing & convenience,冲泡与便利,Product / Content
34001,taste,negative,reminded me more and more of chalk,B00412W76S,Tea,2,Taste,口感,Product / Sourcing
34001,health_wellness,positive,helped me feel pretty good after drinking a cup,B00412W76S,Tea,2,Health & wellness,健康功效,Marketing claims
43772,taste,positive,"strong, refreshing,black tea",B001EQ5JLE,Tea,5,Taste,口感,Product / Sourcing
43772,price_value,positive,price just can't be beaten!,B001EQ5JLE,Tea,5,Price & value,价格与性价比,Pricing
70348,taste,negative,"root-canal-pain inducing sweetness, immediate scratching",B007I7Z3Z0,Tea,1,Taste,口感,Product / Sourcing
70348,listing_accuracy,negative,let this product sail under a false flag,B007I7Z3Z0,Tea,1,Listing accuracy,描述相符,Listing / Content
70348,freshness_quality,negative,very fine dust emitted which immediately made me cough,B007I7Z3Z0,Tea,1,Freshness & quality,新鲜度与品质,Supply chain / QC
458721,taste,neutral,only three teas I really liked,B000FFIL92,Tea,4,Taste,口感,Product / Sourcing
458721,packaging,negative,getting it open was pretty hard to do,B000FFIL92,Tea,4,Packaging,包装,Packaging
458721,brewing_convenience,positive,place this little pot in the microwave and heat up,B000FFIL92,Tea,4,Brewing & convenience,冲泡与便利,Product / Content
222484,taste,negative,"very sweat, but in an artificial way.",B004E4CCSQ,Tea,1,Taste,口感,Product / Sourcing
222484,health_wellness,negative,ingrediants list is full of artificial junk.,B004E4CCSQ,Tea,1,Health & wellness,健康功效,Marketing claims
123141,taste,positive,"This tea is so different, so tangy",B000CQBZOW,Tea,5,Taste,口感,Product / Sourcing
33913,taste,negative,The taste is not great,B00412W76S,Tea,2,Taste,口感,Product / Sourcing
33913,aroma,negative,I could not get used to the smell,B00412W76S,Tea,2,Aroma,香气,Product / Sourcing
33946,aroma,negative,It stunk up my house,B00412W76S,Tea,1,Aroma,香气,Product / Sourcing
33946,taste,negative,taste awful,B00412W76S,Tea,1,Taste,口感,Product / Sourcing
181822,health_wellness,positive,Good for colic babies and milk production,B0009F3POY,Tea,5,Health & wellness,健康功效,Marketing claims
136040,packaging,positive,"slim, hexagonal bottle... is elegant",B005SPQENY,Tea,3,Packaging,包装,Packaging
136040,taste,positive,beverage's taste is interesting and complex,B005SPQENY,Tea,3,Taste,口感,Product / Sourcing
136040,health_wellness,negative,It's loaded with cane sugar,B005SPQENY,Tea,3,Health & wellness,健康功效,Marketing claims
222368,taste,negative,chemical taste,B004E4CCSQ,Tea,1,Taste,口感,Product / Sourcing
222368,health_wellness,negative,The controversial ingredients are as follows,B004E4CCSQ,Tea,1,Health & wellness,健康功效,Marketing claims
70127,brewing_convenience,positive,dissolves fairly easily even in cold water,B007I7Z3Z0,Tea,5,Brewing & convenience,冲泡与便利,Product / Content
70127,taste,positive,Very good flavor and taste,B007I7Z3Z0,Tea,5,Taste,口感,Product / Sourcing
521453,aroma,positive,blown away by the heady/fruity scent,B007JFXWRC,Tea,5,Aroma,香气,Product / Sourcing
521453,packaging,positive,adored the pyramidal tea bag shape,B007JFXWRC,Tea,5,Packaging,包装,Packaging
521453,taste,positive,Exceedingly fruity but in an utterly natural way,B007JFXWRC,Tea,5,Taste,口感,Product / Sourcing
145634,taste,positive,is the best I've ever had,B003D4F1QS,Tea,5,Taste,口感,Product / Sourcing
136045,taste,positive,really liked the taste,B005SPQENY,Tea,5,Taste,口感,Product / Sourcing
136045,health_wellness,positive,Aloe and green tea are so good for you,B005SPQENY,Tea,5,Health & wellness,健康功效,Marketing claims
181840,health_wellness,negative,breaking out in different areas of my body,B0009F3POY,Tea,3,Health & wellness,健康功效,Marketing claims
181840,taste,negative,"not a big fan of tea, so I didn't care for the taste",B0009F3POY,Tea,3,Taste,口感,Product / Sourcing
43832,taste,positive,PG Tips is rich and satisfying,B001EQ5JLE,Tea,5,Taste,口感,Product / Sourcing
43832,aroma,positive,essence is intoxicating,B001EQ5JLE,Tea,5,Aroma,香气,Product / Sourcing
33891,taste,positive,Tastes Great!,B00412W76S,Tea,5,Taste,口感,Product / Sourcing
136047,taste,positive,has everything going for taste,B005SPQENY,Tea,4,Taste,口感,Product / Sourcing
136047,health_wellness,negative,"if you are looking for a healthy drink, you might look elsewhere",B005SPQENY,Tea,4,Health & wellness,健康功效,Marketing claims
123148,taste,neutral,the ginger overpowers a little,B000CQBZOW,Tea,3,Taste,口感,Product / Sourcing
37339,taste,positive,"minty tea, actually makes an enjoyable cup",B003CK2BQG,Tea,4,Taste,口感,Product / Sourcing
230121,delivery,positive,It arrived quicking as well,B000WB1YSE,Tea,5,Delivery,物流,Logistics
538207,taste,positive,It tastes better than the chai teas you get at coffee houses,B0061IUIDY,Tea,5,Taste,口感,Product / Sourcing
538207,brewing_convenience,positive,isn't overly-sensitive to a too long or too short steeping time,B0061IUIDY,Tea,5,Brewing & convenience,冲泡与便利,Product / Content
441965,taste,negative,tasted like tea that was flat and weak,B004E4HUMY,Tea,2,Taste,口感,Product / Sourcing
538416,taste,positive,It tastes quite nice,B0061IUIDY,Tea,4,Taste,口感,Product / Sourcing
538416,brewing_convenience,positive,brews well just following the instructions,B0061IUIDY,Tea,4,Brewing & convenience,冲泡与便利,Product / Content
145538,taste,positive,Strong smooth calming tea,B003D4F1QS,Tea,5,Taste,口感,Product / Sourcing
145538,health_wellness,positive,calming tea,B003D4F1QS,Tea,5,Health & wellness,健康功效,Marketing claims
222497,taste,negative,it tastes like colored water,B004E4CCSQ,Tea,3,Taste,口感,Product / Sourcing
230020,taste,negative,So so tea not bitter no kick,B000WB1YSE,Tea,3,Taste,口感,Product / Sourcing
538226,taste,positive,enjoyed the overall flavor combination,B0061IUIDY,Tea,4,Taste,口感,Product / Sourcing
538226,caffeine_energy,positive,find this tea to be energizing,B0061IUIDY,Tea,4,Caffeine & energy,咖啡因与提神,Product / Content
145740,packaging,negative,sent loose in an unmarked box,B003D4F1QS,Tea,2,Packaging,包装,Packaging
145740,taste,negative,does not seem to be as strong,B003D4F1QS,Tea,2,Taste,口感,Product / Sourcing
145740,freshness_quality,negative,I question the freshness and authenticity,B003D4F1QS,Tea,2,Freshness & quality,新鲜度与品质,Supply chain / QC
441790,taste,neutral,Sweet Tea flavor is decent,B004E4HUMY,Tea,3,Taste,口感,Product / Sourcing
441790,price_value,positive,cost effective drink,B004E4HUMY,Tea,3,Price & value,价格与性价比,Pricing
441790,brewing_convenience,positive,convenient,B004E4HUMY,Tea,3,Brewing & convenience,冲泡与便利,Product / Content
136055,taste,positive,The product is sweet,B005SPQENY,Tea,5,Taste,口感,Product / Sourcing
136055,packaging,neutral,packaged in a 340 mL plastic bottle,B005SPQENY,Tea,5,Packaging,包装,Packaging
222278,taste,negative,odd tasting artificial peach flavor,B004E4CCSQ,Tea,3,Taste,口感,Product / Sourcing
222278,brewing_convenience,positive,can choose to make a smaller or larger amount,B004E4CCSQ,Tea,3,Brewing & convenience,冲泡与便利,Product / Content
34013,health_wellness,positive,my knee pain has improved,B00412W76S,Tea,5,Health & wellness,健康功效,Marketing claims
34013,taste,positive,it taste good,B00412W76S,Tea,5,Taste,口感,Product / Sourcing
230060,taste,positive,It has a light sweet taste,B000WB1YSE,Tea,5,Taste,口感,Product / Sourcing
43759,taste,positive,good strong cup-a,B001EQ5JLE,Tea,5,Taste,口感,Product / Sourcing
43759,price_value,positive,good price,B001EQ5JLE,Tea,5,Price & value,价格与性价比,Pricing
123176,taste,positive,Chamomile Nights Tea from Stash is delicious,B000CQBZOW,Tea,5,Taste,口感,Product / Sourcing
123176,health_wellness,positive,very relaxing,B000CQBZOW,Tea,5,Health & wellness,健康功效,Marketing claims
123176,price_value,positive,has a great price,B000CQBZOW,Tea,5,Price & value,价格与性价比,Pricing
123176,delivery,positive,Amazon carries it in stock,B000CQBZOW,Tea,5,Delivery,物流,Logistics
43818,taste,negative,tea is too weak & too smooth,B001EQ5JLE,Tea,3,Taste,口感,Product / Sourcing
43818,price_value,positive,sold this at an excellent price 'IF' you subscribe,B001EQ5JLE,Tea,3,Price & value,价格与性价比,Pricing
43818,delivery,positive,arrived promptly,B001EQ5JLE,Tea,3,Delivery,物流,Logistics
43818,freshness_quality,positive,VERY FRESH date,B001EQ5JLE,Tea,3,Freshness & quality,新鲜度与品质,Supply chain / QC
230107,taste,positive,very mild with a slightly sweet taste,B000WB1YSE,Tea,5,Taste,口感,Product / Sourcing
34019,taste,negative,Not enough flavor,B00412W76S,Tea,3,Taste,口感,Product / Sourcing
34019,aroma,negative,lacking in aroma,B00412W76S,Tea,3,Aroma,香气,Product / Sourcing
521479,taste,negative,almost a medicine taste,B007JFXWRC,Tea,3,Taste,口感,Product / Sourcing
34048,packaging,negative,packaged in a plastic bag,B00412W76S,Tea,4,Packaging,包装,Packaging
34048,aroma,negative,funky odor,B00412W76S,Tea,4,Aroma,香气,Product / Sourcing
34048,health_wellness,positive,able to sleep for a full eight hours,B00412W76S,Tea,4,Health & wellness,健康功效,Marketing claims
230064,taste,positive,authentic Japanese green tea,B000WB1YSE,Tea,4,Taste,口感,Product / Sourcing
230064,price_value,positive,at such a cheap price,B000WB1YSE,Tea,4,Price & value,价格与性价比,Pricing
61978,taste,positive,extract all of those wonderful spices,B000CQG8K8,Tea,5,Taste,口感,Product / Sourcing
61978,brewing_convenience,positive,let steep about 3-5 minutes,B000CQG8K8,Tea,5,Brewing & convenience,冲泡与便利,Product / Content
70370,taste,negative,Sucralose level is so high,B007I7Z3Z0,Tea,1,Taste,口感,Product / Sourcing
37224,aroma,positive,The fragrance is strong and floral - lovely.,B003CK2BQG,Tea,3,Aroma,香气,Product / Sourcing
37224,taste,neutral,much more like a fermented Oolong than green tea,B003CK2BQG,Tea,3,Taste,口感,Product / Sourcing
521464,taste,positive,"the taste is good, a bit tart, slightly sour.",B007JFXWRC,Tea,5,Taste,口感,Product / Sourcing
521464,brewing_convenience,positive,they're little plastic triangles which i think allow more water,B007JFXWRC,Tea,5,Brewing & convenience,冲泡与便利,Product / Content
62003,taste,positive,Makes great tasting Ice.,B000CQG8K8,Tea,5,Taste,口感,Product / Sourcing
33950,freshness_quality,negative,tea tasted like cardboard,B00412W76S,Tea,1,Freshness & quality,新鲜度与品质,Supply chain / QC
33950,delivery,negative,took them a long time to send it,B00412W76S,Tea,1,Delivery,物流,Logistics
62025,taste,positive,Lots of flavor.,B000CQG8K8,Tea,5,Taste,口感,Product / Sourcing
37353,taste,negative,little to no tea or mint flavor going on here,B003CK2BQG,Tea,2,Taste,口感,Product / Sourcing
37353,aroma,positive,more aroma than the brewed tea itself,B003CK2BQG,Tea,2,Aroma,香气,Product / Sourcing
70220,health_wellness,negative,does contain artificial sweeteners,B007I7Z3Z0,Tea,1,Health & wellness,健康功效,Marketing claims
70220,taste,negative,mix of different tastes... is very unpleasant,B007I7Z3Z0,Tea,1,Taste,口感,Product / Sourcing
123126,taste,positive,Great ginger taste,B000CQBZOW,Tea,5,Taste,口感,Product / Sourcing
181945,health_wellness,positive,This tea helped my milk production.,B0009F3POY,Tea,4,Health & wellness,健康功效,Marketing claims
521472,taste,positive,"It's sweet and tangy, the blackberry very prominent",B007JFXWRC,Tea,4,Taste,口感,Product / Sourcing
521472,freshness_quality,positive,Leaves were larger than what I usually find,B007JFXWRC,Tea,4,Freshness & quality,新鲜度与品质,Supply chain / QC
123089,taste,positive,great licorice taste,B000CQBZOW,Tea,5,Taste,口感,Product / Sourcing
123089,health_wellness,positive,so very SOOTHING to my throat!,B000CQBZOW,Tea,5,Health & wellness,健康功效,Marketing claims
70313,taste,negative,could taste the artificial sweetener,B007I7Z3Z0,Tea,1,Taste,口感,Product / Sourcing
70313,listing_accuracy,negative,label is a bit misleading,B007I7Z3Z0,Tea,1,Listing accuracy,描述相符,Listing / Content
181893,taste,positive,It doesn't taste bad,B0009F3POY,Tea,5,Taste,口感,Product / Sourcing
181893,health_wellness,positive,helped a bit with lactation,B0009F3POY,Tea,5,Health & wellness,健康功效,Marketing claims
123199,taste,negative,too much for me,B000CQBZOW,Tea,3,Taste,口感,Product / Sourcing
123199,aroma,negative,Too much of a licorice smell,B000CQBZOW,Tea,3,Aroma,香气,Product / Sourcing
521476,taste,positive,"strong blackberry flavor, with a subtle vanilla note",B007JFXWRC,Tea,4,Taste,口感,Product / Sourcing
521476,health_wellness,positive,"Soothing and calming, perfect to unwind",B007JFXWRC,Tea,4,Health & wellness,健康功效,Marketing claims
521476,packaging,positive,just love the little pyramid bag,B007JFXWRC,Tea,4,Packaging,包装,Packaging
145841,price_value,positive,This is a good deal moneywise,B003D4F1QS,Tea,3,Price & value,价格与性价比,Pricing
145841,packaging,negative,bags do come all thrown in a box,B003D4F1QS,Tea,3,Packaging,包装,Packaging
70248,packaging,positive,come in individual packets for use with bottled water,B007I7Z3Z0,Tea,5,Packaging,包装,Packaging
70248,taste,positive,flavor of Blackberry Pomegranate is more intense,B007I7Z3Z0,Tea,5,Taste,口感,Product / Sourcing
222402,taste,negative,smells and tastes mildly of chlorine,B004E4CCSQ,Tea,3,Taste,口感,Product / Sourcing
222402,health_wellness,negative,worried about my safety,B004E4CCSQ,Tea,3,Health & wellness,健康功效,Marketing claims
230096,freshness_quality,negative,The box was packed in 2010,B000WB1YSE,Tea,3,Freshness & quality,新鲜度与品质,Supply chain / QC
230096,taste,positive,far superior to any other green teas,B000WB1YSE,Tea,3,Taste,口感,Product / Sourcing
538338,taste,positive,"rich, a bit malty... but well balanced",B0061IUIDY,Tea,5,Taste,口感,Product / Sourcing
538338,aroma,positive,after smelling it carefully,B0061IUIDY,Tea,5,Aroma,香气,Product / Sourcing
538338,packaging,positive,enclosed in foil-lined packets,B0061IUIDY,Tea,5,Packaging,包装,Packaging
230090,taste,positive,you have 50 drinks worth for ~27 dollars USD,B000WB1YSE,Tea,5,Taste,口感,Product / Sourcing
230090,price_value,positive,50 drinks worth for ~27 dollars USD,B000WB1YSE,Tea,5,Price & value,价格与性价比,Pricing
230090,brewing_convenience,positive,with two bags per large glass of ice water,B000WB1YSE,Tea,5,Brewing & convenience,冲泡与便利,Product / Content
230090,health_wellness,positive,"all natural, too",B000WB1YSE,Tea,5,Health & wellness,健康功效,Marketing claims
521461,aroma,positive,aroma from the opening the box will grab you!,B007JFXWRC,Tea,5,Aroma,香气,Product / Sourcing
521461,taste,positive,this tastes as good as smells,B007JFXWRC,Tea,5,Taste,口感,Product / Sourcing
145702,taste,positive,The coconut flavor is not too strong,B003D4F1QS,Tea,5,Taste,口感,Product / Sourcing
135983,taste,positive,"a really pleasant taste, that is not too sweet",B005SPQENY,Tea,5,Taste,口感,Product / Sourcing
135983,health_wellness,neutral,It has 120 calories per bottle,B005SPQENY,Tea,5,Health & wellness,健康功效,Marketing claims
123211,taste,neutral,it is a little weak when compared to other brands,B000CQBZOW,Tea,4,Taste,口感,Product / Sourcing
136013,taste,positive,"It tastes good, but I can't get past the fact",B005SPQENY,Tea,3,Taste,口感,Product / Sourcing
222523,taste,negative,an over-powering sickly sweet peach flavor,B004E4CCSQ,Tea,2,Taste,口感,Product / Sourcing
538372,price_value,negative,"At 18.4 cents/bag, this is a very expensive tea.",B0061IUIDY,Tea,2,Price & value,价格与性价比,Pricing
538372,taste,negative,This tea has far less flavor,B0061IUIDY,Tea,2,Taste,口感,Product / Sourcing
62045,taste,positive,The spices in this one are amazing,B000CQG8K8,Tea,5,Taste,口感,Product / Sourcing
62045,health_wellness,positive,drinking chai tea can boost metabolism,B000CQG8K8,Tea,5,Health & wellness,健康功效,Marketing claims
123178,taste,positive,sweet flavor licorice teas are known for,B000CQBZOW,Tea,5,Taste,口感,Product / Sourcing
123178,freshness_quality,positive,The tea bags come stamped with an expiration date,B000CQBZOW,Tea,5,Freshness & quality,新鲜度与品质,Supply chain / QC
61990,taste,positive,The spices are enticing and warm up you up,B000CQG8K8,Tea,5,Taste,口感,Product / Sourcing
230110,taste,positive,"A decent cup of green tea, even better iced",B000WB1YSE,Tea,4,Taste,口感,Product / Sourcing
230110,price_value,positive,"For the price, the Kirkland brand is just fine",B000WB1YSE,Tea,4,Price & value,价格与性价比,Pricing
458647,listing_accuracy,negative,there was at least a 16 ounce glass teapot...wrong!!,B000FFIL92,Tea,1,Listing accuracy,描述相符,Listing / Content
458647,brewing_convenience,negative,one cup pot breaks easily,B000FFIL92,Tea,1,Brewing & convenience,冲泡与便利,Product / Content
458647,freshness_quality,negative,dud flowers,B000FFIL92,Tea,1,Freshness & quality,新鲜度与品质,Supply chain / QC
458647,price_value,negative,embarrassingly cheap,B000FFIL92,Tea,1,Price & value,价格与性价比,Pricing
33885,taste,positive,"Its a really delicious earthy, herbal tea.",B00412W76S,Tea,5,Taste,口感,Product / Sourcing
538369,taste,neutral,I thought this tea was about average.,B0061IUIDY,Tea,3,Taste,口感,Product / Sourcing
538369,aroma,neutral,eclipsed the Higgins and Burke in both taste and aroma,B0061IUIDY,Tea,3,Aroma,香气,Product / Sourcing
70297,taste,positive,"A delicious, refreshing tea with just a hint",B007I7Z3Z0,Tea,5,Taste,口感,Product / Sourcing
70297,health_wellness,positive,A low 5-calories per 8-ounce serving,B007I7Z3Z0,Tea,5,Health & wellness,健康功效,Marketing claims
222471,taste,negative,taste was too sweet for my liking,B004E4CCSQ,Tea,3,Taste,口感,Product / Sourcing
43816,taste,negative,tea to be weak and bitter,B001EQ5JLE,Tea,1,Taste,口感,Product / Sourcing
43816,packaging,negative,packed loose in the cardboard box,B001EQ5JLE,Tea,1,Packaging,包装,Packaging
43816,freshness_quality,negative,The tea arrived somewhat stale,B001EQ5JLE,Tea,1,Freshness & quality,新鲜度与品质,Supply chain / QC
230072,taste,positive,It is delicious and high quality,B000WB1YSE,Tea,5,Taste,口感,Product / Sourcing
230072,price_value,positive,this is still a great deal,B000WB1YSE,Tea,5,Price & value,价格与性价比,Pricing
230072,packaging,negative,"packaged the bags in biodegradable paper, not plastic",B000WB1YSE,Tea,5,Packaging,包装,Packaging
230001,freshness_quality,positive,know I'm going to get a quality cup,B000WB1YSE,Tea,5,Freshness & quality,新鲜度与品质,Supply chain / QC
181939,health_wellness,negative,herbs are super relaxing and put me to sleep,B0009F3POY,Tea,1,Health & wellness,健康功效,Marketing claims
37290,taste,negative,"Very disappointed with the flavor, or lack therof",B003CK2BQG,Tea,2,Taste,口感,Product / Sourcing
222358,taste,negative,chemical aftertaste that lingered on (and colored) my tongue,B004E4CCSQ,Tea,2,Taste,口感,Product / Sourcing
222358,packaging,positive,product packaging is excellent,B004E4CCSQ,Tea,2,Packaging,包装,Packaging
123094,taste,positive,I love the taste of this tea,B000CQBZOW,Tea,4,Taste,口感,Product / Sourcing
123094,brewing_convenience,positive,I like to make iced tea with it,B000CQBZOW,Tea,4,Brewing & convenience,冲泡与便利,Product / Content
123094,price_value,neutral,I canceled my subscribe & save order,B000CQBZOW,Tea,4,Price & value,价格与性价比,Pricing
123094,health_wellness,negative,story of licorice toxicity,B000CQBZOW,Tea,4,Health & wellness,健康功效,Marketing claims
521443,taste,negative,product just didn't satisfy... need to add two tablespoons of honey,B007JFXWRC,Tea,3,Taste,口感,Product / Sourcing
521443,aroma,positive,The smell was lovely,B007JFXWRC,Tea,3,Aroma,香气,Product / Sourcing
521443,health_wellness,positive,"With no caffeine, this tea is a fabulous way to relax",B007JFXWRC,Tea,3,Health & wellness,健康功效,Marketing claims
70066,taste,positive,strong pineapple taste with a mango filler,B007I7Z3Z0,Tea,4,Taste,口感,Product / Sourcing
70066,brewing_convenience,positive,i use 1 stick per 32 oz bottle,B007I7Z3Z0,Tea,4,Brewing & convenience,冲泡与便利,Product / Content
222460,taste,neutral,highly concentrated peach (tea) flavored liquid,B004E4CCSQ,Tea,3,Taste,口感,Product / Sourcing
222460,packaging,positive,portable plastic package that can be easily carried around,B004E4CCSQ,Tea,3,Packaging,包装,Packaging
222460,caffeine_energy,neutral,Drink does not have caffeine,B004E4CCSQ,Tea,3,Caffeine & energy,咖啡因与提神,Product / Content
37258,taste,negative,This one is not strong enough for me,B003CK2BQG,Tea,3,Taste,口感,Product / Sourcing
230011,price_value,positive,great green tea at the right price,B000WB1YSE,Tea,5,Price & value,价格与性价比,Pricing
230011,taste,positive,find a great green tea,B000WB1YSE,Tea,5,Taste,口感,Product / Sourcing
43746,taste,positive,"satisfy your thirst, PG Tips is the BEST",B001EQ5JLE,Tea,5,Taste,口感,Product / Sourcing
222400,taste,negative,"It's all peach, I don't taste any tea",B004E4CCSQ,Tea,1,Taste,口感,Product / Sourcing
70314,brewing_convenience,positive,Easy Mix,B007I7Z3Z0,Tea,1,Brewing & convenience,冲泡与便利,Product / Content
70314,taste,negative,Taste Bitter & Fake Does not taste like pineapple,B007I7Z3Z0,Tea,1,Taste,口感,Product / Sourcing
521339,taste,positive,packing major hibiscus/raspberry/rosehip flavor,B007JFXWRC,Tea,4,Taste,口感,Product / Sourcing
521339,aroma,positive,The aroma is fantastic,B007JFXWRC,Tea,4,Aroma,香气,Product / Sourcing
521339,brewing_convenience,positive,tried this tea both hot and iced,B007JFXWRC,Tea,4,Brewing & convenience,冲泡与便利,Product / Content
521339,caffeine_energy,positive,Bonus points for being decaffeinated!,B007JFXWRC,Tea,4,Caffeine & energy,咖啡因与提神,Product / Content
34023,health_wellness,positive,My breathing felt better after the first cup,B00412W76S,Tea,5,Health & wellness,健康功效,Marketing claims
43736,taste,positive,Good Tea,B001EQ5JLE,Tea,4,Taste,口感,Product / Sourcing
70119,listing_accuracy,negative,sweetened with honey... doesn't mean it isn't sweetened with an artificial sweetener,B007I7Z3Z0,Tea,1,Listing accuracy,描述相符,Listing / Content
441941,taste,positive,gives it a sweet flavor for your to enjoy water,B004E4HUMY,Tea,5,Taste,口感,Product / Sourcing
441941,caffeine_energy,positive,free from Caffeine,B004E4HUMY,Tea,5,Caffeine & energy,咖啡因与提神,Product / Content
441941,health_wellness,positive,"free from Caffeine, Fat, Calories, Sodium",B004E4HUMY,Tea,5,Health & wellness,健康功效,Marketing claims
37240,taste,positive,flavors are very well balanced - nothing tastes too strong,B003CK2BQG,Tea,5,Taste,口感,Product / Sourcing
37240,freshness_quality,positive,They use quality ingredients,B003CK2BQG,Tea,5,Freshness & quality,新鲜度与品质,Supply chain / QC
37240,brewing_convenience,positive,particularly tolerant to over-brewing. ;-) Wonderful iced or hot,B003CK2BQG,Tea,5,Brewing & convenience,冲泡与便利,Product / Content
70010,taste,positive,Taste is good,B007I7Z3Z0,Tea,2,Taste,口感,Product / Sourcing
70010,brewing_convenience,positive,Mixes easily,B007I7Z3Z0,Tea,2,Brewing & convenience,冲泡与便利,Product / Content
70010,listing_accuracy,negative,Misleading marketing... imply that it is sweetened with just Honey,B007I7Z3Z0,Tea,2,Listing accuracy,描述相符,Listing / Content
62024,taste,positive,This is by far the best chai I have found.,B000CQG8K8,Tea,5,Taste,口感,Product / Sourcing
62024,price_value,positive,The price is excellent,B000CQG8K8,Tea,5,Price & value,价格与性价比,Pricing
62024,delivery,positive,I can get it in quantity,B000CQG8K8,Tea,5,Delivery,物流,Logistics
538263,taste,positive,slightly stronger bergamot flavor,B0061IUIDY,Tea,5,Taste,口感,Product / Sourcing
538355,taste,negative,The bergamot flavor is extremely mild,B0061IUIDY,Tea,3,Taste,口感,Product / Sourcing
538355,aroma,negative,smells a bit like perfumed soap--not tea,B0061IUIDY,Tea,3,Aroma,香气,Product / Sourcing
123077,taste,positive,never tire of the fresh berry taste,B000CQBZOW,Tea,5,Taste,口感,Product / Sourcing
123077,brewing_convenience,positive,"Tea bag, hot water, steep, done, drink.",B000CQBZOW,Tea,5,Brewing & convenience,冲泡与便利,Product / Content
222290,taste,positive,"thankfully, this tastes very good.",B004E4CCSQ,Tea,4,Taste,口感,Product / Sourcing
222290,caffeine_energy,positive,it's decaf,B004E4CCSQ,Tea,4,Caffeine & energy,咖啡因与提神,Product / Content
222290,brewing_convenience,positive,easy to use,B004E4CCSQ,Tea,4,Brewing & convenience,冲泡与便利,Product / Content
70335,taste,neutral,tastes like Kool-Aid,B007I7Z3Z0,Tea,3,Taste,口感,Product / Sourcing
33983,taste,neutral,It's still not the best tasting tea variety,B00412W76S,Tea,5,Taste,口感,Product / Sourcing
33983,health_wellness,positive,uterine health,B00412W76S,Tea,5,Health & wellness,健康功效,Marketing claims
33983,price_value,positive,"This price is amazing, too.",B00412W76S,Tea,5,Price & value,价格与性价比,Pricing
538422,freshness_quality,positive,so few fines that you get lots of leakage,B0061IUIDY,Tea,5,Freshness & quality,新鲜度与品质,Supply chain / QC
538422,packaging,positive,I like the foil packaging.,B0061IUIDY,Tea,5,Packaging,包装,Packaging
61986,taste,positive,offer rich full flavors,B000CQG8K8,Tea,4,Taste,口感,Product / Sourcing
61986,aroma,positive,full body spicy aroma,B000CQG8K8,Tea,4,Aroma,香气,Product / Sourcing
61986,caffeine_energy,positive,comes in Decaf,B000CQG8K8,Tea,4,Caffeine & energy,咖啡因与提神,Product / Content
61986,listing_accuracy,neutral,Amazon offers these by the case of 6 boxes only.,B000CQG8K8,Tea,4,Listing accuracy,描述相符,Listing / Content
538190,taste,neutral,mildly strong flavor with the astringent bite,B0061IUIDY,Tea,3,Taste,口感,Product / Sourcing
229994,taste,positive,it is soooooo good.,B000WB1YSE,Tea,5,Taste,口感,Product / Sourcing
229994,brewing_convenience,positive,only have to steep it for 30 seconds,B000WB1YSE,Tea,5,Brewing & convenience,冲泡与便利,Product / Content
229994,health_wellness,positive,health benefits,B000WB1YSE,Tea,5,Health & wellness,健康功效,Marketing claims
230076,taste,positive,tastes great.,B000WB1YSE,Tea,5,Taste,口感,Product / Sourcing
230076,caffeine_energy,positive,low caffeine content,B000WB1YSE,Tea,5,Caffeine & energy,咖啡因与提神,Product / Content
230076,health_wellness,positive,reducing tummy fat,B000WB1YSE,Tea,5,Health & wellness,健康功效,Marketing claims
521468,taste,neutral,"it was very sweet, and my taste buds were a little put off.",B007JFXWRC,Tea,4,Taste,口感,Product / Sourcing
521468,freshness_quality,positive,A quality product,B007JFXWRC,Tea,4,Freshness & quality,新鲜度与品质,Supply chain / QC
458553,taste,negative,taste to be washed out & weak,B000FFIL92,Tea,3,Taste,口感,Product / Sourcing
458553,brewing_convenience,positive,fascinating & fun to brew,B000FFIL92,Tea,3,Brewing & convenience,冲泡与便利,Product / Content
123104,taste,positive,"super gingery, and lemony",B000CQBZOW,Tea,5,Taste,口感,Product / Sourcing
123104,health_wellness,positive,Love this when I'm sick,B000CQBZOW,Tea,5,Health & wellness,健康功效,Marketing claims
123104,caffeine_energy,positive,don't want caffeine when I'm sick,B000CQBZOW,Tea,5,Caffeine & energy,咖啡因与提神,Product / Content
61952,taste,positive,This chai has good flavor,B000CQG8K8,Tea,4,Taste,口感,Product / Sourcing
538241,taste,positive,good but subtle taste,B0061IUIDY,Tea,4,Taste,口感,Product / Sourcing
43909,packaging,negative,"EVERY teabag was slit, thus defective",B001EQ5JLE,Tea,1,Packaging,包装,Packaging
145675,health_wellness,positive,very soothing,B003D4F1QS,Tea,5,Health & wellness,健康功效,Marketing claims
70221,taste,positive,pretty sweet tasting,B007I7Z3Z0,Tea,4,Taste,口感,Product / Sourcing
70221,brewing_convenience,positive,The way the little packets rip open is really nice,B007I7Z3Z0,Tea,4,Brewing & convenience,冲泡与便利,Product / Content
43740,taste,positive,nice British blend of tea,B001EQ5JLE,Tea,5,Taste,口感,Product / Sourcing
43740,price_value,positive,PG tips subscribe and save,B001EQ5JLE,Tea,5,Price & value,价格与性价比,Pricing
43740,brewing_convenience,positive,pyramid tea bag does make a difference,B001EQ5JLE,Tea,5,Brewing & convenience,冲泡与便利,Product / Content
230018,taste,negative,This tea is too weak,B000WB1YSE,Tea,1,Taste,口感,Product / Sourcing
37297,aroma,negative,the smell! Like a stagnant swamp!,B003CK2BQG,Tea,1,Aroma,香气,Product / Sourcing
37297,taste,negative,it taste like what I would imagine swamp water,B003CK2BQG,Tea,1,Taste,口感,Product / Sourcing
123182,taste,positive,AMAZING flavor,B000CQBZOW,Tea,5,Taste,口感,Product / Sourcing
123182,health_wellness,positive,does suppress your appetite,B000CQBZOW,Tea,5,Health & wellness,健康功效,Marketing claims
33979,taste,negative,the tea is very bitter,B00412W76S,Tea,5,Taste,口感,Product / Sourcing
33979,health_wellness,positive,decrease milk supply,B00412W76S,Tea,5,Health & wellness,健康功效,Marketing claims
123127,taste,positive,sweet taste for the sweet tooth,B000CQBZOW,Tea,4,Taste,口感,Product / Sourcing
222437,taste,positive,Mio Peach Tea is a quick and easy way to add flavor,B004E4CCSQ,Tea,4,Taste,口感,Product / Sourcing
222437,brewing_convenience,positive,quick and easy... no mess,B004E4CCSQ,Tea,4,Brewing & convenience,冲泡与便利,Product / Content
521437,caffeine_energy,positive,decaffeinated and easy on the throat,B007JFXWRC,Tea,4,Caffeine & energy,咖啡因与提神,Product / Content
521437,packaging,positive,they don't come individually wrapped,B007JFXWRC,Tea,4,Packaging,包装,Packaging
521437,brewing_convenience,neutral,pyramids do not pose any steeping advantage,B007JFXWRC,Tea,4,Brewing & convenience,冲泡与便利,Product / Content
33949,taste,negative,tastes like cardboard! There's no taste or flavor.,B00412W76S,Tea,2,Taste,口感,Product / Sourcing
43897,taste,positive,brisk flavorful mug,B001EQ5JLE,Tea,5,Taste,口感,Product / Sourcing
43897,price_value,positive,reasonably priced,B001EQ5JLE,Tea,5,Price & value,价格与性价比,Pricing
43897,packaging,positive,Large string free bags,B001EQ5JLE,Tea,5,Packaging,包装,Packaging
43897,brewing_convenience,positive,steep them for 5 minutes,B001EQ5JLE,Tea,5,Brewing & convenience,冲泡与便利,Product / Content
123136,price_value,positive,less expensive than buying at store,B000CQBZOW,Tea,5,Price & value,价格与性价比,Pricing
33989,taste,neutral,"It does not really taste that great, but it is okay.",B00412W76S,Tea,4,Taste,口感,Product / Sourcing
33989,health_wellness,positive,Good Inexpensive Cleanser.,B00412W76S,Tea,4,Health & wellness,健康功效,Marketing claims
33989,price_value,positive,costs almost 4 times as much. So I stick to Alvita,B00412W76S,Tea,4,Price & value,价格与性价比,Pricing
123219,taste,positive,"bold, assertive tea with flavors",B000CQBZOW,Tea,4,Taste,口感,Product / Sourcing
123219,caffeine_energy,positive,wakes me right up... even without caffeine,B000CQBZOW,Tea,4,Caffeine & energy,咖啡因与提神,Product / Content
123219,brewing_convenience,positive,best as an iced drink,B000CQBZOW,Tea,4,Brewing & convenience,冲泡与便利,Product / Content
458612,taste,positive,tasty as well!,B000FFIL92,Tea,5,Taste,口感,Product / Sourcing
458612,listing_accuracy,positive,tiny pot is the perfect size,B000FFIL92,Tea,5,Listing accuracy,描述相符,Listing / Content
43877,brewing_convenience,positive,best for convenient brewing,B001EQ5JLE,Tea,5,Brewing & convenience,冲泡与便利,Product / Content
43877,packaging,negative,"240-count package sits 9 inches tall, too tall",B001EQ5JLE,Tea,5,Packaging,包装,Packaging
43877,caffeine_energy,positive,packs a caffeine punch,B001EQ5JLE,Tea,5,Caffeine & energy,咖啡因与提神,Product / Content
43877,health_wellness,positive,Gentler on the stomach than coffee,B001EQ5JLE,Tea,5,Health & wellness,健康功效,Marketing claims
441854,taste,positive,The flavor is FANTASTIC.,B004E4HUMY,Tea,5,Taste,口感,Product / Sourcing
441854,price_value,positive,Well worth the money,B004E4HUMY,Tea,5,Price & value,价格与性价比,Pricing
441854,brewing_convenience,positive,delivery method is a great idea,B004E4HUMY,Tea,5,Brewing & convenience,冲泡与便利,Product / Content
33932,health_wellness,positive,Its so good for you.,B00412W76S,Tea,5,Health & wellness,健康功效,Marketing claims
37273,caffeine_energy,positive,Terrific 'PICK ME UP',B003CK2BQG,Tea,5,Caffeine & energy,咖啡因与提神,Product / Content
43769,taste,positive,This is good tea,B001EQ5JLE,Tea,3,Taste,口感,Product / Sourcing
43769,health_wellness,negative,upset my stomach after I drink a few,B001EQ5JLE,Tea,3,Health & wellness,健康功效,Marketing claims
43769,brewing_convenience,positive,tagless bags float in the cup,B001EQ5JLE,Tea,3,Brewing & convenience,冲泡与便利,Product / Content
43895,taste,positive,"smooth, not harsh, yet bold flavor",B001EQ5JLE,Tea,4,Taste,口感,Product / Sourcing
43895,brewing_convenience,positive,"pyramid shaped, which does seem to brew better",B001EQ5JLE,Tea,4,Brewing & convenience,冲泡与便利,Product / Content
43895,freshness_quality,neutral,finely cut tea,B001EQ5JLE,Tea,4,Freshness & quality,新鲜度与品质,Supply chain / QC
43895,price_value,positive,at a very good price,B001EQ5JLE,Tea,4,Price & value,价格与性价比,Pricing
123238,aroma,positive,has a very pleasant aroma,B000CQBZOW,Tea,5,Aroma,香气,Product / Sourcing
123238,taste,positive,smooth taste. There is an aftertaste that lingers,B000CQBZOW,Tea,5,Taste,口感,Product / Sourcing
33952,taste,neutral,The sage tea is OK,B00412W76S,Tea,3,Taste,口感,Product / Sourcing
33952,price_value,negative,postage way too high,B00412W76S,Tea,3,Price & value,价格与性价比,Pricing
230030,freshness_quality,negative,Product. Was expired.,B000WB1YSE,Tea,1,Freshness & quality,新鲜度与品质,Supply chain / QC
230030,delivery,negative,said no refunds or exchanges,B000WB1YSE,Tea,1,Delivery,物流,Logistics
33956,taste,negative,This tea tastes nasty,B00412W76S,Tea,1,Taste,口感,Product / Sourcing
123196,taste,positive,This tastes exactly like licorice.,B000CQBZOW,Tea,5,Taste,口感,Product / Sourcing
123196,aroma,positive,It smells like licorice,B000CQBZOW,Tea,5,Aroma,香气,Product / Sourcing
123196,price_value,neutral,same exact price it would go for,B000CQBZOW,Tea,5,Price & value,价格与性价比,Pricing
441943,taste,negative,it just tastes horrible,B004E4HUMY,Tea,1,Taste,口感,Product / Sourcing
441943,health_wellness,positive,"no calories, caffeine, or sugar",B004E4HUMY,Tea,1,Health & wellness,健康功效,Marketing claims
43830,taste,positive,zero bitterness,B001EQ5JLE,Tea,4,Taste,口感,Product / Sourcing
43830,brewing_convenience,positive,brewing is reduced to mere seconds,B001EQ5JLE,Tea,4,Brewing & convenience,冲泡与便利,Product / Content
43830,price_value,positive,affordable,B001EQ5JLE,Tea,4,Price & value,价格与性价比,Pricing
135970,taste,positive,taste was sweet but not overpowering,B005SPQENY,Tea,4,Taste,口感,Product / Sourcing
135970,freshness_quality,neutral,the pulp floating in the bottle,B005SPQENY,Tea,4,Freshness & quality,新鲜度与品质,Supply chain / QC
181932,price_value,positive,The price was good,B0009F3POY,Tea,2,Price & value,价格与性价比,Pricing
181932,health_wellness,negative,did not do anything for me,B0009F3POY,Tea,2,Health & wellness,健康功效,Marketing claims
181932,taste,negative,taste of tea is not too good,B0009F3POY,Tea,2,Taste,口感,Product / Sourcing
43729,taste,positive,"Good, but a bit weak",B001EQ5JLE,Tea,5,Taste,口感,Product / Sourcing
43729,packaging,positive,pyramid shaped bags,B001EQ5JLE,Tea,5,Packaging,包装,Packaging
181920,delivery,negative,turned out it was only one pack,B0009F3POY,Tea,1,Delivery,物流,Logistics
521398,taste,negative,"bit too ""sour fruity"" for me",B007JFXWRC,Tea,3,Taste,口感,Product / Sourcing
521398,brewing_convenience,positive,"tea bags worked nicely in their ""Pyramid"" format",B007JFXWRC,Tea,3,Brewing & convenience,冲泡与便利,Product / Content
521398,caffeine_energy,positive,no caffeine,B007JFXWRC,Tea,3,Caffeine & energy,咖啡因与提神,Product / Content
33937,taste,negative,this is the worst thing ever i ever tasted!,B00412W76S,Tea,1,Taste,口感,Product / Sourcing
33937,aroma,negative,stinks up your place,B00412W76S,Tea,1,Aroma,香气,Product / Sourcing
521493,taste,positive,blackberry flavor is the most powerful,B007JFXWRC,Tea,5,Taste,口感,Product / Sourcing
521493,brewing_convenience,positive,takes about 3 minutes to full infuse,B007JFXWRC,Tea,5,Brewing & convenience,冲泡与便利,Product / Content
521493,packaging,positive,pyramid design of the tea bag,B007JFXWRC,Tea,5,Packaging,包装,Packaging
181952,taste,positive,The tea tastes great,B0009F3POY,Tea,2,Taste,口感,Product / Sourcing
181952,health_wellness,negative,didn't increase my breast milk,B0009F3POY,Tea,2,Health & wellness,健康功效,Marketing claims
136108,taste,positive,Succulently sweet,B005SPQENY,Tea,5,Taste,口感,Product / Sourcing
136108,freshness_quality,neutral,fruit pulp that is included,B005SPQENY,Tea,5,Freshness & quality,新鲜度与品质,Supply chain / QC
181940,taste,negative,This tastes so bad,B0009F3POY,Tea,1,Taste,口感,Product / Sourcing
521405,aroma,positive,vanilla adds a bright aroma,B007JFXWRC,Tea,4,Aroma,香气,Product / Sourcing
521405,taste,positive,taste is not overpowering,B007JFXWRC,Tea,4,Taste,口感,Product / Sourcing
521405,caffeine_energy,positive,lack of caffeination,B007JFXWRC,Tea,4,Caffeine & energy,咖啡因与提神,Product / Content
441855,health_wellness,positive,calorie count as zero,B004E4HUMY,Tea,3,Health & wellness,健康功效,Marketing claims
441855,taste,neutral,find this concentration to be too sweet,B004E4HUMY,Tea,3,Taste,口感,Product / Sourcing
441855,packaging,positive,"little ""bottles"" of Mio are convenient",B004E4HUMY,Tea,3,Packaging,包装,Packaging
441855,price_value,negative,rather expensive,B004E4HUMY,Tea,3,Price & value,价格与性价比,Pricing
123100,taste,positive,naturally sweet desert tea,B000CQBZOW,Tea,5,Taste,口感,Product / Sourcing
123100,health_wellness,positive,substitute for soda,B000CQBZOW,Tea,5,Health & wellness,健康功效,Marketing claims
222295,taste,negative,"It tasted ""chemically"" Again, just not appealing.",B004E4CCSQ,Tea,1,Taste,口感,Product / Sourcing
222295,packaging,negative,It was hard to appropriately tear the plastic cover off.,B004E4CCSQ,Tea,1,Packaging,包装,Packaging
222295,listing_accuracy,negative,could the manufacturers possibly consider their over-40 customers valuable and print just a little bigger?!,B004E4CCSQ,Tea,1,Listing accuracy,描述相符,Listing / Content
222295,brewing_convenience,negative,squirting the brown liquid into the water was not appetizing.,B004E4CCSQ,Tea,1,Brewing & convenience,冲泡与便利,Product / Content
145574,taste,neutral,get a little bitter if u brew it for a longer time,B003D4F1QS,Tea,4,Taste,口感,Product / Sourcing
145574,price_value,positive,this is a good buy u get awefull lot of amount,B003D4F1QS,Tea,4,Price & value,价格与性价比,Pricing
135997,taste,negative,slimey chunks of aloe are DISGUSTING! Like bits of snot,B005SPQENY,Tea,2,Taste,口感,Product / Sourcing
181974,taste,positive,I loved the way this tea tastes,B0009F3POY,Tea,3,Taste,口感,Product / Sourcing
181974,health_wellness,neutral,my milk production stayed consistent while I used it,B0009F3POY,Tea,3,Health & wellness,健康功效,Marketing claims
33929,taste,negative,Valerian tea tastes so horrible I can't even force myself,B00412W76S,Tea,1,Taste,口感,Product / Sourcing
33929,health_wellness,negative,"It has a real earthy, almost ""manure"" like taste.",B00412W76S,Tea,1,Health & wellness,健康功效,Marketing claims
441953,taste,positive,The taste of this drink is very close to iced tea,B004E4HUMY,Tea,4,Taste,口感,Product / Sourcing
62042,taste,positive,one of the best chai blends available,B000CQG8K8,Tea,4,Taste,口感,Product / Sourcing
62042,aroma,positive,refreshing aroma wafting from my cup is so delightful,B000CQG8K8,Tea,4,Aroma,香气,Product / Sourcing
62042,price_value,positive,Terrific chai at a great price!,B000CQG8K8,Tea,4,Price & value,价格与性价比,Pricing
62108,delivery,positive,Amazon makes it easy to keep a steady supply.,B000CQG8K8,Tea,5,Delivery,物流,Logistics
135963,taste,positive,chunks of aloe vera are big enough to chew and add both texture,B005SPQENY,Tea,4,Taste,口感,Product / Sourcing
135963,health_wellness,neutral,in a drink that aims to be healthy,B005SPQENY,Tea,4,Health & wellness,健康功效,Marketing claims
538212,taste,positive,It's a tasty chai that's heavier on clove and cardamom,B0061IUIDY,Tea,4,Taste,口感,Product / Sourcing
458701,taste,positive,The tea... was delicate and tasty.,B000FFIL92,Tea,5,Taste,口感,Product / Sourcing
458701,packaging,positive,presentation was still spectacular,B000FFIL92,Tea,5,Packaging,包装,Packaging
441944,taste,negative,"A somewhat pleasant bitter-sweet, vaguely hinting at... burned sugar.",B004E4HUMY,Tea,2,Taste,口感,Product / Sourcing
441944,health_wellness,negative,this product contains mostly... nothing worth talking about.,B004E4HUMY,Tea,2,Health & wellness,健康功效,Marketing claims
62036,caffeine_energy,neutral,It probably needs a little bit more caffeine & spice kick,B000CQG8K8,Tea,4,Caffeine & energy,咖啡因与提神,Product / Content
62036,taste,positive,Good stuff but not great. Better than the other brands,B000CQG8K8,Tea,4,Taste,口感,Product / Sourcing
458491,packaging,positive,"Small pot, but the bloom fills up the pot",B000FFIL92,Tea,5,Packaging,包装,Packaging
441787,taste,positive,MIO Sweet Tea... is a pleasant tasting liquid with good sweet tea flavor,B004E4HUMY,Tea,5,Taste,口感,Product / Sourcing
441787,health_wellness,positive,there's zero calories per serving!,B004E4HUMY,Tea,5,Health & wellness,健康功效,Marketing claims
441787,brewing_convenience,positive,slip it in to your drink without having to make an entire pitcher,B004E4HUMY,Tea,5,Brewing & convenience,冲泡与便利,Product / Content
123095,taste,positive,This is the best tea EVER! The flavor is fabulous,B000CQBZOW,Tea,5,Taste,口感,Product / Sourcing
33943,aroma,negative,This tea smells so bad I cant get the smell outta my house.,B00412W76S,Tea,1,Aroma,香气,Product / Sourcing
33943,health_wellness,positive,The affects work ok,B00412W76S,Tea,1,Health & wellness,健康功效,Marketing claims
135952,taste,neutral,passion fruit taste and the aloe vera pulp were the positives... cane sugar amount was the negative.,B005SPQENY,Tea,3,Taste,口感,Product / Sourcing
43858,aroma,negative,added chemical scent destroyed the original smell.,B001EQ5JLE,Tea,1,Aroma,香气,Product / Sourcing
43858,taste,negative,it leaves bitter taste all over.,B001EQ5JLE,Tea,1,Taste,口感,Product / Sourcing
43883,taste,positive,PG tips by far makes the best cup of tea,B001EQ5JLE,Tea,5,Taste,口感,Product / Sourcing
43883,brewing_convenience,positive,"with the convenience of bags, buy this.",B001EQ5JLE,Tea,5,Brewing & convenience,冲泡与便利,Product / Content
37287,taste,neutral,Preferred tea is Bigelow without any doubt,B003CK2BQG,Tea,3,Taste,口感,Product / Sourcing
441898,taste,negative,tastes too artificial for me,B004E4HUMY,Tea,3,Taste,口感,Product / Sourcing
441898,brewing_convenience,positive,Sure it's convenient and adds flavor,B004E4HUMY,Tea,3,Brewing & convenience,冲泡与便利,Product / Content
43780,taste,positive,I couldn't find any in US that seemed strong enough,B001EQ5JLE,Tea,5,Taste,口感,Product / Sourcing
145467,price_value,positive,This tea is a great price,B003D4F1QS,Tea,5,Price & value,价格与性价比,Pricing
145467,taste,positive,is very good,B003D4F1QS,Tea,5,Taste,口感,Product / Sourcing
62008,taste,positive,the flavor and the fragrance are intense,B000CQG8K8,Tea,5,Taste,口感,Product / Sourcing
62008,aroma,positive,the fragrance are intense,B000CQG8K8,Tea,5,Aroma,香气,Product / Sourcing
222357,taste,positive,adequately gave me as much flavor,B004E4CCSQ,Tea,4,Taste,口感,Product / Sourcing
222357,price_value,negative,ends up not being a very economical addition,B004E4CCSQ,Tea,4,Price & value,价格与性价比,Pricing
222357,brewing_convenience,positive,easier than having to shake up powdery products,B004E4CCSQ,Tea,4,Brewing & convenience,冲泡与便利,Product / Content
182020,health_wellness,positive,improve my production,B0009F3POY,Tea,5,Health & wellness,健康功效,Marketing claims
135934,freshness_quality,negative,jelly-like matter floating in the bottle,B005SPQENY,Tea,3,Freshness & quality,新鲜度与品质,Supply chain / QC
135934,taste,negative,passion fruit overwhelming the drink,B005SPQENY,Tea,3,Taste,口感,Product / Sourcing
135966,taste,positive,The taste is a pleasant fruity flavor,B005SPQENY,Tea,3,Taste,口感,Product / Sourcing
135966,health_wellness,negative,There is a lot of sugar in this small drink,B005SPQENY,Tea,3,Health & wellness,健康功效,Marketing claims
135966,freshness_quality,negative,bits of aloe are a little odd and... slimy,B005SPQENY,Tea,3,Freshness & quality,新鲜度与品质,Supply chain / QC
37222,freshness_quality,positive,Stash PGT's leaves actually look like leaves,B003CK2BQG,Tea,3,Freshness & quality,新鲜度与品质,Supply chain / QC
37222,taste,positive,these teas are just super tasty,B003CK2BQG,Tea,3,Taste,口感,Product / Sourcing
37222,brewing_convenience,positive,I also cold brew my tea,B003CK2BQG,Tea,3,Brewing & convenience,冲泡与便利,Product / Content
441894,health_wellness,negative,long list of ingredients in the product,B004E4HUMY,Tea,2,Health & wellness,健康功效,Marketing claims
441894,taste,negative,It really did taste too artificial,B004E4HUMY,Tea,2,Taste,口感,Product / Sourcing
538211,taste,negative,bland cup of tea,B0061IUIDY,Tea,3,Taste,口感,Product / Sourcing
70124,taste,neutral,"The flavor is light, not bold",B007I7Z3Z0,Tea,3,Taste,口感,Product / Sourcing
70124,packaging,positive,The packaging is very nice,B007I7Z3Z0,Tea,3,Packaging,包装,Packaging
136028,taste,negative,watered-down weak tasting tea,B005SPQENY,Tea,1,Taste,口感,Product / Sourcing
136028,price_value,negative,cheaply made... sold with a premium price tag,B005SPQENY,Tea,1,Price & value,价格与性价比,Pricing
136028,listing_accuracy,negative,labeled as 1 1/2 servings,B005SPQENY,Tea,1,Listing accuracy,描述相符,Listing / Content
145565,delivery,negative,only 93 of 100 tea bags,B003D4F1QS,Tea,3,Delivery,物流,Logistics
145565,taste,negative,almost without any Jasmin taste,B003D4F1QS,Tea,3,Taste,口感,Product / Sourcing
145565,packaging,negative,hastily packed in a 6X6x6 shipping box,B003D4F1QS,Tea,3,Packaging,包装,Packaging
136086,taste,positive,overall taste. The flavor does not hold back,B005SPQENY,Tea,5,Taste,口感,Product / Sourcing
538267,aroma,neutral,very strong scent of cloves,B0061IUIDY,Tea,3,Aroma,香气,Product / Sourcing
538267,taste,negative,tea flavor was largely overwhelmed by the spices,B0061IUIDY,Tea,3,Taste,口感,Product / Sourcing
458650,packaging,negative,handcrafted mahogany bamboo chest... crudely made,B000FFIL92,Tea,3,Packaging,包装,Packaging
458650,freshness_quality,positive,The tea buds are nicely hand sewn,B000FFIL92,Tea,3,Freshness & quality,新鲜度与品质,Supply chain / QC
458650,price_value,positive,"Overall, the price is about right",B000FFIL92,Tea,3,Price & value,价格与性价比,Pricing
538398,aroma,positive,gives Earl Grey its flavor and aroma of distinction,B0061IUIDY,Tea,4,Aroma,香气,Product / Sourcing
538398,taste,positive,"Don't get me wrong, I like it.",B0061IUIDY,Tea,4,Taste,口感,Product / Sourcing
222464,taste,positive,MIO Liquid Peach Tea has a great taste,B004E4CCSQ,Tea,5,Taste,口感,Product / Sourcing
222464,packaging,positive,The bottles are small so you can toss one in a backpack,B004E4CCSQ,Tea,5,Packaging,包装,Packaging
458492,packaging,positive,It is elegant and practical.,B000FFIL92,Tea,5,Packaging,包装,Packaging
181867,taste,positive,The licorce taste is there but its very subtle!,B0009F3POY,Tea,5,Taste,口感,Product / Sourcing
181867,price_value,positive,Its well worth it in the long run,B0009F3POY,Tea,5,Price & value,价格与性价比,Pricing
521413,taste,neutral,The predominate flavor that comes through is Hibiscus,B007JFXWRC,Tea,3,Taste,口感,Product / Sourcing
521413,brewing_convenience,neutral,does not appear to be a recyclable material,B007JFXWRC,Tea,3,Brewing & convenience,冲泡与便利,Product / Content
521413,packaging,neutral,There is no indication on the package,B007JFXWRC,Tea,3,Packaging,包装,Packaging
136068,taste,negative,The taste was pretty sweet at first... aftertaste sticks with you,B005SPQENY,Tea,2,Taste,口感,Product / Sourcing
136068,listing_accuracy,negative,the bottle isn't one serving - it's 1.4375 servings,B005SPQENY,Tea,2,Listing accuracy,描述相符,Listing / Content
43901,taste,positive,A good strong tea.,B001EQ5JLE,Tea,5,Taste,口感,Product / Sourcing
43901,price_value,positive,for the price it is a treasure.,B001EQ5JLE,Tea,5,Price & value,价格与性价比,Pricing
521503,taste,positive,Blackberry Vanilla tea is a beautiful purple color,B007JFXWRC,Tea,4,Taste,口感,Product / Sourcing
521503,caffeine_energy,positive,naturally decaf tea,B007JFXWRC,Tea,4,Caffeine & energy,咖啡因与提神,Product / Content
521503,brewing_convenience,positive,pyramid shape of the tea bag allows those pieces more room,B007JFXWRC,Tea,4,Brewing & convenience,冲泡与便利,Product / Content
123173,taste,positive,The flavors are so sweet,B000CQBZOW,Tea,5,Taste,口感,Product / Sourcing
123173,caffeine_energy,positive,able to give up coffee for this one!,B000CQBZOW,Tea,5,Caffeine & energy,咖啡因与提神,Product / Content
123173,price_value,positive,This is a great price too,B000CQBZOW,Tea,5,Price & value,价格与性价比,Pricing
182016,health_wellness,positive,Muy recomendado para quién necesite producir más leche,B0009F3POY,Tea,5,Health & wellness,健康功效,Marketing claims
145763,delivery,negative,shorted 1 bag in order,B003D4F1QS,Tea,2,Delivery,物流,Logistics
145612,taste,positive,Stash Black Peach tea is the best peach tea,B003D4F1QS,Tea,5,Taste,口感,Product / Sourcing
145612,price_value,positive,this was a better deal.,B003D4F1QS,Tea,5,Price & value,价格与性价比,Pricing
521366,taste,positive,sweet blackberry taste that is refreshing and not overpowering.,B007JFXWRC,Tea,4,Taste,口感,Product / Sourcing
521366,aroma,positive,I smell a hint of vanilla as I drink it.,B007JFXWRC,Tea,4,Aroma,香气,Product / Sourcing
521366,brewing_convenience,positive,pyramid shape that helps it to infuse but with no leaking.,B007JFXWRC,Tea,4,Brewing & convenience,冲泡与便利,Product / Content
136010,taste,negative,reminded me of a tea that was made with hard water.,B005SPQENY,Tea,3,Taste,口感,Product / Sourcing
222395,aroma,negative,Peach Tea MiO smells like chlorine,B004E4CCSQ,Tea,1,Aroma,香气,Product / Sourcing
458722,packaging,negative,The packaging was very musty smelling!,B000FFIL92,Tea,1,Packaging,包装,Packaging
458722,taste,negative,The tea itself had a terrible taste!,B000FFIL92,Tea,1,Taste,口感,Product / Sourcing
70315,taste,negative,honey was so prominent and overly sweet... slight chemical tinge,B007I7Z3Z0,Tea,2,Taste,口感,Product / Sourcing
70315,aroma,negative,Even the fragrance was sickening and overpowering.,B007I7Z3Z0,Tea,2,Aroma,香气,Product / Sourcing
70315,brewing_convenience,positive,liked the convenience of the stix,B007I7Z3Z0,Tea,2,Brewing & convenience,冲泡与便利,Product / Content
441876,taste,negative,It tasted like pure sugar water with a weird aftertaste,B004E4HUMY,Tea,1,Taste,口感,Product / Sourcing
441876,health_wellness,negative,"main ingredients are chemicals, ie propylene glycol.",B004E4HUMY,Tea,1,Health & wellness,健康功效,Marketing claims
441876,price_value,negative,hate to spend $12+ of my money for NOTHING,B004E4HUMY,Tea,1,Price & value,价格与性价比,Pricing
538171,taste,neutral,"I'm not a fan of English Black Tea, but this will satisfy your needs",B0061IUIDY,Tea,4,Taste,口感,Product / Sourcing
538171,packaging,positive,Good packaging.,B0061IUIDY,Tea,4,Packaging,包装,Packaging
441893,taste,negative,tasted like watered-down day old McDonald's sweet tea.,B004E4HUMY,Tea,2,Taste,口感,Product / Sourcing
136061,aroma,positive,"it smelled good, like I would expect green tea",B005SPQENY,Tea,5,Aroma,香气,Product / Sourcing
136061,taste,positive,tasted good... I really enjoyed it.,B005SPQENY,Tea,5,Taste,口感,Product / Sourcing
62087,taste,positive,it is even better than starbucks,B000CQG8K8,Tea,5,Taste,口感,Product / Sourcing
458658,packaging,negative,one came with no packing around it,B000FFIL92,Tea,1,Packaging,包装,Packaging
458658,delivery,negative,the pot was broken,B000FFIL92,Tea,1,Delivery,物流,Logistics
458658,price_value,negative,no returns on this item,B000FFIL92,Tea,1,Price & value,价格与性价比,Pricing
441839,taste,positive,They give good flavor,B004E4HUMY,Tea,4,Taste,口感,Product / Sourcing
441839,health_wellness,neutral,would rather not have artificial sweeteners,B004E4HUMY,Tea,4,Health & wellness,健康功效,Marketing claims
441839,price_value,positive,would definitely buy again,B004E4HUMY,Tea,4,Price & value,价格与性价比,Pricing
538202,taste,positive,very pungent and flavorful,B0061IUIDY,Tea,4,Taste,口感,Product / Sourcing
538202,caffeine_energy,positive,keep you awake for quite a while,B0061IUIDY,Tea,4,Caffeine & energy,咖啡因与提神,Product / Content
538202,aroma,positive,fill the whole house with a very soothing aroma,B0061IUIDY,Tea,4,Aroma,香气,Product / Sourcing
136043,taste,positive,the green tea taste is mild and there is a really nice passion fruit flavor,B005SPQENY,Tea,2,Taste,口感,Product / Sourcing
136043,freshness_quality,negative,gives the strong impression that something inside went bad,B005SPQENY,Tea,2,Freshness & quality,新鲜度与品质,Supply chain / QC
33968,health_wellness,positive,Helps slow breast milk production,B00412W76S,Tea,5,Health & wellness,健康功效,Marketing claims
222270,taste,positive,make your water flavor as weak or strong as you would like,B004E4CCSQ,Tea,5,Taste,口感,Product / Sourcing
222270,brewing_convenience,positive,What an easy way to get more water into your life,B004E4CCSQ,Tea,5,Brewing & convenience,冲泡与便利,Product / Content
222270,price_value,positive,at a much more cost effective manner,B004E4CCSQ,Tea,5,Price & value,价格与性价比,Pricing
229995,taste,positive,The tea is strong and very green in color,B000WB1YSE,Tea,5,Taste,口感,Product / Sourcing
229995,price_value,positive,Amazon is offering it at an amazing price,B000WB1YSE,Tea,5,Price & value,价格与性价比,Pricing
62021,taste,positive,great blend of spicy flavors,B000CQG8K8,Tea,5,Taste,口感,Product / Sourcing
62021,caffeine_energy,positive,"invigorating (yes, this is black tea)",B000CQG8K8,Tea,5,Caffeine & energy,咖啡因与提神,Product / Content
538407,taste,negative,It has no flavor!,B0061IUIDY,Tea,1,Taste,口感,Product / Sourcing
37190,taste,positive,really like the flavor,B003CK2BQG,Tea,5,Taste,口感,Product / Sourcing
37190,caffeine_energy,neutral,"does have some caffeine, we drink it only in the morning",B003CK2BQG,Tea,5,Caffeine & energy,咖啡因与提神,Product / Content
538323,taste,positive,less bitter than some other Earl Greys,B0061IUIDY,Tea,4,Taste,口感,Product / Sourcing
538323,aroma,positive,Great Aroma,B0061IUIDY,Tea,4,Aroma,香气,Product / Sourcing
70345,caffeine_energy,neutral,trying to lower their caffeine intake,B007I7Z3Z0,Tea,1,Caffeine & energy,咖啡因与提神,Product / Content
70345,taste,negative,tastes like mango flavored medicine,B007I7Z3Z0,Tea,1,Taste,口感,Product / Sourcing
441934,taste,negative,The flavor just seems off to me,B004E4HUMY,Tea,3,Taste,口感,Product / Sourcing
441934,price_value,negative,cheaper where I purchase them in bulk,B004E4HUMY,Tea,3,Price & value,价格与性价比,Pricing
222386,taste,positive,Flavors are great,B004E4CCSQ,Tea,3,Taste,口感,Product / Sourcing
222386,health_wellness,negative,my mouth gets coated & I feel incredibly thirsty,B004E4CCSQ,Tea,3,Health & wellness,健康功效,Marketing claims
441895,packaging,negative,spill-free pop-top LEAKS,B004E4HUMY,Tea,2,Packaging,包装,Packaging
441895,taste,negative,The flavor was very inconsistent,B004E4HUMY,Tea,2,Taste,口感,Product / Sourcing
521411,taste,neutral,flavor is mild and there are only 18 bags,B007JFXWRC,Tea,5,Taste,口感,Product / Sourcing
521411,price_value,neutral,price is slightly lower at the store,B007JFXWRC,Tea,5,Price & value,价格与性价比,Pricing
521411,caffeine_energy,positive,"caffeine free, which is a plus for night time use",B007JFXWRC,Tea,5,Caffeine & energy,咖啡因与提神,Product / Content
181998,taste,negative,"tastes so, SO bad!",B0009F3POY,Tea,4,Taste,口感,Product / Sourcing
181998,health_wellness,positive,works as it's supposed to,B0009F3POY,Tea,4,Health & wellness,健康功效,Marketing claims
230051,taste,positive,"Tastes very fresh, the color is very green",B000WB1YSE,Tea,5,Taste,口感,Product / Sourcing
230051,brewing_convenience,positive,"quick, single serving, easy to clean",B000WB1YSE,Tea,5,Brewing & convenience,冲泡与便利,Product / Content
136101,taste,positive,"sweet, but not an overpowering sickly sweet",B005SPQENY,Tea,4,Taste,口感,Product / Sourcing
136106,taste,positive,"exotic, alluring, fruity flavor",B005SPQENY,Tea,4,Taste,口感,Product / Sourcing
136106,packaging,negative,comes in a plastic bottle. I prefer glass,B005SPQENY,Tea,4,Packaging,包装,Packaging
230038,taste,negative,the tea itself is sadly incipid,B000WB1YSE,Tea,2,Taste,口感,Product / Sourcing
230038,price_value,negative,price signifly less than this stuff,B000WB1YSE,Tea,2,Price & value,价格与性价比,Pricing
230038,packaging,negative,excess packing. Let's not forget nylon,B000WB1YSE,Tea,2,Packaging,包装,Packaging
521473,taste,positive,The dominant flavor is the blackberry,B007JFXWRC,Tea,4,Taste,口感,Product / Sourcing
521473,aroma,positive,release the full flavors of the tea,B007JFXWRC,Tea,4,Aroma,香气,Product / Sourcing
521473,brewing_convenience,positive,pyramid bag design most closely mimics an infuser,B007JFXWRC,Tea,4,Brewing & convenience,冲泡与便利,Product / Content
521473,packaging,positive,The pyramid bag design,B007JFXWRC,Tea,4,Packaging,包装,Packaging
538175,taste,positive,a bit richer,B0061IUIDY,Tea,5,Taste,口感,Product / Sourcing
538175,price_value,neutral,cost and what I judge as only marginally better,B0061IUIDY,Tea,5,Price & value,价格与性价比,Pricing
538175,health_wellness,positive,claim for being ethically produced,B0061IUIDY,Tea,5,Health & wellness,健康功效,Marketing claims
145544,packaging,negative,The packaging does not match what is show,B003D4F1QS,Tea,2,Packaging,包装,Packaging
145544,price_value,negative,I ordered these as a subscription which I am now cancelling,B003D4F1QS,Tea,2,Price & value,价格与性价比,Pricing
441798,taste,negative,funky fake tea taste,B004E4HUMY,Tea,2,Taste,口感,Product / Sourcing
441798,brewing_convenience,negative,can't get the hang of this MIO liquid coloring,B004E4HUMY,Tea,2,Brewing & convenience,冲泡与便利,Product / Content
181879,health_wellness,positive,Helpful Lactation Aid,B0009F3POY,Tea,5,Health & wellness,健康功效,Marketing claims
181879,brewing_convenience,positive,follow the brewing directions that require seeping,B0009F3POY,Tea,5,Brewing & convenience,冲泡与便利,Product / Content
230067,taste,positive,I love this green tea,B000WB1YSE,Tea,5,Taste,口感,Product / Sourcing
230067,brewing_convenience,positive,make iced tea easily by steeping,B000WB1YSE,Tea,5,Brewing & convenience,冲泡与便利,Product / Content
123090,taste,positive,very sweet and strong tea,B000CQBZOW,Tea,5,Taste,口感,Product / Sourcing
123090,delivery,positive,have to buy online,B000CQBZOW,Tea,5,Delivery,物流,Logistics
145712,taste,positive,fresh light tea for summer,B003D4F1QS,Tea,5,Taste,口感,Product / Sourcing
145712,caffeine_energy,neutral,decaf white tea,B003D4F1QS,Tea,5,Caffeine & energy,咖啡因与提神,Product / Content
145712,price_value,positive,Good price,B003D4F1QS,Tea,5,Price & value,价格与性价比,Pricing
145712,delivery,positive,fast delivery,B003D4F1QS,Tea,5,Delivery,物流,Logistics
123083,taste,positive,Intense licorice flavor and is naturally sweet,B000CQBZOW,Tea,5,Taste,口感,Product / Sourcing
123083,health_wellness,positive,without the calories,B000CQBZOW,Tea,5,Health & wellness,健康功效,Marketing claims
61972,taste,positive,This makes the best iced tea ever,B000CQG8K8,Tea,5,Taste,口感,Product / Sourcing
181838,health_wellness,negative,saw absolutely no increase in my output,B0009F3POY,Tea,1,Health & wellness,健康功效,Marketing claims
123115,taste,positive,super yummy sweet taste!,B000CQBZOW,Tea,5,Taste,口感,Product / Sourcing
123115,price_value,positive,Subscribe and Save is REALLY a great deal!,B000CQBZOW,Tea,5,Price & value,价格与性价比,Pricing
123115,health_wellness,positive,gives a really sweet flavor with NO sugar or carbohydrates,B000CQBZOW,Tea,5,Health & wellness,健康功效,Marketing claims
123115,caffeine_energy,neutral,NO caffeine,B000CQBZOW,Tea,5,Caffeine & energy,咖啡因与提神,Product / Content
441883,aroma,negative,chemical smell that emanates from the tip of a Sharpie,B004E4HUMY,Tea,1,Aroma,香气,Product / Sourcing
441883,taste,negative,failed to taste like sweet tea,B004E4HUMY,Tea,1,Taste,口感,Product / Sourcing
538420,taste,positive,"nice, mild flavor, but didn't tase ""weak""",B0061IUIDY,Tea,4,Taste,口感,Product / Sourcing
538420,freshness_quality,positive,impressed with the quality of their offering,B0061IUIDY,Tea,4,Freshness & quality,新鲜度与品质,Supply chain / QC
538420,health_wellness,positive,part of the Ethical Tea Partnership,B0061IUIDY,Tea,4,Health & wellness,健康功效,Marketing claims
145848,taste,positive,definitely taste the wintergreen!,B003D4F1QS,Tea,4,Taste,口感,Product / Sourcing
145848,price_value,positive,boxes of 100 are such a great value,B003D4F1QS,Tea,4,Price & value,价格与性价比,Pricing
145848,listing_accuracy,negative,did not read the description carefully,B003D4F1QS,Tea,4,Listing accuracy,描述相符,Listing / Content
458689,taste,positive,9 varieties of tea that come in the tea set are fantastic,B000FFIL92,Tea,4,Taste,口感,Product / Sourcing
458689,packaging,positive,bamboo box that the set comes in is very handy,B000FFIL92,Tea,4,Packaging,包装,Packaging
458689,price_value,positive,"deal I got on Amazon, I was able to buy two",B000FFIL92,Tea,4,Price & value,价格与性价比,Pricing
43757,taste,positive,"It's rich, full bodied. Not watery at all.",B001EQ5JLE,Tea,5,Taste,口感,Product / Sourcing
458671,packaging,positive,Nice packaging,B000FFIL92,Tea,3,Packaging,包装,Packaging
458671,brewing_convenience,negative,really need HOT water to make these open up,B000FFIL92,Tea,3,Brewing & convenience,冲泡与便利,Product / Content
33964,taste,positive,Easy on the palette and easy on the digestion track.,B00412W76S,Tea,5,Taste,口感,Product / Sourcing
33964,freshness_quality,positive,Very high quality tea,B00412W76S,Tea,5,Freshness & quality,新鲜度与品质,Supply chain / QC
33964,health_wellness,positive,easy on the digestion track.,B00412W76S,Tea,5,Health & wellness,健康功效,Marketing claims
70325,taste,negative,the taste was artificial,B007I7Z3Z0,Tea,3,Taste,口感,Product / Sourcing
62046,taste,positive,strong bergamot flavor,B000CQG8K8,Tea,4,Taste,口感,Product / Sourcing
62046,price_value,positive,"Good, cheap, hearty",B000CQG8K8,Tea,4,Price & value,价格与性价比,Pricing
145509,taste,positive,Stash chai tea is tasty,B003D4F1QS,Tea,4,Taste,口感,Product / Sourcing
145509,packaging,positive,dark red bags go well with my colors,B003D4F1QS,Tea,4,Packaging,包装,Packaging
145509,price_value,positive,Good value,B003D4F1QS,Tea,4,Price & value,价格与性价比,Pricing
145509,delivery,positive,arrived together within a week,B003D4F1QS,Tea,4,Delivery,物流,Logistics
43843,taste,positive,I like my tea very strong,B001EQ5JLE,Tea,4,Taste,口感,Product / Sourcing
43843,brewing_convenience,positive,one bag will make three cups,B001EQ5JLE,Tea,4,Brewing & convenience,冲泡与便利,Product / Content
521428,taste,positive,has a very interesting fruity flavor,B007JFXWRC,Tea,4,Taste,口感,Product / Sourcing
521428,brewing_convenience,positive,excellent iced and the tart flavor,B007JFXWRC,Tea,4,Brewing & convenience,冲泡与便利,Product / Content
62110,taste,neutral,clove dominates,B000CQG8K8,Tea,3,Taste,口感,Product / Sourcing
33900,aroma,negative,smell reminded me of fish food pellets,B00412W76S,Tea,1,Aroma,香气,Product / Sourcing
33900,taste,negative,"had a fishy taste, too",B00412W76S,Tea,1,Taste,口感,Product / Sourcing
33900,price_value,negative,loose nettles from somewhere else for a lot cheaper,B00412W76S,Tea,1,Price & value,价格与性价比,Pricing
181937,health_wellness,negative,did see any improvement unfortunatedly,B0009F3POY,Tea,2,Health & wellness,健康功效,Marketing claims
230040,taste,negative,Very grassy in flavor and watered-down,B000WB1YSE,Tea,2,Taste,口感,Product / Sourcing
230040,freshness_quality,negative,NOT high quality green tea,B000WB1YSE,Tea,2,Freshness & quality,新鲜度与品质,Supply chain / QC
43924,taste,positive,"sweetener or any other alteration, so I prefer this tea",B001EQ5JLE,Tea,5,Taste,口感,Product / Sourcing
43924,packaging,positive,The pyramid teabag is very nice,B001EQ5JLE,Tea,5,Packaging,包装,Packaging
43924,brewing_convenience,positive,makes for a ... much better steep,B001EQ5JLE,Tea,5,Brewing & convenience,冲泡与便利,Product / Content
37336,taste,positive,same nutty flavor of the good japanese green tea,B003CK2BQG,Tea,4,Taste,口感,Product / Sourcing
37336,packaging,negative,bags were fragile and leaked tea leaf,B003CK2BQG,Tea,4,Packaging,包装,Packaging
37336,caffeine_energy,positive,highest level of anti oxidents (and Caffeine),B003CK2BQG,Tea,4,Caffeine & energy,咖啡因与提神,Product / Content
70343,taste,negative,Maybe it was funky artificial mango pineapple taste?,B007I7Z3Z0,Tea,1,Taste,口感,Product / Sourcing
37238,taste,positive,Delicious stuff. No Joke.,B003CK2BQG,Tea,5,Taste,口感,Product / Sourcing
37238,health_wellness,positive,blend of GREEN and WHITE tea is AMAZING FOR YOUR HEALTH!!,B003CK2BQG,Tea,5,Health & wellness,健康功效,Marketing claims
37238,caffeine_energy,positive,feel 100% more ALIVE lol,B003CK2BQG,Tea,5,Caffeine & energy,咖啡因与提神,Product / Content
43803,taste,positive,finding 'real' tea after moving back stateside,B001EQ5JLE,Tea,5,Taste,口感,Product / Sourcing
43803,delivery,positive,available on Amazon,B001EQ5JLE,Tea,5,Delivery,物流,Logistics
181901,taste,positive,I really love the taste!,B0009F3POY,Tea,5,Taste,口感,Product / Sourcing
181901,health_wellness,positive,helps increase production,B0009F3POY,Tea,5,Health & wellness,健康功效,Marketing claims
135992,taste,positive,The flavor was good,B005SPQENY,Tea,2,Taste,口感,Product / Sourcing
135992,freshness_quality,negative,far too much pulpy material,B005SPQENY,Tea,2,Freshness & quality,新鲜度与品质,Supply chain / QC
222479,taste,negative,"tastes very artificial, and not at all pleasing",B004E4CCSQ,Tea,2,Taste,口感,Product / Sourcing
222479,brewing_convenience,positive,drink concentrate that you can add to water anywhere,B004E4CCSQ,Tea,2,Brewing & convenience,冲泡与便利,Product / Content
62068,taste,negative,found very little peach flavor,B000CQG8K8,Tea,2,Taste,口感,Product / Sourcing
441850,taste,negative,this tastes terrible,B004E4HUMY,Tea,3,Taste,口感,Product / Sourcing
441850,health_wellness,positive,It has -0- calories,B004E4HUMY,Tea,3,Health & wellness,健康功效,Marketing claims
538185,taste,neutral,It was kind of strong for my taste,B0061IUIDY,Tea,3,Taste,口感,Product / Sourcing
145861,taste,positive,great flavor,B003D4F1QS,Tea,5,Taste,口感,Product / Sourcing
145861,price_value,positive,at a good price,B003D4F1QS,Tea,5,Price & value,价格与性价比,Pricing
145861,caffeine_energy,positive,No caffeine,B003D4F1QS,Tea,5,Caffeine & energy,咖啡因与提神,Product / Content
145861,health_wellness,positive,"No caffeine, no sugar",B003D4F1QS,Tea,5,Health & wellness,健康功效,Marketing claims
145861,packaging,positive,Handy in the foil packs,B003D4F1QS,Tea,5,Packaging,包装,Packaging
123157,taste,neutral,"tasting strongly of ginger, and full of flavorings",B000CQBZOW,Tea,3,Taste,口感,Product / Sourcing
123157,freshness_quality,neutral,"commercial highly processed, non-organic teas",B000CQBZOW,Tea,3,Freshness & quality,新鲜度与品质,Supply chain / QC
222346,taste,positive,"The flavor is quite nice, sweetened",B004E4CCSQ,Tea,5,Taste,口感,Product / Sourcing
222346,brewing_convenience,positive,A bitty squirt... into a glass of water and voila!,B004E4CCSQ,Tea,5,Brewing & convenience,冲泡与便利,Product / Content
521458,taste,positive,strong real blackberry flavor,B007JFXWRC,Tea,5,Taste,口感,Product / Sourcing
538184,taste,positive,"good, well-rounded, mellow English breakfast tea",B0061IUIDY,Tea,4,Taste,口感,Product / Sourcing
538184,packaging,negative,additional packaging of individual foil packets,B0061IUIDY,Tea,4,Packaging,包装,Packaging
538184,price_value,negative,Amazon bulk price is $0.18 per for Higgins & Burke compared with $0.11,B0061IUIDY,Tea,4,Price & value,价格与性价比,Pricing
37350,taste,neutral,not my favorite variation,B003CK2BQG,Tea,3,Taste,口感,Product / Sourcing
37350,brewing_convenience,positive,much better over ice than warm,B003CK2BQG,Tea,3,Brewing & convenience,冲泡与便利,Product / Content
37350,freshness_quality,positive,high quality tea,B003CK2BQG,Tea,3,Freshness & quality,新鲜度与品质,Supply chain / QC
33908,brewing_convenience,positive,easy to use,B00412W76S,Tea,5,Brewing & convenience,冲泡与便利,Product / Content
33908,health_wellness,positive,very beneficial for those times when life gets you out of sync,B00412W76S,Tea,5,Health & wellness,健康功效,Marketing claims
458511,taste,neutral,"tastes pretty good, but no better really than your average box",B000FFIL92,Tea,3,Taste,口感,Product / Sourcing
62103,taste,positive,strong smooth tea with an aromatic bergamot scent and taste,B000CQG8K8,Tea,5,Taste,口感,Product / Sourcing
62103,aroma,positive,aromatic bergamot scent,B000CQG8K8,Tea,5,Aroma,香气,Product / Sourcing
62103,health_wellness,positive,aid in digestion and calm your stomach,B000CQG8K8,Tea,5,Health & wellness,健康功效,Marketing claims
62103,freshness_quality,positive,quality of stash,B000CQG8K8,Tea,5,Freshness & quality,新鲜度与品质,Supply chain / QC
230094,taste,positive,very nice smooth tasting tea,B000WB1YSE,Tea,4,Taste,口感,Product / Sourcing
458718,taste,positive,The tea itself was pretty good,B000FFIL92,Tea,3,Taste,口感,Product / Sourcing
458718,freshness_quality,negative,The flowers didn't always open the way they were supposed to,B000FFIL92,Tea,3,Freshness & quality,新鲜度与品质,Supply chain / QC
441955,taste,positive,MIO Sweet Tea is indeed 'sweet',B004E4HUMY,Tea,4,Taste,口感,Product / Sourcing
123139,taste,negative,"Tasted artificial, weird, unnatural",B000CQBZOW,Tea,2,Taste,口感,Product / Sourcing
123139,aroma,positive,pleasant aroma,B000CQBZOW,Tea,2,Aroma,香气,Product / Sourcing
123139,delivery,neutral,sent it back,B000CQBZOW,Tea,2,Delivery,物流,Logistics
70278,taste,positive,didn't experience an aftertaste at all,B007I7Z3Z0,Tea,5,Taste,口感,Product / Sourcing
62097,taste,neutral,flavor and intensity to be fairly close to my home-made chai,B000CQG8K8,Tea,3,Taste,口感,Product / Sourcing
521362,taste,positive,nice flavor of black tea,B007JFXWRC,Tea,5,Taste,口感,Product / Sourcing
521362,caffeine_energy,positive,caffeine-free herbal,B007JFXWRC,Tea,5,Caffeine & energy,咖啡因与提神,Product / Content
123224,taste,positive,great flavor of pepppermint,B000CQBZOW,Tea,5,Taste,口感,Product / Sourcing
145803,taste,negative,couldn't stand the taste,B003D4F1QS,Tea,1,Taste,口感,Product / Sourcing
145803,health_wellness,positive,health benefits,B003D4F1QS,Tea,1,Health & wellness,健康功效,Marketing claims
230008,taste,positive,best tasting green tea ever without... bitter taste,B000WB1YSE,Tea,5,Taste,口感,Product / Sourcing
230008,freshness_quality,positive,taste is clean & fresh,B000WB1YSE,Tea,5,Freshness & quality,新鲜度与品质,Supply chain / QC
458726,taste,positive,Nice tasting,B000FFIL92,Tea,4,Taste,口感,Product / Sourcing
458726,price_value,positive,"for the price, its a nice variety",B000FFIL92,Tea,4,Price & value,价格与性价比,Pricing
458726,brewing_convenience,negative,"teapot gets extremely hot, too hot to the touch",B000FFIL92,Tea,4,Brewing & convenience,冲泡与便利,Product / Content
34002,price_value,negative,cost of shipping was more than the cost of the tea,B00412W76S,Tea,4,Price & value,价格与性价比,Pricing
34002,delivery,negative,cost of shipping was more than the cost of the tea,B00412W76S,Tea,4,Delivery,物流,Logistics
222505,taste,negative,funky fresh aspartame kinda taste to it,B004E4CCSQ,Tea,3,Taste,口感,Product / Sourcing
222505,health_wellness,negative,give me head aches (allergy to the artificial sweeteners),B004E4CCSQ,Tea,3,Health & wellness,健康功效,Marketing claims
222505,brewing_convenience,positive,keep something portable in a bag,B004E4CCSQ,Tea,3,Brewing & convenience,冲泡与便利,Product / Content
70233,taste,positive,"flavor was excellent, strong, fruity",B007I7Z3Z0,Tea,5,Taste,口感,Product / Sourcing
70233,health_wellness,positive,Fat & Sodium are 0. Sugar only 1g,B007I7Z3Z0,Tea,5,Health & wellness,健康功效,Marketing claims
70233,caffeine_energy,neutral,10mg caffeine if that's an issue for you,B007I7Z3Z0,Tea,5,Caffeine & energy,咖啡因与提神,Product / Content
70233,brewing_convenience,positive,"easily opened individual tube of powder, travel friendly",B007I7Z3Z0,Tea,5,Brewing & convenience,冲泡与便利,Product / Content
135957,taste,positive,Chantea has a really nice taste,B005SPQENY,Tea,4,Taste,口感,Product / Sourcing
135957,health_wellness,neutral,The nutrition isn't too bad (heavy on the sugar),B005SPQENY,Tea,4,Health & wellness,健康功效,Marketing claims
136007,taste,positive,packed with sweet exotic flavor,B005SPQENY,Tea,3,Taste,口感,Product / Sourcing
136007,freshness_quality,neutral,guaranteed a mouthful of fruit viscera,B005SPQENY,Tea,3,Freshness & quality,新鲜度与品质,Supply chain / QC
521363,packaging,positive,pyramid tea bags are quite functional,B007JFXWRC,Tea,5,Packaging,包装,Packaging
521363,aroma,positive,smell the berries and vanilla,B007JFXWRC,Tea,5,Aroma,香气,Product / Sourcing
521363,freshness_quality,positive,real berries,B007JFXWRC,Tea,5,Freshness & quality,新鲜度与品质,Supply chain / QC
521363,taste,positive,tea tastes fairly smooth,B007JFXWRC,Tea,5,Taste,口感,Product / Sourcing
521363,caffeine_energy,positive,fact it is caffeine-free makes this a great tea to drink before sleeping,B007JFXWRC,Tea,5,Caffeine & energy,咖啡因与提神,Product / Content
521363,brewing_convenience,positive,very easy to brew with the pyramid bags,B007JFXWRC,Tea,5,Brewing & convenience,冲泡与便利,Product / Content
33966,price_value,positive,red clover tea is worth my money,B00412W76S,Tea,5,Price & value,价格与性价比,Pricing
61992,taste,positive,truly spicy chai,B000CQG8K8,Tea,4,Taste,口感,Product / Sourcing
61992,health_wellness,positive,without all the sugar and milk,B000CQG8K8,Tea,4,Health & wellness,健康功效,Marketing claims
61992,packaging,positive,in a tea bag,B000CQG8K8,Tea,4,Packaging,包装,Packaging
230032,taste,negative,tastes like dirt to me,B000WB1YSE,Tea,2,Taste,口感,Product / Sourcing
521442,aroma,positive,This tea smells so GOOD brewing!,B007JFXWRC,Tea,4,Aroma,香气,Product / Sourcing
521442,taste,neutral,taste wasn't quite as strong as the smell,B007JFXWRC,Tea,4,Taste,口感,Product / Sourcing
521442,packaging,positive,I love the pyramid bag it comes in!,B007JFXWRC,Tea,4,Packaging,包装,Packaging
521442,brewing_convenience,positive,just brew it for a little longer,B007JFXWRC,Tea,4,Brewing & convenience,冲泡与便利,Product / Content
